"序號","統一編號","公司名稱","公司所在地","代表人","資本額","核准設立日期","核准解散日期"
"1","01863412","千化實業有限公司","新北市土城區廣明街四八巷二號一樓","","1000000","0740429","1030221"
"2","02088712","德利贏精密工業股份有限公司","新北市新莊區化成路29巷64號","","20000000","0741209","1030207"
"3","02629148","煥晟實業有限公司","桃園縣桃園市信光里民生路692號","","5000000","0741007","1030212"
"4","03000428","一大亨企業有限公司","臺北市中正區杭州南路1段61號","","2000000","0591208","1030206"
"5","04231778","港元企業有限公司","臺北市萬華區康定路70號3樓","","5000000","0631017","1030212"
"6","04751968","寬鴻興業有限公司","臺北市松山區富錦街574巷5號","","16000000","0650504","1030214"
"7","04910240","駐學社有限公司","臺北市大安區和平東路2段96巷8號1樓","","5000000","0720114","1030213"
"8","05174296","新晟股份有限公司","新北市三重區仁忠街五三號","","6000000","0710904","1030217"
"9","05642714","廉美清潔有限公司","臺北市松山區基隆路1段32號6樓","","3000000","0740603","1030226"
"10","05644311","紹宇企業有限公司","臺北市文山區羅斯福路5段170巷3弄7號","","2000000","0740716","1030207"
"11","05700713","永喆實業有限公司","臺北市中正區忠孝西路1段41號11樓之17","","5000000","0730510","1030213"
"12","07667922","笳麗花卉有限公司","臺北市士林區社子街33號1樓","","5000000","0700512","1030227"
"13","09467787","麥帥工業有限公司","臺北市大安區忠孝東路4段130號5樓","","10000000","0740130","1030218"
"14","11017632","三芳貿易有限公司","臺北市中山區林森北路609號10樓","","12000000","0600616","1030210"
"15","12220021","美利享熱水器有限公司","臺北市南港區三重路67巷2弄12號","","6000000","0680404","1030226"
"16","12290089","領群企業有限公司","","","0","0690807","1030211"
"17","12364201","兆凱貿易股份有限公司","臺北市士林區劍潭路30號","","1010000","0710112","1030211"
"18","12539716","樵鋒實業有限公司","臺北市大安區仁愛路3段123巷3弄1號6樓","","2000000","0740207","1030220"
"19","12551160","豐品企業有限公司","臺北市中山區長春路410號10樓","","10000000","0740425","1030212"
"20","12600351","冠鴻國際有限公司","新北市新莊區建安里建國二路五十七號一樓","","500000","0890816","1030221"
"21","12605525","華強金屬工程有限公司","臺中市西區土庫里五權西六街132號1樓","","1000000","0890825","1030219"
"22","12608662","殷特科技股份有限公司","臺中市大雅區雅環路二段274號","","46804580","0890830","1030206"
"23","12623045","合贏工業有限公司","新北市新莊區化成路二九巷六一號","","1000000","0890925","1030207"
"24","12628174","亞特國際有限公司","臺中市后里區厚里里九甲路一一號","","3000000","0891003","1030214"
"25","12643751","研品電子有限公司","臺中市梧棲區立德街二八九巷五五弄四號","","3000000","0891030","1030225"
"26","12645202","玳宏企業有限公司","桃園縣楊梅市青山里獅一路1-2號2樓","","7000000","0891031","1030226"
"27","12647975","詮通電訊有限公司","新竹市北門街二四四號","","2000000","0891104","1030211"
"28","12659486","億寰科技國際股份有限公司","臺北市中正區重慶南路1段10號9樓","","1000000","0891026","1030227"
"29","12659681","雪山開發投資股份有限公司","臺北市中山區錦州街378號1樓","","5000000","0891027","1030227"
"30","12680875","台灣優植投資股份有限公司","臺北市士林區承德路4段306號7樓","","28800000","0900116","1030217"
"31","12712519","佑鎧機械有限公司","桃園縣八德市力行街50巷15弄12號","","3000000","0891130","1030224"
"32","12731889","東方之寶有限公司","臺北市大同區承德路1段51號8樓之1","","6500000","0900104","1030226"
"33","12749163","鑫埕有限公司","臺北市士林區通河東街1段167巷44之5號3樓","","1000000","0900216","1030227"
"34","12749678","和明國際有限公司","新北市板橋區光華里林園街69-3號","","5000000","0900219","1030211"
"35","12750891","乃成投資有限公司","臺南市南區金華路一段392號1樓","","45580000","0900220","1030221"
"36","12750941","品潔投資有限公司","臺南市南區金華路一段392號1樓","","48580000","0900220","1030221"
"37","12751097","宇儂投資有限公司","臺南市南區金華路1段392號1樓","","45580000","0900220","1030224"
"38","12751391","緻薰投資有限公司","臺南市南區金華路一段392號1樓","","45580000","0900220","1030221"
"39","12751836","振獻企業股份有限公司","臺南市安平區華平里健康二街419巷14弄2號2樓　","","1000000","0900220","1030227"
"40","12764760","彥崴企業有限公司","彰化縣溪州鄉溪州村和平路102號","","4500000","0900314","1030207"
"41","12766438","新蘭王國有限公司","臺南市中西區大南里樹林街二段二五六號","","500000","0900316","1030212"
"42","12781579","新奇特創意有限公司","新北市中和區國光里20鄰國光街184巷8號","","1000000","0900411","1030220"
"43","12859581","秦業有限公司","臺北市中山區北安路589號6樓","","10000000","0900501","1030221"
"44","12924767","倍護實業有限公司","臺北市中山區松江路357巷9號1樓","","2000000","0901109","1030219"
"45","12927906","利凱益有限公司","臺中市烏日區九德里明德街126巷13號1樓","","500000","0901115","1030218"
"46","12928264","昱隆資產管理有限公司","臺南市東區自強里中華東路2段197號3樓之8","","5000000","0901116","1030214"
"47","12957611","山多麗有限公司","臺北市大安區忠孝東路4段49巷2號2樓","","1000000","0901106","1030227"
"48","13003923","濱海高有限公司","宜蘭縣頭城鎮更新里更新路二三三之七號一樓","","500000","0910104","1030212"
"49","13011732","展宏玻璃有限公司","臺南市七股區三股里三股33-8號","","500000","0910117","1030214"
"50","13039400","世競有限公司","臺北市大安區通化街87號1樓","","500000","0910308","1030220"
"51","13067192","安洋資訊股份有限公司","臺中市沙鹿區賢孝街１３６號","","2800000","0910415","1030217"
"52","13100544","銘將國際展覽有限公司","臺北市中山區市民大道2段67巷3號1樓","","1000000","0910402","1030220"
"53","13114809","鴻宇設計股份有限公司","新北市板橋區民生路一段33號15樓","","10000000","0910508","1030225"
"54","13118137","萊恩斯資訊股份有限公司","新北市永和區福和路389號10樓之3","","5000000","0910517","1030226"
"55","13135348","中中服飾有限公司","臺北市中山區民權西路35號5樓之1","","5000000","0910704","1030227"
"56","13166067","璦琦服飾有限公司","高雄市苓雅區海邊路28號9樓之1","","1000000","0910220","1030212"
"57","13169206","昌隆通風企業有限公司","高雄市苓雅區尚勇路23號1樓","","2000000","0910327","1030219"
"58","13179458","品喻國際有限公司","高雄市三民區鼎力里鼎中路466號1樓","","1000000","0910712","1030206"
"59","13196180","富科企業管理顧問有限公司","高雄市楠梓區清平街卅號3樓","","500000","0920120","1030221"
"60","14031476","華灣實業股份有限公司","臺北市松山區敦化北路303號11樓之2","","29600000","0640729","1030206"
"61","15129222","安基企業有限公司","新北市新莊區雙鳳路十三號一樓","","5000000","0590723","1030218"
"62","15503705","豐泉發有限公司","臺北市萬華區環河南路3段145號1樓","","5000000","0531211","1030226"
"63","16028763","鈺詮工程有限公司","新北市淡水區淡海路25巷12號","","3000000","0860607","1030221"
"64","16101089","祥芳工程有限公司","高雄市苓雅區仁愛三街308之6號10樓之2","","1000000","0860530","1030213"
"65","16111571","宇進工程有限公司","高雄市左營區重清路248巷19號","","1000000","0860827","1030214"
"66","16117929","陽碁工業股份有限公司","高雄市鼓山區濱海一路70號1樓","","10000000","0861103","1030217"
"67","16166435","金潮廣告設計有限公司","新北市中和區秀福里秀朗路3段10巷14弄90之2號","","1000000","0861013","1030214"
"68","16169242","康翔營造股份有限公司","臺北市大安區信義路3段178號12樓","","19000000","0861020","1030217"
"69","16202241","金舟企業有限公司","臺中市西屯區永安里安林路3-20號1樓","","5000000","0860821","1030220"
"70","16203847","明偉室內裝修工程有限公司","臺北市松山區南京東路5段188號11樓之6","","15000000","0860806","1030219"
"71","16218969","億菖藥品有限公司","臺南市善化區六德里六分寮325之2號","","1000000","0860912","1030212"
"72","16279682","鴻嘉工程顧問有限公司","嘉義市西區車店里青年街47號","","1000000","0861128","1030218"
"73","16334910","中港新館股份有限公司","臺中市西區健行路1049號31樓之36","","5000000","0861204","1030211"
"74","16341377","超穩實業股份有限公司","桃園縣蘆竹鄉長興村７鄰溪洲３８之５號","","15000000","0861212","1030225"
"75","16365217","昌景企業有限公司","桃園縣楊梅市市場街19號","","4500000","0870114","1030210"
"76","16430569","馨義企業有限公司","新北市八里區龍米路2段155巷3號","","2000000","0870418","1030213"
"77","16468500","上海弄堂有限公司","高雄市鹽埕區五福四路117號1、2樓","","2500000","0871007","1030212"
"78","16469711","生力企業管理顧問有限公司","高雄市苓雅區漢昌街47巷9號","","500000","0871021","1030218"
"79","16481481","泰維營造有限公司","雲林縣大埤鄉豐田村大埤路9巷38弄8號1樓","","3000000","0870420","1030207"
"80","16501521","紫崎屋有限公司","新北市鶯歌區二甲路28號","","9000000","0870514","1030217"
"81","16503339","前鋒針織有限公司","新北市新莊區新樹路三○二巷九號","","5000000","0870518","1030207"
"82","16505097","志鴻工程企業有限公司","臺南市安南區城中里安中路六段507巷26號","","6000000","0870520","1030213"
"83","16506899","秀水福華鋁業有限公司","彰化縣秀水鄉金陵村十二鄰廣西巷二二號","","5000000","0870522","1030213"
"84","16607159","長泰資訊有限公司","臺北市大同區民族西路303巷19號1樓","","1000000","0870717","1030221"
"85","16627818","功學社樂器股份有限公司","","","0","0870918","1030226"
"86","16676042","大永川有限公司","新北市板橋區金門街一五一巷十九號","","500000","0871014","1030212"
"87","16702061","萬穎興業有限公司","新北市林口區中正路五七巷十二弄十二號四樓","","1000000","0871124","1030211"
"88","16723684","寶申田金屬有限公司","彰化縣彰化市成功里南瑤路二三五巷六號","","1000000","0871230","1030221"
"89","16727648","祥雲國際事業有限公司","臺中市東勢區東崎街二五二巷二二之二號","","1000000","0880107","1030207"
"90","16786759","鼎盛國際有限公司","臺北市大同區承德路3段183號1樓","","1000000","0880211","1030217"
"91","16821101","瑞璟工程企業有限公司","高雄市小港區大苓里民益路73巷13之2號","","6000000","0881228","1030213"
"92","16861004","良平科技有限公司","新北市蘆洲區復興路179號1樓","","1000000","0750214","1030205"
"93","16874802","正宇國際開發事業有限公司","桃園縣中壢市興和里新生路3鄰607號1樓","","5000000","0880319","1030207"
"94","16883416","正琨企業有限公司","新北市三重區光復路２段８８巷３３號２樓","","6000000","0880401","1030218"
"95","16907509","實踐管理顧問有限公司","新北市中和區莒光路一二○巷二弄四之三號","","1000000","0880503","1030210"
"96","16914115","緯名科技有限公司","嘉義市西區菜園里垂楊路七七六號一樓","","5000000","0880511","1030219"
"97","16968202","穎盈實業有限公司","新北市蘆洲區集賢路三三八號四樓","","5000000","0880727","1030226"
"98","16987524","天籟文化事業有限公司","基隆市信義區信一路133之5號12樓","","2000000","0880820","1030129"
"99","16998676","彰福企業有限公司","彰化縣福興鄉麥厝村麥厝街七一號","","500000","0880906","1030226"
"100","20889659","鋼源實業有限公司","臺北市大安區忠孝東路4段181巷35弄9號2樓","","1000000","0700605","1030219"
"101","20897216","弱電股份有限公司","新竹縣竹北市中華路一四八三巷五號","","75000000","0700820","1030227"
"102","20986364","慶德機械有限公司","臺北市文山區羅斯福路5段144號4樓","","1000000","0720712","1030212"
"103","22088520","晉昌布業有限公司","臺中市北區賴厝里北平路二段九九巷一二號","","6000000","0750326","1030218"
"104","22105247","鋒泉製冰有限公司","臺北市中山區民族東路82號1樓","","1000000","0750408","1030210"
"105","22114870","國螢精密光電科技股份有限公司","桃園縣蘆竹鄉長興路2段26巷5號7樓之3","","8000000","0750423","1030221"
"106","22153401","喜樂工程股份有限公司","臺北市文山區景福街32號1樓","","2000000","0750529","1030206"
"107","22186965","大釭實業有限公司","新北市汐止區長江街三十三號二樓","","5000000","0750827","1030210"
"108","22245401","億固股份有限公司","宜蘭縣羅東鎮公正路二八四巷一之五號六樓","","198000000","0750825","1030219"
"109","22314928","隆銨玻璃有限公司","苗栗縣頭屋鄉象山村八鄰261號","","5000000","0751217","1030225"
"110","22322151","錦興電器有限公司","臺北市松山區八德路4段233號1樓","","2000000","0751016","1030224"
"111","22401269","珀華實業股份有限公司","彰化縣彰化市福山里彰南路一段三七七號","","2600000","0760304","1030212"
"112","22440381","維原冷凍機械有限公司","新北市新店區德正街27巷29弄61號2樓","","6000000","0760416","1030205"
"113","22493289","群隆工藝股份有限公司","臺中市南屯區向心里京展街236號一樓","","5000000","0760505","1030211"
"114","22501529","一乙昶奇企業有限公司","新北市三重區六張街二一號","","5000000","0760518","1030225"
"115","22542824","光助重機有限公司","高雄市仁武區考潭里埤內巷140號1樓","","5400000","0761203","1030220"
"116","22548361","耕普電腦資訊有限公司","高雄市三民區建工路216號","","4000000","0770222","1030214"
"117","22577668","濠寶企業有限公司","新北市新店區溪洲路一八三號一樓","","1000000","0760806","1030220"
"118","22616796","歐本貿易有限公司","臺北市北投區立農街1段189號1樓","","5000000","0760728","1030212"
"119","22672430","陳輝製衣股份有限公司","宜蘭縣五結鄉福興村新興路25號","","6000000","0761023","1030219"
"120","22679216","新富精機廠股份有限公司","","","0","0761106","1030129"
"121","22806965","重明實業有限公司","臺南市安平區光州3街47號","","10000000","0770409","1030226"
"122","22829897","麒閎工程有限公司","高雄市楠梓區後勁中街200巷3號","","10000000","0770617","1030218"
"123","22842842","商茂股份有限公司","高雄市新興區復興一路40之61號","","1000000","0771124","1030211"
"124","22898319","威寧國際有限公司","臺北市松山區永吉路278巷47弄1號4樓","張光鎧","5000000","0770611","1030219"
"125","22941250","省貿齒輪工業有限公司","彰化縣和美鎮好修里西調路三六九巷4號","","1000000","0770609","1030224"
"126","22993989","昇美食品化工原料有限公司","新北市中和區健康路3號2樓","","7000000","0770819","1030207"
"127","23018328","龍翔文化事業股份有限公司","臺北市中正區漢口街2段113號2樓","","5000000","0770709","1030224"
"128","23025382","首華股份有限公司","","","0","0770725","1030206"
"129","23106595","力揚機械有限公司","桃園縣中壢市中正里榮民路395號","","2000000","0771207","1030219"
"130","23121955","泰南股份有限公司","臺北市松山區延吉街30巷11之1號","","5000000","0771027","1030214"
"131","23142537","雅絮有限公司","臺北市中正區重慶南路1段43號6樓","","1000000","0771219","1030210"
"132","23178464","豐鼎水電企業有限公司","彰化縣彰化市東芳里線東路一段一二○號","","12000000","0780104","1030207"
"133","23185556","名潤股份有限公司","新北市中和區中正路645號1樓","","10000000","0780117","1030205"
"134","23190468","營利興業有限公司","新北市新莊區化成路三一四巷二○弄一五號二樓","","4000000","0780125","1030211"
"135","23246553","晟造企業有限公司","高雄市鳳山區經武路三五五巷二號","","5000000","0780420","1030214"
"136","23252816","瓏麒工業股份有限公司","臺中市太平區德隆里華安街100巷1弄30號","","5000000","0780427","1030219"
"137","23263243","桂通實業有限公司","屏東縣竹田鄉竹田村中正路一一六號","","1000000","0780515","1030211"
"138","23374162","譽耀有限公司","新北市新莊區新樹路268巷76號","","1000000","0780620","1030225"
"139","23411883","佳裕工業有限公司","新北市板橋區四川路二段一三○巷一八弄八號一樓","","1000000","0780821","1030214"
"140","23521946","永久油壓企業有限公司","臺南市東區崇德街５０８巷１５號","","1000000","0781116","1030217"
"141","23582176","卜盟實業有限公司","新北市板橋區館前西路二六五巷九號二樓","","5000000","0790224","1030221"
"142","23616181","禾堅有限公司","新北市土城區日新街33巷3號1樓","","5000000","0790131","1030224"
"143","23623367","古意百貨有限公司","臺北市大安區通化街15號1樓","","1000000","0790222","1030212"
"144","23657555","谷君工程有限公司","高雄市前鎮區民權二路80號2樓之1","","5000000","0790906","1030226"
"145","23686398","沛室企業有限公司","基隆市信義區深澳坑路八六巷四九之五號","","1000000","0790326","1030221"
"146","23695896","織成實業有限公司","桃園縣龜山鄉大同路356巷62弄72號","","2000000","0790410","1030205"
"147","23734201","千慶國際股份有限公司","臺北市大安區和平東路2段217號2樓","","3000000","0790421","1030217"
"148","23739439","吉林汽車材料有限公司","臺北市中山區德惠街170巷1號1樓","","10000000","0790503","1030224"
"149","23831344","宏昕汽車有限公司","新北市中和區秀朗路3段135巷18弄9號4樓","","1000000","0790810","1030207"
"150","23837699","日升商行有限公司","雲林縣古坑鄉西平村中山路147巷5號1樓","","1000000","0790820","1030224"
"151","23852038","上群鋼鐵工程有限公司","新北市中和區新生街一一二巷廿三號","","5000000","0790915","1030221"
"152","23872576","甲泉企業有限公司","高雄市甲仙區和安里中正路七八巷五號","","5000000","0791026","1030123"
"153","23943170","衍庭貿易有限公司","臺中市西區忠誠里精誠三街四五之一號五樓","","5000000","0791128","1030226"
"154","23958433","敦脩工業股份有限公司","臺南市安南區砂崙里青砂街1段633巷1之6號1樓","","2000000","0791224","1030210"
"155","23972168","冠星興業股份有限公司","臺南市關廟區關廟里中山路2段265-13號","","20000000","0800118","1030220"
"156","23977184","珈美餐具工業股份有限公司","桃園縣龜山鄉嶺頂村萬壽路二段6巷35號1樓","","10000000","0800126","1030221"
"157","24212004","香臣國際有限公司","臺北市中正區濟南路2段3號2樓之2","","1000000","0970805","1030206"
"158","24213123","嶸凱工程有限公司","新北市金山區仁愛路87巷8號1樓","","1000000","0970806","1030224"
"159","24246911","逢霖機電工程有限公司","高雄市鳳山區光明里花園街20巷10號1樓","","2000000","0971009","1030214"
"160","24250512","俞欣事業有限公司","臺中市清水區西社里海濱路169之4號1樓","","1000000","0971017","1030224"
"161","24260075","合鑫食品企業有限公司","桃園縣蘆竹鄉海山中街191號1樓","","500000","0971104","1030217"
"162","24270622","晶毅興企業有限公司","新北市新莊區化成路83巷74號","","1200000","0971125","1030224"
"163","24272261","國閔包裝企業有限公司","臺中市大里區仁德里仁化路711號1樓","","3000000","0971128","1030218"
"164","24278315","博厚發國際有限公司","臺中市北屯區大連路一段127巷14號1樓","","1000000","0971211","1030226"
"165","24279172","丞翊營造股份有限公司","新北市板橋區大華街182巷8之1號","","20000000","0971212","1030218"
"166","24292034","頎安企業有限公司","臺中市西區林森路100巷8號1樓","","1000000","0980110","1030212"
"167","24293651","群鎰資產管理有限公司","高雄市燕巢區角宿里海成南街36號1樓","","5000000","0980115","1030129"
"168","24300978","新德里亞洲料理有限公司","臺北市士林區克強路30號1樓","","250000","0971016","1030225"
"169","24308107","兆豐珠寶有限公司","臺北市大同區延平北路2段141號","","1000000","0971118","1030211"
"170","24312860","博實科技股份有限公司","臺北市內湖區金豐街68號7樓","","500000","0971210","1030221"
"171","24316599","繼開有限公司","臺北市信義區吳興街118巷26弄5號","","250000","0971226","1030226"
"172","24320094","無線立通科技股份有限公司","臺北市內湖區文湖街21巷112弄8號6樓","","10000000","0980115","1030213"
"173","24320192","日泓車業有限公司","臺北市中山區龍江路153號","","300000","0980115","1030226"
"174","24322473","金石醫療器材有限公司","新北市新莊區中山路1段107號15樓之7","","10000000","0980202","1030205"
"175","24324795","金緯科技股份有限公司","","","0","0980217","1030213"
"176","24332325","得業顧問有限公司","臺北市中正區衡陽路51號5樓之10","","250000","0980319","1030218"
"177","24343272","袁象投資顧問有限公司","臺北市中正區忠孝東路1段85號15樓之2","","1000000","0980430","1030213"
"178","24349711","活力舒有限公司","臺北市士林區福志路14巷7弄5號4樓","","1350000","0980527","1030213"
"179","24357155","普琳朵管理顧問有限公司","花蓮縣花蓮市國裕里富吉路34號1樓","","500000","0980220","1030217"
"180","24366181","龍諨顧問有限公司","高雄市大寮區仁德路16巷31弄12號5樓","","1000000","0980309","1030224"
"181","24377693","鼎呈管理顧問股份有限公司","臺北市中山區復興北路38號3樓","","1000000","0980327","1030205"
"182","24388740","節能減碳有限公司","新北市中和區中正路753號4樓","","5000000","0980415","1030211"
"183","24394341","相吉室設計有限公司","南投縣集集鎮集集里民生路248號1樓","","500000","0980424","1030225"
"184","24402911","碩通護欄科技股份有限公司","臺北市內湖區堤頂大道1段327號4樓","","30000000","0980511","1030225"
"185","24403854","吉納工程興業有限公司","新北市永和區成功路一段48巷6號1樓","","250000","0980512","1030212"
"186","24406466","興逸科技有限公司","彰化縣社頭鄉中山路一段626巷45號1樓","","1000000","0980515","1030225"
"187","24409843","艾迪威國際有限公司","新北市板橋區港嘴里富山街6巷7之1號","","500000","0980521","1030219"
"188","24425034","台灣萬物全收國際有限公司","雲林縣斗六市永安路116巷5號1樓","","3000000","0980617","1030210"
"189","24427223","承泰能源科技有限公司","屏東縣屏東市大武里武愛街88巷21號1樓","","1000000","0980619","1030211"
"190","24445221","蓮丞營造有限公司","花蓮縣吉安鄉吉安村吉興三街73號1樓","","28000000","0980717","1030225"
"191","24450997","伊勢美國際開發有限公司","臺北市中山區長春路78號5樓之2","","300000","0980729","1030227"
"192","24456269","欣航顧問有限公司","臺北市大安區復興南路1段126巷1號2樓之15","","1000000","0980818","1030211"
"193","24466392","珍珠格格企業有限公司","臺北市中山區民生東路1段25號6樓之33","","2000000","0980924","1030213"
"194","24471450","巨倫國際策略行銷有限公司","臺北市北投區中山路1-7號6樓之6","","1000000","0981014","1030221"
"195","24476384","華陀國際股份有限公司","臺北市大安區忠孝東路4段233號11樓之5","","1000000","0981102","1030213"
"196","24476413","阿卡馬設計有限公司","臺北市中正區泉州街34巷3-8號","","100000","0981102","1030211"
"197","24480887","世界先進國際顧問有限公司","新北市八里區龍米路1段440巷12號3樓","","180000","0981118","1030226"
"198","24485216","嘉晨創意行銷有限公司","臺北市內湖區安康路28之5號2樓","","1000000","0981203","1030226"
"199","24486263","穩成國際有限公司","臺北市內湖區瑞光路513巷26號4樓之1","","500000","0981208","1030214"
"200","24492814","模力堂文創行銷有限公司","臺北市中正區紹興北街31巷15弄8號2樓","","1000000","0981231","1030211"
"201","24493829","運士達科技有限公司","臺北市大安區復興南路1段342號12樓之6","","1000000","0990107","1030226"
"202","24496380","鼐叡有限公司","臺北市士林區福國路13號1樓","","1500000","0990115","1030219"
"203","24501530","福康投資顧問股份有限公司","高雄市前金區五福三路21號5樓之1","","150000000","0981112","1030114"
"204","24512348","信發室內裝修有限公司","高雄市鼓山區瑞豐街151巷7號","","1000000","0990422","1030218"
"205","24512950","瑋鎰有限公司","高雄市前金區市中1路99號18樓之15","","1000000","0990428","1030218"
"206","24515817","魔衛設計工程有限公司","高雄市苓雅區成功一路209巷28之4號3樓","","1000000","0990603","1030224"
"207","24518949","富力建設有限公司","高雄市左營區自勉路112號15樓","","5000000","0990712","1030218"
"208","24521698","千宇不動產有限公司","高雄市楠梓區後昌路1102號","","1000000","0990817","1030206"
"209","24524392","弘越資產開發企業有限公司","高雄市左營區重愛路216號5樓","","500000","0990921","1030221"
"210","25002693","昆吾工坊有限公司","基隆市七堵區富民里永富路88號2樓","","250000","0980728","1030225"
"211","25012003","旭傑美容有限公司","桃園縣桃園市大業路二段220號1樓","","200000","0980812","1030218"
"212","25013278","康諾石股份有限公司","臺北市中正區漢口街1段110號1樓之10","","1000000","0980814","1030225"
"213","25016872","京典精品家具有限公司","彰化縣彰化市金馬路一段509號1樓","","800000","0980820","1030211"
"214","25025422","上智國際企業管理顧問有限公司","臺中市北屯區軍和街455巷9弄10號11樓","","1000000","0980903","1030227"
"215","25036700","妘宸國際貿易有限公司","基隆市安樂區新崙里基金一路210巷1弄60號","","500000","0980923","1030220"
"216","25042479","伸冠科技有限公司","新北市板橋區中山路1段293-2號12樓之1","","9500000","0981002","1030219"
"217","25044217","安寶精品服飾有限公司","新北市林口區民有街22號2樓之1","","500000","0981005","1030221"
"218","25048831","環宇七彩水族有限公司","臺中市石岡區萬仙街18之1號","","2000000","0981013","1030129"
"219","25065015","創得電子有限公司","新北市新店區寶安里北新路3段96號8樓","","5000000","0981106","1030219"
"220","25066817","竹野承玉創意縫紉有限公司","桃園縣中壢市山東里中正路4段588巷7弄1號2樓","","500000","0981111","1030218"
"221","25068456","豪城國際有限公司","臺中市西區公民里五權三街33號1樓","","1680000","0981113","1030205"
"222","25077700","億寧國際有限公司","基隆市信義區正信路89之1號4樓","","500000","0981127","1030214"
"223","25085075","永騰技研有限公司","桃園縣桃園市朝陽街53號12樓之1","","4000000","0981209","1030225"
"224","25088024","臣星有限公司","彰化縣鹿港鎮海埔里海明街201巷36號1樓","","1000000","0981215","1030227"
"225","25091061","悠遊王國際企業有限公司","高雄市大寮區中庄里保德街133號1樓","","1000000","0981218","1030221"
"226","25095637","祐聯國際有限公司","臺北市中山區吉林路12之3號4樓之2","","7000000","0981224","1030210"
"227","25096930","築內設計有限公司","新北市土城區學府路1段117號14樓","","350000","0981228","1030226"
"228","25101130","帝斯曼工程塑膠有限公司","","","0","0990203","1030113"
"229","25101791","知河行銷有限公司","臺北市中山區復興北路48號3樓","","600000","0990204","1030218"
"230","25102222","泛美捷信有限公司","臺北市中山區南京西路1之1號6樓","","500000","0990204","1030225"
"231","25104100","台灣貿凱股份有限公司","臺北市中山區松江路266號2樓","","500000","0990211","1030210"
"232","25108078","金島數位國際有限公司","臺北市萬華區西寧南路36之9號","","1000000","0990305","1030210"
"233","25108400","畢莫爾國際有限公司","臺北市士林區華齡街185巷1號14樓之2","","1000000","0990308","1030226"
"234","25113950","勁太興業有限公司","臺北市中山區長春路137巷7號1樓","","2000000","0990324","1030221"
"235","25115774","金滿福國際有限公司","臺北市中山區林森北路101號4樓A室","","300000","0990331","1030220"
"236","25116957","富騰管理顧問有限公司","臺北市文山區興隆路2段194號3樓之2","","12000000","0990330","1030227"
"237","25130965","承順科技有限公司","臺北市中山區南京西路1-1號10樓","","5000000","0990520","1030220"
"238","25138431","安齊食品有限公司","臺北市大安區忠孝東路4段216巷11弄10號1樓","","2500000","0990617","1030217"
"239","25138657","迪凱有限公司","臺北市萬華區漢口街2段60號7樓","","1000000","0990617","1030217"
"240","25140507","秋葉國際有限公司","臺北市中正區館前路65號11樓","","500000","0990623","1030221"
"241","25142147","申豐興業有限公司","臺北市內湖區內湖路1段323巷13號3樓","","1000000","0990629","1030207"
"242","25144314","大大超媒體創意行銷有限公司","臺北市信義區基隆路1段159號14樓之1","","500000","0990707","1030214"
"243","25145622","迪婕國際行銷有限公司","臺北市中山區建國北路1段67巷31號","","400000","0990712","1030226"
"244","25152019","昊軒工程有限公司","新竹市復興里27鄰自由路69號5樓之1","","20000000","0990106","1030224"
"245","25157627","臺灣倍特生醫股份有限公司","臺南市永康區小東路689之20號","","6500000","0990118","1030207"
"246","25162620","圓溱有限公司","桃園縣中壢市天祥二街14巷10號","","200000","0990127","1030224"
"247","25163439","一信國際開發有限公司","彰化縣彰化市忠孝里辭修路193-2號1樓","","7000000","0990129","1030214"
"248","25166034","同磬股份有限公司","高雄市三民區鼎泰街16號1樓","","1000000","0990203","1030224"
"249","25173773","京展塑膠有限公司","臺中市豐原區三豐路566巷188號","","1000000","0990301","1030213"
"250","25184672","益保科技有限公司","臺南市東區東成街142巷107號2F","","100000","0990323","1030212"
"251","25185476","科融有限公司","臺中市北屯區平安里崇德路二段128號11樓之3","","5000000","0990325","1030225"
"252","27206188","萊爾復健康企業有限公司","高雄市左營區政德路783巷1號1樓","","500000","0930924","1030217"
"253","27206666","弘殿建設有限公司","高雄市三民區德東里哈爾濱街89號1樓","","6000000","0931001","1030225"
"254","27310719","任真有限公司","新北市永和區保福路二段94巷15號2樓","","500000","0930421","1030212"
"255","27313130","首爾生技有限公司","新北市淡水區中正東路2段27-7號21樓","","1000000","0930427","1030217"
"256","27320879","尚洽有限公司","臺北市大同區承德路1段35號5樓之2","","1000000","0930518","1030213"
"257","27321027","美佑貿易股份有限公司","臺北市大同區承德路1段35號5樓之2","","1000000","0930518","1030226"
"258","27331382","振森工程有限公司","臺北市大同區天水路14號6樓之6","","1000000","0930617","1030211"
"259","27353168","松隆國際有限公司","臺北市內湖區民權東路6段68號4樓","楊進慶","1000000","0930817","1030217"
"260","27355031","倫敦藝術美學股份有限公司","臺北市中正區濟南路2段71號2樓","","5000000","0930823","1030210"
"261","27372806","京震股份有限公司","新北市泰山區明志路3段442號之1","","6000000","0930610","1030210"
"262","27379575","宜端企業有限公司","新北市淡水區中正路二八二號一樓","","1000000","0930618","1030224"
"263","27381376","惠盈有限公司","新竹縣竹東鎮東榮路一六六號","","2000000","0930623","1030207"
"264","27394560","翔宏興建設有限公司","屏東縣屏東市溝美里仁愛路一四四號","","8000000","0930709","1030218"
"265","27399039","法玉順科技股份有限公司","桃園縣平鎮市復興里民族路2段89巷7號","","6000000","0930715","1030225"
"266","27400198","諾雅科技有限公司","高雄市岡山區信義街七號","","500000","0930716","1030205"
"267","27424614","健乾有限公司","臺中市北區中正路359巷7號","","500000","0930816","1030227"
"268","27442367","京典數位有限公司","臺中市北屯區松勇里松義街158之9號12樓之2","","2000000","0930910","1030207"
"269","27453384","煜高數控機械有限公司","臺中市北屯區平田里文心路四段955號10樓之3","","1000000","0930927","1030226"
"270","27460511","泰睿興企業有限公司","高雄市小港區青山街123巷58號1樓","","500000","0931006","1030220"
"271","27470757","百木達建材有限公司","新北市新莊區天祥街四七巷五號","","500000","0931019","1030205"
"272","27498903","淳晶國際軟體有限公司","新北市中和區永和路69之3號4樓","","500000","0931125","1030226"
"273","27513117","佳基有限公司","新北市板橋區裕民街一二六號一樓","","500000","0931214","1030211"
"274","27513833","三峰國際工程股份有限公司","新北市新莊區中平路8巷6號","","27000000","0931214","1030220"
"275","27518252","日詠金屬有限公司","彰化縣芬園鄉茄荖村芬草路一段二三二巷四五弄六號一樓","","500000","0931220","1030206"
"276","27523939","衣達有限公司","臺北市大安區大安路1段96巷1號2樓之1","","500000","0931019","1030207"
"277","27532563","麗庭企業有限公司","臺北市松山區八德路2段399號2樓之8","","2000000","0931112","1030221"
"278","27570904","東進土地開發股份有限公司","臺北市內湖區內湖路1段91巷35弄50號","","1000000","0940317","1030221"
"279","27574346","八大人力工程有限公司","臺北市文山區興隆路2段224之4號1樓","","1000000","0940325","1030227"
"280","27581450","京城文化股份有限公司","臺中市大里區東興里永隆七街38號1樓","","10000000","0931223","1030219"
"281","27599727","全廣系統股份有限公司","桃園縣桃園市益壽二街２５巷２５號","","1000000","0940118","1030210"
"282","27630868","達元生物科技有限公司","新北市板橋區陽明里四維路103巷23-1號","","3000000","0940307","1030207"
"283","27634870","福人居開發建設有限公司","臺南市仁德區太子里中正路３段６３６巷１６號１樓","","2000000","0940310","1030225"
"284","27640042","麗彩有限公司","臺南市佳里區安西里安西１２８之１４號　　　　　　　　　　　　　　　　　　　　　　　　　　　　　　　　　　　　　　　　　　　　　　　","","500000","0940316","1030224"
"285","27654930","精玄國際有限公司","新北市新店區北新路１段１２號７樓","","3000000","0940331","1030217"
"286","27658719","金禎有限公司","臺中市豐原區鐮村里鐮村路465巷104之7號1樓","","3000000","0940404","1030206"
"287","27660742","安錦資源有限公司","新北市新店區富貴街１４巷１２號５樓","","500000","0940407","1030207"
"288","27682605","統樂汽車百貨有限公司","高雄市左營區文自路585號","","12000000","0940610","1030218"
"289","27691246","春信漁業股份有限公司","高雄市前鎮區漁港東二路3號3樓","","10000000","0940912","1030218"
"290","27695637","中長泓不動產經紀有限公司","高雄市三民區義德路73號1樓","","500000","0941031","1030217"
"291","27705749","以勒家事管理有限公司","高雄市左營區富國路274號6樓","","500000","0950224","1030219"
"292","27710074","富來達資產管理顧問有限公司","高雄市苓雅區新光路62巷14號1樓","","500000","0950410","1030214"
"293","27713142","昱縈科技有限公司","新北市淡水區坪頂路282號2樓","","5500000","0940412","1030211"
"294","27722120","華策實業有限公司","臺北市大安區復興南路2段340巷5號","","1000000","0940502","1030221"
"295","27727743","龍鳳投資有限公司","臺北市大安區仁愛路4段404號4樓","","11145000","0940518","1030226"
"296","27729025","凱君投資有限公司","臺北市大安區仁愛路4段404號4樓","","18959000","0940523","1030226"
"297","27730959","百代投資有限公司","臺北市大安區仁愛路4段404號4樓","","5528000","0940527","1030226"
"298","27758230","傑安投資有限公司","臺北市大安區仁愛路4段404號4樓","","5477000","0940812","1030226"
"299","27763732","建軍科技有限公司","臺北市松山區寶清街31號6樓","","5000000","0940826","1030219"
"300","27768595","弦音貿易有限公司","臺北市文山區景福街208號6樓之2","","2000000","0940912","1030226"
"301","27768878","克斯美帝有限公司","臺北市中正區西藏路89號","","20000000","0940913","1030227"
"302","27809462","和秦國際有限公司","桃園縣平鎮市平安里５１鄰惠州街１２巷１５號","","1000000","0940607","1030210"
"303","27813228","強盛興業有限公司","新北市中和區莒光路６３號１樓","","1000000","0940609","1030224"
"304","27826390","兆勝科技有限公司","新北市三重區正義北路256巷26號4樓","","1000000","0940624","1030211"
"305","27829262","崇曜國際事業有限公司","新北市板橋區民治街134巷28號","","2000000","0940628","1030225"
"306","27855900","豪吉貿易有限公司","新北市三重區三陽路４０號","","1000000","0940729","1030213"
"307","27857978","億利洋酒行有限公司","桃園縣大園鄉國際路2段2巷49號1樓","","2000000","0940801","1030225"
"308","27861564","成像科技有限公司","新竹縣竹東鎮民族路６８巷１２弄１３號１樓","","500000","0940804","1030207"
"309","27871401","華澳酒廠股份有限公司","苗栗縣公館鄉中義村12鄰286-1號","","10000000","0940817","1030220"
"310","27884216","寬廣事業有限公司","新北市板橋區區運路３２號地下一層","","1000000","0940902","1030211"
"311","27893952","精湛建築模板有限公司","臺中市北屯區仁和里崇德路三段317巷124弄9號1樓","","1000000","0940916","1030207"
"312","27898963","新采實業有限公司","新北市三重區仁華街118巷29號13樓","","3000000","0940922","1030213"
"313","27902220","阡暐數位生活科技有限公司","新竹市金山里金山十一街２巷４１號","","5000000","0940927","1030214"
"314","27916884","大原投資有限公司","臺北市北投區中央南路2段16號3樓","","10000000","0941013","1030219"
"315","27970182","奧格力瑪有限公司","臺北市松山區敦化北路244巷27號2樓","","500000","0941114","1030217"
"316","27973786","捷康織造有限公司","臺北市萬華區昆明街175號4樓","","3000000","0941124","1030218"
"317","27978678","綠企鵝獵才顧問股份有限公司","臺北市大同區長安西路53巷8號1樓","","1000000","0941208","1030207"
"318","27979120","穎川多媒體有限公司","臺北市萬華區西園路1段71號2樓","","500000","0941209","1030218"
"319","27979297","瑞盛不動產開發股份有限公司","新北市板橋區文化路2段500號7樓","","1000000","0941212","1030211"
"320","27989942","遠鴻管理顧問有限公司","臺北市中山區北安路458巷47弄5號2樓之1","","1000000","0950112","1030206"
"321","27992186","子午開發有限公司","臺北市中山區民權東路2段113巷1弄11號","","1000000","0950120","1030207"
"322","28013619","金寶潔企業有限公司","新竹縣竹東鎮康莊街109巷81號1樓","","500000","0941021","1030217"
"323","28015617","銓紘電機工程有限公司","臺中市北屯區東山路二段176號1樓","","2000000","0941025","1030219"
"324","28022151","德深國際企業有限公司","臺南市歸仁區新厝里大成路13號1樓","","1000000","0941102","1030227"
"325","28039759","友銓科技有限公司","臺中市南屯區豐樂里永平路421巷1號1樓","","5000000","0941125","1030220"
"326","28055498","榮翔國際有限公司","臺中市大里區永隆里永隆六街3號2樓","","1000000","0941215","1030226"
"327","28069583","千松模型股份有限公司","桃園縣中壢市忠孝里成章一街206號","","1000000","0950103","1030211"
"328","28071130","榮宸展覽工商設計有限公司","桃園縣桃園市春日路６５６號４樓之３","","500000","0950105","1030205"
"329","28090988","振富開發工程有限公司","臺中市南屯區永定里文昌街227巷50號1樓","","2000000","0950210","1030227"
"330","28094422","隆程投資有限公司","臺中市南屯區中和里黎明路1段91號1樓","","1600000","0950217","1030219"
"331","28108994","昇銘企業管理顧問有限公司","桃園縣桃園市中平路９１號１１樓","","500000","0950309","1030213"
"332","28158683","尚峰砂石有限公司","臺中市南區樹義五街42號1樓","","1000000","0950425","1030221"
"333","28161272","宏渤科技企業有限公司","新北市淡水區八勢１街２３號","","500000","0950427","1030206"
"334","28188666","加瑜國際移民顧問有限公司","臺北市萬華區漢中街133號3樓","","8000000","0950529","1030218"
"335","28200681","冠世紀不動產仲介有限公司","臺北市士林區中山北路7段165之2號1樓","","1000000","0950710","1030211"
"336","28215951","昇暉能源科技有限公司","臺北市中山區大直街46巷3號1樓","","5000000","0950829","1030214"
"337","28222854","映德企業有限公司","臺北市萬華區西園路2段281巷10號2樓","","1500000","0950922","1030225"
"338","28223185","德修科技工程有限公司","臺北市文山區景興路218號6樓之1","","1000000","0950925","1030221"
"339","28283802","巨將國際開發服飾有限公司","高雄市三民區民族1路53號1樓","","3000000","0950612","1030226"
"340","28286293","寶原珠寶有限公司","高雄市鹽埕區七賢3路144之2號","","500000","0950712","1030213"
"341","28299749","俊揚精密有限公司","高雄市阿蓮區中正路500號2樓","","2000000","0951229","1030221"
"342","28303455","寬成行銷開發有限公司","高雄市三民區建元路9巷14號8樓","","1000000","0960214","1030217"
"343","28308613","卉發企業有限公司","高雄市新興區渤海街82號1樓","","500000","0960430","1030214"
"344","28340373","彩蝶美學有限公司","新北市新莊區豐年街28巷20號3樓","","1000000","0950620","1030227"
"345","28354897","守胤企業有限公司","臺中市沙鹿區鎮南路二段191巷10號1樓","","2000000","0950710","1030217"
"346","28365016","振輝工程有限公司","桃園縣八德市大和里銀和街27巷2弄10號10樓之6","","500000","0950724","1030225"
"347","28378461","立桀投資股份有限公司","臺中市潭子區潭興路二段193巷3號","","1600000","0950811","1030212"
"348","28387503","奈亞國際股份有限公司","新北市新店區中央六街40號5樓","","20000000","0950823","1030205"
"349","28391507","永鑫人力管理顧問有限公司","新北市樹林區佳園路2段83號","","1000000","0950830","1030213"
"350","28399613","樣柏國際有限公司","新北市中和區景新街423巷35弄41之1號","","5000000","0950912","1030225"
"351","28408612","台灣寶島多媒體有限公司","新北市板橋區南雅南路1段40號5樓","","500000","0950926","1030206"
"352","28444125","貝加爾家具有限公司","臺北市中正區南昌路2段41號","","500000","0951101","1030221"
"353","28449727","台蕾股份有限公司","桃園縣蘆竹鄉中山路8-2號4樓","","10000000","0951122","1030213"
"354","28450414","豐淇室內設計有限公司","臺北市大安區忠孝東路4段211號12樓之3","","500000","0951124","1030214"
"355","28458112","戰略藍圖國際行銷股份有限公司","臺北市北投區行義路186巷64號7樓","","5000000","0951220","1030226"
"356","28460308","福華管理顧問有限公司","臺北市士林區福華路137號5樓","","1000000","0951227","1030212"
"357","28475626","紅銘有限公司","基隆市安樂區樂利三街263巷26之2號","","6000000","0960303","1030212"
"358","28487720","千乂科技服務股份有限公司","新北市三重區三德街30號","","70000000","0960417","1030210"
"359","28490345","台灣松景研發股份有限公司","新北市汐止區新台五路1段94號2樓","","1000000","0950928","1030224"
"360","28494481","瓏達建設有限公司","桃園縣八德市和平路258號11樓","","3000000","0951004","1030211"
"361","28499248","艾維庭美容有限公司","臺中市大里區東湖里中興路一段299號2樓","","500000","0951016","1030227"
"362","28518081","元創工程有限公司","新北市三重區大同南路200巷4號2樓","","1000000","0951110","1030227"
"363","28535080","遠浩建設有限公司","新竹市公道五路2段419之3號8樓之2","","9000000","0951206","1030214"
"364","28537593","臺灣數位聯捷科技有限公司","臺中市北區明德里忠明八街32號1樓","","500000","0951211","1030211"
"365","28544150","立有亞洲國際有限公司","臺南市白河區永安里大德街6號","","10000000","0951220","1030214"
"366","28546214","冠華育樂股份有限公司","","","0","0951222","1030226"
"367","28560708","荃苔有限公司","新北市泰山區明志路1段500號","","1000000","0960115","1030227"
"368","28576201","帝博有限公司","臺中市北屯區陳平一街69號1樓","","20000000","0960207","1030219"
"369","28583982","統業廣告有限公司","桃園縣中壢市環北路41號","","500000","0960216","1030212"
"370","28586019","東東國際有限公司","彰化縣大村鄉大橋村中山路３段６６號１樓","","3000000","0960301","1030226"
"371","28596240","聿堂企業有限公司","高雄市苓雅區林西街117巷6號1樓","","4500000","0960809","1030219"
"372","28598768","皇室建材有限公司","高雄市苓雅區建國一路７６之１號４樓","","500000","0960920","1030225"
"373","28603256","華亞學苑股份有限公司","高雄市梓官區梓義里梓官路330巷68號1樓","","2600000","0961122","1030218"
"374","28603447","優尼康有限公司","高雄市小港區小港區二美術28巷8號1樓","","500000","0961123","1030213"
"375","28605888","晉極有限公司","高雄市小港區漢威街152號","","500000","0961225","1030219"
"376","28618048","抱一實業有限公司","高雄市苓雅區尚志街6號1樓","","1000000","0970623","1030225"
"377","28622140","鴻義建設股份有限公司","新北市中和區景新街288號2樓","","10000000","0960314","1030218"
"378","28624745","上暘科技有限公司","臺中市北屯區松明街9巷32號2樓","","1000000","0960319","1030226"
"379","28642526","創意國際科技有限公司","新北市五股區西雲路８２巷８號４樓","","500000","0960413","1030211"
"380","28689275","永碩聯合國際股份有限公司","","","0","0960627","1030207"
"381","28701572","歐力士人身保險代理人股份有限公司","臺北市大安區復興南路1段303號9樓","","5000000","0960813","1030205"
"382","28705985","菁聯國際企業有限公司","臺北市大安區敦化南路2段1號10樓","","1000000","0960830","1030217"
"383","28716619","樺葉國際有限公司","臺北市中山區南京東路2段71號10樓之4","","5000000","0961015","1030225"
"384","28719643","朔望整合行銷有限公司","臺北市內湖區南京東路6段451巷57號11樓之8","","2000000","0961024","1030225"
"385","28730984","淳耀貿易有限公司","高雄市楠梓區盛昌街117之1號2樓","","5000000","0960607","1030226"
"386","28731533","亮米科技有限公司","新竹縣北埔鄉埔心街50巷5弄1號","","5000000","0960608","1030225"
"387","28740300","庭林開發股份有限公司","新北市中和區中和路358號5樓之1","","1000000","0960622","1030227"
"388","28770922","富朝科技股份有限公司","新北市三重區三民街155巷9號6樓","","25000000","0960806","1030224"
"389","28774835","益達資通股份有限公司","新竹市金雅里武陵路245巷25號1樓","","3000000","0960810","1030212"
"390","28777690","益盛塑膠實業有限公司","臺中市梧棲區大村里立德街229巷35之2弄1號","","2000000","0960815","1030206"
"391","28779830","展駿工程有限公司","新北市中和區興南路2段34巷42號5樓","","500000","0960820","1030226"
"392","28804107","益嘉國際貿易有限公司","桃園縣平鎮市北華里金陵路260號6樓","","3000000","0961003","1030219"
"393","28804789","苑通企業有限公司","新北市樹林區東榮街206號","","5000000","0961004","1030225"
"394","28842587","佑齊有限公司","臺北市中山區明水路539號地下1樓","","500000","0970124","1030218"
"395","28845613","榮中國際有限公司","臺北市大安區仁愛路3段106號10樓","","3600000","0970212","1030218"
"396","28871941","集石企業有限公司","新北市新店區安興路85之36號1樓","","5000000","0961102","1030214"
"397","28871962","吉石興業有限公司","新北市永和區中正路368巷61號4樓","","5000000","0961102","1030214"
"398","28883307","花開了服裝設計有限公司","臺北市大安區延吉街153之1號","","500000","0961122","1030214"
"399","28894780","沈香王有限公司","臺中市南屯區東興路３段２５７號地下１樓之１","","1000000","0961212","1030227"
"400","28897935","燈王國際有限公司","臺中市北屯區平陽里綏遠路二段215巷8號1樓","","30000000","0961218","1030214"
"401","28911824","樹源有限公司","高雄市茄萣區福德里白砂路542號","","500000","0970111","1030218"
"402","28941600","勤緯企業股份有限公司","高雄市鼓山區文信路３３５號３樓","","5000000","0970313","1030214"
"403","28959306","龍毅科技有限公司","彰化縣彰化市台鳳里互助一街５巷１５３號１樓","","5000000","0970408","1030214"
"404","29004498","聲光色科學玩具有限公司","高雄市左營區自由2路230號5樓","","500000","0970926","1030220"
"405","29012125","臻藏家單車有限公司","高雄市前金區七賢二路203號1樓、2樓之1","","1000000","0980212","1030205"
"406","29014566","藝途海外遊學服務有限公司","高雄市鼓山區龍勝路68號13樓","","250000","0980323","1030211"
"407","29017711","麗瀧貿易有限公司","高雄市左營區自由四路182號1樓","","1000000","0980501","1030221"
"408","29022550","楷峻實業有限公司","高雄市前鎮區光華3路215號14樓","","1000000","0980708","1030220"
"409","29027035","富俐創意有限公司","高雄市新興區復興1路107之6號5樓","","500000","0980904","1030210"
"410","29027422","閎穩國際有限公司","高雄市三民區市中1路384巷71號1樓","","250000","0980909","1030217"
"411","29036415","益珍錡靜有限公司","臺北市中山區樂群三路57號3樓","","2000000","0970616","1030210"
"412","29039193","丁丁科技有限公司","新北市永和區福和路166號","","2000000","0970625","1030226"
"413","29044132","美律國際有限公司","新北市汐止區中興路236-1號12樓","","80000000","0970711","1030224"
"414","29047433","湘楊農業生技有限公司","新北市三重區力行路1段153巷5號（1樓）","","10000000","0970724","1030205"
"415","29049235","縱聯國際管理顧問有限公司","臺北市松山區南京東路4段25號5樓之1","","250000","0970731","1030205"
"416","29051941","鳳晴建設股份有限公司","臺北市大安區忠孝東路3段136號6樓之3","","50000000","0970813","1030206"
"417","29061125","環球智能有限公司","臺北市大安區忠孝東路4段169號11樓之1","","300000","0970922","1030226"
"418","29073332","慶越實業有限公司","新北市永和區中正路9號1樓","","800000","0980629","1030212"
"419","29074058","育馨開發有限公司","新北市中和區瓦里水源路136巷13號3樓","","250000","0980702","1030225"
"420","29079461","堤郃廣告有限公司","臺北市大安區信義路4段254號","","1000000","0980722","1030205"
"421","29091021","丰緣有限公司","桃園縣大溪鎮僑愛里介壽路22巷18弄15號1樓","","500000","0970509","1030214"
"422","29109015","東莞展茂五金實業有限公司","新北市新莊區化成路349巷8號2樓","","1000000","0970610","1030205"
"423","29116141","鑫辰開發股份有限公司","桃園縣龜山鄉大同村大同路175巷2號1樓","","4300000","0970623","1030221"
"424","29131516","鉌毅有限公司","新北市中和區景平路600之3號","","1000000","0990111","1030225"
"425","29136483","浩晟科技有限公司","新北市中和區員山路77巷11弄8號1樓","","1000000","0990205","1030212"
"426","29136879","飛碼城科技有限公司","新北市板橋區光武街110巷18弄2之4號","","1000000","0990208","1030214"
"427","29148299","喜瑞小屋有限公司","新北市林口區南勢里文化三路1段358號2樓之2","","200000","0990412","1030212"
"428","29152933","向科企業有限公司","新北市五股區福德里登林路81之10號8樓","","1000000","0990429","1030206"
"429","29153840","展岦企業有限公司","新北市板橋區光華街19巷8號4樓","","500000","0990504","1030217"
"430","29155713","好泰科技有限公司","新北市新莊區中誠街67-1號2樓","","5000000","0990513","1030207"
"431","29159555","卡朵國際有限公司","新北市三重區和平街47號4樓","","200000","0990531","1030220"
"432","29160188","思倍科技有限公司","新北市新莊區中平路320號3樓","","100000","0990602","1030226"
"433","29162165","華群興業有限公司","新北市林口區文化二路1段34號10樓","","1000000","0990611","1030212"
"434","29163018","振鈞工業有限公司","新北市新莊區昌平里思源路593巷14號4樓","","5000000","0990617","1030206"
"435","29166520","勝邦語言顧問股份有限公司","新北市三峽區中正路1段110號2樓","","900000","0990628","1030225"
"436","29170290","阿網達廣告有限公司","新北市蘆洲區永樂街38巷57弄3號9樓","","1000000","0990716","1030214"
"437","29170995","晉大工程有限公司","新北市中和區忠孝里興南路1段93巷58弄3號","","1000000","0990721","1030224"
"438","29178928","愛發國際生物科技有限公司","新北市萬里區北基里忠五街16號4樓","","100000","0990827","1030210"
"439","30878548","明星投資股份有限公司","臺北市士林區劍潭路28號","","900000","0680314","1030214"
"440","30988566","藍十字股份有限公司","臺北市大安區仁愛路4段122巷63號4樓之5","","5000000","0710911","1030219"
"441","31162774","台灣柯達股份有限公司","臺北市內湖區堤頂大道2段301號3樓之1","","16000000","0700716","1030210"
"442","31169832","上煒企業有限公司","臺北市北投區中央南路2段34巷2號1樓","","10000000","0690428","1030212"
"443","31192658","韋霖鋼鐵有限公司","臺北市內湖區港墘路221巷37號3樓之1","","5000000","0720124","1030220"
"444","34073327","親欣實業股份有限公司","新北市三重區五谷王北街六三號","","20000000","0650220","1030218"
"445","34392933","金禮盒企業有限公司","新北市板橋區大觀路一段三八巷一五六弄二○七之二號","","1000000","0720127","1030225"
"446","35193741","茂盛金屬有限公司","新北市三重區河邊北街二三六號一樓","","11000000","0600312","1030220"
"447","35870518","協拓實業有限公司","新北市三重區仁愛路三一五巷一二號三樓","","5000000","0660922","1030213"
"448","35912691","立大超硬合金有限公司","新北市蘆洲區保和街69巷1號","","5000000","0670518","1030227"
"449","35932520","佳奇工業有限公司","新北市三重區中興北街一五○巷二七號","","2000000","0900419","1030207"
"450","36117840","憶達實業有限公司","新北市三重區集美街75巷8號","","5000000","0710708","1030220"
"451","36278654","樺祥塑膠有限公司","新北市新莊區思源路247號2樓","","5000000","0731026","1030221"
"452","36313478","鴻鄴企業有限公司","新北市新莊區中港二街一○三號一樓","","10000000","0740430","1030227"
"453","36319563","湧鴻工業有限公司","新北市三重區仁忠街五三號","","1000000","0810101","1030211"
"454","40593606","聖賢股份有限公司","宜蘭縣冬山鄉丸山村溪心路185巷16號","","12000000","0640218","1030218"
"455","42028629","貴林木業有限公司","宜蘭縣冬山鄉順安村義成路三段六一巷二七號","","1000000","0670406","1030210"
"456","43434863","德隆窯業股份有限公司","臺北市中山區錦州街311號4樓","","1000000","0590128","1030219"
"457","45185663","力捷印刷股份有限公司","桃園縣中壢市月眉里8鄰月眉路三段262巷77號","","29000000","0730114","1030224"
"458","50502393","宏慶紡織股份有限公司","苗栗縣造橋鄉豐湖村10鄰27號","","2160000","0671127","1030217"
"459","52226401","大將電器有限公司","臺中市北區六合里成功路437之1號1樓","","5000000","0620821","1030218"
"460","52708049","裕章貿易有限公司","臺中市北屯區熱河路一段78號5樓之3","","5000000","0711111","1030227"
"461","52811249","博靖企業有限公司","臺中市西屯區何安里寧夏西三街25號","","5000000","0721006","1030221"
"462","53039356","竑錏精密機械有限公司","桃園縣桃園市中泰里宏昌12街586號10樓","","1000000","0990510","1030225"
"463","53040733","高興國際汽車配件股份有限公司","桃園縣龜山鄉文化三路87號13樓之2","","4500000","0990512","1030219"
"464","53040972","山新機械有限公司","高雄市大社區中里里和平路2段229-1號","","500000","0990512","1030226"
"465","53046504","茂鐽貿易有限公司","臺中市豐原區豐西里忠孝街79巷24號3樓之5","","300000","0990524","1030219"
"466","53050231","京洋有限公司","臺中市北區尚德街119之2號3樓之9 ","","500000","0990531","1030226"
"467","53070497","啟良油漆工程有限公司","桃園縣中壢市四維路12號1樓","","1000000","0990709","1030224"
"468","53075599","老馬洞生物科技有限公司","嘉義市西區泰瑞二街91號5樓2","","200000","0990720","1030220"
"469","53078786","芊芊綠化有限公司","臺南市關廟區埤頭里保東路115巷38號1樓","","500000","0990726","1030219"
"470","53079223","悍貓有限公司","新北市鶯歌區鶯桃路129巷12弄12號","","500000","0990727","1030226"
"471","53081403","萬得福保險經紀人有限公司","臺北市文山區景福街269號","","3000000","0990805","1030206"
"472","53086441","惠喬設計有限公司","臺北市中山區新生北路3段10號7樓","","1000000","0990823","1030206"
"473","53087440","翔翎國際開發有限公司","臺北市大同區民權西路35號5樓之1","","500000","0990826","1030224"
"474","53089101","金采設計開發有限公司","臺北市松山區南京東路4段45號3樓","","1300000","0990902","1030211"
"475","53089931","台灣麥氏國際有限公司","臺北市士林區重慶北路4段165號4樓之2","","1000000","0990907","1030226"
"476","53096623","三籐有限公司","臺北市中正區信陽街31號3樓","","5000000","0990930","1030217"
"477","53101098","至迪有限公司","臺北市士林區大東路26號","","500000","0991015","1030218"
"478","53104010","豐泓科技有限公司","臺北市內湖區安泰街79巷7號4樓","","500000","0991027","1030217"
"479","53107500","金信國際實業股份有限公司","臺北市中山區新生北路3段19巷26號1樓","","1000000","0991109","1030206"
"480","53110250","湯本企業有限公司","臺北市大安區仁愛路4段71巷17號(地下室)","","2400000","0991119","1030225"
"481","53111785","群思資訊有限公司","臺北市士林區德行東路365巷1號2樓","","500000","0991124","1030206"
"482","53114185","制治資訊有限公司","臺北市信義區信義路4段458號11樓(D2)","","300000","0991203","1030225"
"483","53114798","御珍軒有限公司","臺北市大同區重慶北路1段62號、62號2樓","","1000000","0991207","1030226"
"484","53122214","山海屋有限公司","臺北市中山區天津街65號2樓","","2000000","1000103","1030221"
"485","53122468","亞橙企業有限公司","臺北市北投區中央北路2段275號(2樓)","","500000","1000105","1030206"
"486","53129413","朵琳國際企業有限公司","臺中市沙鹿區興安里興安路60巷3弄80號1樓","","1000000","0990727","1030224"
"487","53140677","聖境開發建設有限公司","嘉義市東區長竹里大雅路2段437號1樓","","5000000","0990818","1030212"
"488","53149311","中天煙花有限公司","桃園縣楊梅市大同里楊新北路285號1樓","","2000000","0990906","1030212"
"489","53149451","布袋香食品有限公司","臺北市松山區八德路4段307號","","1000000","0990906","1030214"
"490","53151414","耀新百貨有限公司","南投縣草屯鎮中山里中山街105號","","1750000","0990909","1030227"
"491","53152075","慈暉國際全球有限公司","臺中市沙鹿區鎮政路67號1樓","","3000000","0990910","1030219"
"492","53157178","瑞懋傢飾布有限公司","彰化縣彰化市牛埔里彰興路二段337號1樓","","1000000","0990921","1030212"
"493","53158346","幸運富翁有限公司","桃園縣中壢市光明里三光路86號8樓","","500000","0990924","1030224"
"494","53161980","碁實有限公司","桃園縣龍潭鄉中正村富華街24巷6弄3號","","150000","0991001","1030210"
"495","53165590","彪騰機械工業有限公司","高雄市仁武區灣內里澄合街417號1樓","","1000000","0991008","1030212"
"496","53165830","元利模具有限公司","臺中市清水區南社里南社路265號","","500000","0991008","1030219"
"497","53167725","欣明國際企業有限公司","臺中市西屯區福聯里國際街60-2號前面之1 一樓","","2000000","0991013","1030210"
"498","53169723","愷鴻國際有限公司","新竹市北區西雅里中山路344巷28弄2之1號2樓","","1000000","0991018","1030212"
"499","53188025","威震貿易有限公司","新北市樹林區東興街53號","","1000000","0991025","1030217"
"500","53192864","誠翊廣告設計有限公司","新北市樹林區國凱街47巷7號","","1000000","0991118","1030225"
"501","53198500","普睿新有限公司","新北市板橋區華德里四川路2段117巷10號1樓","","300000","0991214","1030220"
"502","53199281","利御事業有限公司","新北市三峽區龍埔里學勤路20號(1樓)","","1000000","0991217","1030225"
"503","53200040","金立工程有限公司","新北市板橋區國慶路149巷2弄7之4號5樓","","3000000","0991222","1030218"
"504","53206564","碩通綠建材科技股份有限公司","新北市中和區中山路2段122號8樓之3","","10000000","1000121","1030226"
"505","53207923","萬像光電有限公司","新北市板橋區篤行路1段16之1號2樓","","2000000","1000127","1030211"
"506","53208394","合冠廣告事業有限公司","新北市板橋區雙十路2段47巷11號1樓","","1000000","1000128","1030225"
"507","53222425","正磊工程有限公司","新北市新店區中正路284巷4弄11號4樓","","5000000","1000413","1030206"
"508","53228981","星宸科技有限公司","新北市新莊區西盛街429巷2號4樓之2","","500000","1000512","1030205"
"509","53232423","叡伯股份有限公司","高雄市三民區三鳳中街94號2樓","","5000000","1000113","1030224"
"510","53235532","一品鱻冷鏈物流股份有限公司","高雄市鼓山區捷興一街4號","","20000000","1000216","1030128"
"511","53235667","欣宏大實業有限公司","高雄市大寮區內坑路161之23號17樓","","3000000","1000217","1030124"
"512","53236336","國豐節能環保科技股份有限公司","高雄市左營區大順一路93號13樓之1","","2000000","1000223","1030211"
"513","53246691","綠億有限公司","高雄市前金區自強3路240巷5號1樓","","100000","1000513","1030219"
"514","53247410","亞洲中環國際貿易有限公司","高雄市鼓山區中華一路203號10樓","","100000","1000520","1030227"
"515","53249276","聯寰有限公司","高雄市路竹區大仁路175巷10之3號","","1000000","1000608","1030129"
"516","53250385","長明布業有限公司","高雄市前鎮區保泰路163號4樓","","150000","1000617","1030211"
"517","53251700","御品佳國際貿易有限公司","高雄市左營區孟子路172號2樓","","300000","1000630","1030129"
"518","53254191","伊姿娛樂經紀有限公司","高雄市苓雅區四維三路130之2號1樓","","50000","1000722","1030220"
"519","53261593","兄弟姊妹有限公司","臺中市西區雙龍里向上路一段38號1樓","","200000","0991111","1030226"
"520","53261778","烏尼囊茶葉有限公司","臺東縣延平鄉永康村泰平路82號1樓","","3000000","0991111","1030221"
"521","53264000","光翼精密股份有限公司","桃園縣八德市高城路36號1樓","","1200000","0991117","1030212"
"522","53265802","安倍有限公司","苗栗縣後龍鎮大庄里11鄰中山路500巷34號","","1000000","0991119","1030217"
"523","53273697","天樂人間視聽歌唱有限公司","桃園縣桃園市復興路99號3樓","","200000","0991206","1030129"
"524","53273850","裕創電動車有限公司","苗栗縣頭份鎮東庄里自強路198號","","1000000","0991207","1030227"
"525","53282507","東昇肥料有限公司","高雄市鳥松區大華里山腳路256巷2號4樓","","2000000","0991223","1030220"
"526","53284913","柏鋐國際有限公司","臺中市北區青島路一段412號1樓","","5000000","0991228","1030129"
"527","53286975","艾杜夫國際有限公司","臺南市安南區智安四街63號一樓","","1000000","1000103","1030219"
"528","53291317","吉曜科技股份有限公司","臺南市仁德區土庫里中正路3段421號","","10000000","1000112","1030211"
"529","53294320","異創系統傢飾裝潢有限公司","桃園縣中壢市龍平里後龍街40巷43號","","1000000","1000118","1030226"
"530","53298199","台陽肥料股份有限公司","屏東縣屏東市橋南里工業五路13號","","5000000","1000125","1030210"
"531","53300189","瑞麟實業股份有限公司","臺南市永康區大橋三街181號3樓","","7000000","1000128","1030213"
"532","53302428","鍩特有限公司","高雄市楠梓區加昌路785號2樓之2","","1000000","1000208","1030224"
"533","53303812","布萊莓藍鯨生技有限公司","桃園縣八德市瑞發里瑞發街107巷6弄12號2樓","","1000000","1000214","1030221"
"534","53306819","邦德利貿易有限公司","臺中市南區平和里新和街15號1樓","","3000000","1000222","1030218"
"535","53308160","三巧國際有限公司","臺中市北屯區三光里北屯路198-7號2樓","","500000","1000224","1030211"
"536","53310882","台灣美泰生物科技有限公司","臺北市大安區忠孝東路4段147巷1號12樓","","300000","1000201","1030211"
"537","53315943","環天國際有限公司","臺北市大安區敦化南路1段205號13樓之6","","60000","1000302","1030220"
"538","53319639","天翊工程有限公司","臺北市中山區復興北路48號3樓","","1000000","1000315","1030217"
"539","53329475","傳醫有限公司","臺北市中正區汀洲路1段218巷6號","","500000","1000414","1030220"
"540","53339240","翡御國際珠寶有限公司","臺北市大安區仁愛路4段62號12樓之3","","10000000","1000518","1030206"
"541","53342619","凱昕建設股份有限公司","臺北市士林區重慶北路4段248號2樓","","25000000","1000527","1030218"
"542","53345030","紅葉資本有限公司","臺北市信義區基隆路1段333號17樓","","123000000","1000602","1030219"
"543","53350048","信德保險經紀人股份有限公司","臺北市內湖區瑞光路288號2樓之1","","5000000","1000620","1030221"
"544","53350075","笙華貿易股份有限公司","臺北市信義區永吉路302號10樓之3","","3000000","1000620","1030217"
"545","53350455","鑫海富水產有限公司","臺北市內湖區大湖山莊街219巷16弄5號1樓","","2000000","1000621","1030225"
"546","53356367","勃冠科技實業有限公司","臺北市信義區忠孝東路5段1號12樓","","1000000","1000707","1030217"
"547","53356508","美學裝潢有限公司","臺北市中山區南京東路3段1號5樓","","500000","1000708","1030227"
"548","53358105","恩豐國際有限公司","新北市淡水區自立路15巷15號18樓","","200000","1000714","1030226"
"549","53358554","山行生活設計有限公司","臺北市中山區民生東路2段92巷1弄16號1樓","","200000","1000715","1030210"
"550","53358941","巴洛克企業有限公司","臺北市中山區松江路283號5樓之1","","1000000","1000718","1030218"
"551","53361474","神都喜有限公司","臺中市西屯區福林里福科路637號1樓","","1000000","1000303","1030212"
"552","53366338","善科建設有限公司","臺南市善化區光文里大成路274號1樓","","6000000","1000311","1030217"
"553","53366463","鈺晨實業有限公司","新竹縣芎林鄉上山村光復一街2號","","5000000","1000311","1030211"
"554","53366581","博鑫開發事業有限公司","臺中市南區南和路177-1號22樓之1","","250000","1000314","1030220"
"555","53368568","嶸桂企業有限公司","新竹市三民里民生路10巷25號3樓之7","","5000000","1000316","1030207"
"556","53372900","永悅樓餐飲股份有限公司","嘉義市西區興業西路369號2樓","","2200000","1000323","1030225"
"557","53377530","伽銘企業有限公司","臺南市安平區國平路599號6樓之3","","500000","1000331","1030219"
"558","53381204","翔創企業有限公司","臺中市西區忠明里館前路16號25樓之3","","5000000","1000408","1030218"
"559","53388987","星級有限公司","嘉義市西區西平里博愛路二段459號","","1000000","1000422","1030220"
"560","53403452","艾富圖有限公司","臺中市西屯區文心路三段308號8樓之3","","1000000","1000519","1030215"
"561","53408800","明御股份有限公司","彰化縣北斗鎮光復里宮後街192巷18弄2號","","450000","1000530","1030213"
"562","53412678","多沛滋有限公司","臺北市中山區松江路226巷8號","","1000000","1000530","1030213"
"563","53413830","鏡界國際有限公司","新北市三重區集美街112巷1號6樓","","5000000","1000603","1030207"
"564","53414319","晟安營造股份有限公司","新北市永和區中和路345號9樓","","6000000","1000608","1030227"
"565","53416055","睿浤有限公司","新北市板橋區莒光路133巷7弄4之1號(1樓)","","168000","1000616","1030221"
"566","53420451","鑫利來實業有限公司","新北市板橋區僑中一街80巷6弄11之2號","","200000","1000705","1030212"
"567","53438760","裕恩精密有限公司","新北市新莊區龍安路224號(1樓)","","1000000","1000923","1030221"
"568","53438939","意匠室內裝修有限公司","新北市蘆洲區民族路296號5樓","","300000","1000926","1030226"
"569","53452312","雅能皮鞋有限公司","新北市新莊區幸福路64巷6號","","1000000","1001013","1030206"
"570","53452354","景升工程有限公司","新北市板橋區龍興街73巷7之2號3樓","","500000","1001013","1030207"
"571","53454542","幻雲科技股份有限公司","嘉義市西區友愛路237號6樓之2","","15000000","1001021","1030212"
"572","53479641","敬格國際事業股份有限公司","臺中市西區民龍里公益路113號1樓","","1000000","1000620","1030217"
"573","53482147","國昌生活有限公司","桃園縣中壢市中原里忠勤街15號1樓","","500000","1000624","1030210"
"574","53488085","海西國際開發股份有限公司","南投縣埔里鎮枇杷里樹人一街30號1樓","","5000000","1000705","1030220"
"575","53488120","新達鞋業有限公司","臺中市外埔區中山里大馬路242號","","600000","1000705","1030225"
"576","53488281","台灣瑞達不動產仲介經紀有限公司","臺中市烏日區九德里中山路一段606號1、2樓","","1000000","1000705","1030220"
"577","53500525","永鼎空間設計有限公司","臺中市西區中興里向上路一段86號2樓","","250000","1000728","1030213"
"578","53525125","品野奇多媒體廣告有限公司","臺北市松山區復興北路1號14樓之6","","1000000","1000805","1030211"
"579","53525201","佳馬食品有限公司","臺北市中山區松江路274號4樓","","2000000","1000805","1030224"
"580","53525700","禾璽室內設計有限公司","臺北市信義區基隆路1段155號12樓之5","","500000","1000808","1030227"
"581","53529494","久輝國際有限公司","臺北市中山區南京東路2段160號3樓","","1000000","1000822","1030219"
"582","53530324","大勵德醫療器材有限公司","臺北市大安區建國南路1段152號2樓","","1000000","1000824","1030205"
"583","53531941","匡曜興業股份有限公司","臺北市大同區市民大道1段209號13樓","","1000000","1000829","1030219"
"584","53532955","義晰顧問有限公司","臺北市信義區光復南路495號1樓","","500000","1000902","1030226"
"585","53536100","口袋藝文有限公司","臺北市大安區麗水街33巷23號1樓","","500000","1000914","1030207"
"586","53539417","盛世華威有限公司","新北市三重區光復路1段130巷9號(5樓)","","2500000","1000926","1030213"
"587","53545570","華濟行銷顧問有限公司","臺北市信義區松德路65號11樓之2","","1000000","1001014","1030224"
"588","53546579","格瑞創意媒體有限公司","臺北市大安區羅斯福路3段65號4樓之1","","600000","1001018","1030226"
"589","53549506","宏盛資訊科技有限公司","臺北市中正區新生南路1段50號5樓之3","","2000000","1001026","1030205"
"590","53550720","宥騰科技資訊有限公司","臺北市大安區復興南路1段368號13樓","","500000","1001101","1030227"
"591","53552430","佑磚國際股份有限公司","臺北市松山區光復北路145號1樓","","12000000","1001107","1030217"
"592","53554248","邁思特創意有限公司","臺北市松山區延壽街82號7樓","","1000000","1001114","1030214"
"593","53556793","樺園國際股份有限公司","臺北市文山區和興路7號","","5000000","1001122","1030211"
"594","53560298","藏富國際企業有限公司","臺北市松山區南京東路5段239號9樓之3","","200000","1001205","1030217"
"595","53572029","意美達國際企業有限公司","高雄市左營區菜公里孟子路59號","","50000","1001004","1030214"
"596","53572978","佶昇彩色印刷有限公司","高雄市鳳山區鳳松路84號","","500000","1001013","1030220"
"597","53574011","綠雅素有限公司","高雄市大寮區明德路57巷2號","","1000000","1001024","1030218"
"598","53584566","頂森企業有限公司","高雄市三民區春陽街８９號２０樓之１","","1000000","1010208","1030214"
"599","53585805","創將科技股份有限公司","高雄市三民區恆豐街３３２巷１８號","","1000000","1010221","1030212"
"600","53588465","齊林國際有限公司","臺中市西區忠明里臺灣大道2段498號5樓之1","","200000","1010314","1030220"
"601","53591166","朝易資產管理興業有限公司","高雄市路竹區復興路327巷88弄11號","","100000","1010405","1030218"
"602","53596845","潤大食品實業有限公司","高雄市美濃區泰和路22號","","1000000","1010522","1030211"
"603","53598148","騰煬寢具有限公司","高雄市苓雅區四維四路199號8樓之4","","200000","1010531","1030221"
"604","53601072","超級便利有限公司","臺南市永康區正南五街405號1樓","","3000000","1000908","1030225"
"605","53601208","伊夫比實業有限公司","桃園縣八德市大安里建安街23巷34號1樓","","1000000","1000908","1030226"
"606","53609004","申盟金屬股份有限公司","臺南市歸仁區歸仁里中山路一段42之1號","","15000000","1000927","1030212"
"607","53614040","沂洋食品有限公司","臺中市南屯區寶山里向上路五段598-7號","","500000","1001006","1030218"
"608","53617927","桃香飲料有限公司","臺中市烏日區溪壩里1鄰溪南路一段807巷25號","","350000","1001014","1030212"
"609","53619501","康僑生技有限公司","臺中市北屯區昌平路一段107之1號2樓","","500000","1001018","1030226"
"610","53621041","汯川實業有限公司","臺南市永康區尚頂里34鄰中正南路375巷1號","","3000000","1001020","1030217"
"611","53621648","銓海有限公司","臺中市大里區國光路二段264號1樓","","1000000","1001021","1030207"
"612","53625095","台美農業科技股份有限公司","臺中市北區國瑞街96號1樓","","600000","1001028","1030213"
"613","53626854","不一樣本舖股份有限公司","臺中市南區和昌街268巷9號","","1500000","1001101","1030220"
"614","53630061","丹特仕牙體科技股份有限公司","","","0","1001109","1030207"
"615","53631391","誠心實業有限公司","臺中市大甲區光明路119巷66-12號1樓","","200000","1001111","1030211"
"616","53634691","盛永電子有限公司","苗栗縣苗栗市福安里1鄰中華東街166巷25弄17號","","200000","1001118","1030227"
"617","53634799","陳照明有限公司","屏東縣屏東市豐田里高豐街61號1樓","","250000","1001118","1030217"
"618","53639598","傣鉦實業有限公司","南投縣南投市內興里光明一路445號","","50000","1001130","1030206"
"619","53639788","信鋐實業有限公司","臺中市西屯區惠來里惠中路76之4號1樓","","2000000","1001130","1030225"
"620","53641927","奇鋒消防安全設備有限公司","臺南市安南區安富里府安路五段220號2樓","","1000000","1001205","1030221"
"621","53646401","寶麗傳播有限公司","臺中市西區藍興里自由路一段30巷5弄7號2樓","","1200000","1001212","1030221"
"622","53680821","羅特士烘焙事業有限公司","新北市中和區員山路501號","","3000000","1010118","1030226"
"623","53681531","環宇資源再生股份有限公司","新北市新莊區復興路1段218巷9號","","500000","1010130","1030206"
"624","53682026","遊戲蘋果科技有限公司","新北市板橋區海山里長安街178巷8號4樓","","1000000","1010203","1030214"
"625","53682519","新安寵物企業有限公司","新北市汐止區建成路23巷45號","","1000000","1010207","1030226"
"626","53684636","禾紳科技有限公司","新北市板橋區稚暉街20號3樓","","1000000","1010216","1030226"
"627","53685585","佰奧自動化設備有限公司","新北市汐止區汐萬路1段418巷1弄14號(1樓)","","1200000","1010221","1030217"
"628","53689999","慧陽國際有限公司","新北市林口區中正路484號（1樓）","","1000000","1010312","1030205"
"629","53690068","煌家不動產仲介有限公司","新北市三峽區復興路311之1號","","1000000","1010313","1030213"
"630","53691828","艾聯國際有限公司","新北市板橋區海山里民生路1段33號8樓之3","","10000000","1010320","1030227"
"631","53693311","汎宇視覺設計有限公司","新北市中和區建八路139巷9弄2號(2樓)","","4000000","1010326","1030210"
"632","53693733","哈妹爾餐飲有限公司","新北市五股區自強路22號","","100000","1010328","1030225"
"633","53693939","玄鉅有限公司","新北市五股區成功里成泰路3段221巷36號","","1000000","1010328","1030217"
"634","53700946","皇泰國際企業有限公司","新北市新莊區中港一街49號(1樓)","","500000","1010427","1030226"
"635","53703253","定捷生技企業有限公司","新北市泰山區明志路2段136巷2弄11號6樓","","300000","1010509","1030225"
"636","53711155","生盛實業有限公司","新北市板橋區篤行路1段10號4樓","","500000","1010615","1030224"
"637","53711401","家俊有限公司","新北市中和區圓通路417之1號","","1000000","1010619","1030217"
"638","53721007","豐有有限公司","新北市中和區連和里中山路2段315巷10號6樓","","3000000","1010803","1030217"
"639","53727369","年代科技有限公司","新北市新莊區瓊林南路233號(1樓)","","100000","1010903","1030226"
"640","53735760","華亞國際科技有限公司","臺北市松山區八德路3段225號11樓之4","","1000000","1010208","1030220"
"641","53739739","樂特利股份有限公司","臺北市信義區信安街86號1樓","","5000000","1010223","1030206"
"642","53740975","吉安不動產經紀股份有限公司","臺北市信義區莊敬路206號1樓","","1000000","1010301","1030213"
"643","53741377","奇異果服飾有限公司","臺北市北投區石牌路2段315巷28弄7號","","500000","1010301","1030212"
"644","53749429","澐品有限公司","臺北市松山區南京東路5段308號8樓之2","","1500000","1010323","1030220"
"645","53750945","興圓實業有限公司","臺北市南港區忠孝東路6段185巷1弄6號2樓","","500000","1010329","1030217"
"646","53752818","永信置業國際開發有限公司","臺北市中山區吉林路245號5樓","","1600000","1010403","1030212"
"647","53756666","林文河企業管理顧問有限公司","臺北市信義區東興路45號9樓","","300000","1010417","1030219"
"648","53766685","皮痞客有限公司","臺北市信義區吳興街600巷56之1號3樓","","500000","1010518","1030218"
"649","53768184","宬宏有限公司","臺北市中山區復興北路342號3樓之1","","200000","1010524","1030211"
"650","53771694","鐖品鐘錶股份有限公司","臺北市大同區南京西路346號12樓","","1000000","1010605","1030219"
"651","53772167","星展資產管理有限公司","臺北市中山區龍江路147號7樓之6","","1000000","1010606","1030206"
"652","53772716","九成九國際實業有限公司","臺北市士林區德行西路40號1樓","","2000000","1010607","1030226"
"653","53775312","琪琪有限公司","臺北市中山區復興北路344號12樓","","100000","1010619","1030211"
"654","53779008","琮泰企業有限公司","臺北市中山區德惠街193巷25號","","1000000","1010628","1030211"
"655","53779083","必思美有限公司","臺北市信義區松智路1號11樓","","50000","1010628","1030221"
"656","53780379","龍鳳管理顧問有限公司","桃園縣桃園市龍鳳里龍鳳三街65巷14號2樓","","300000","1001221","1030211"
"657","53782382","易傳有限公司","桃園縣龜山鄉楓樹村光明街290巷23號1樓","","500000","1001227","1030226"
"658","53786021","金寶億國際企業有限公司","彰化縣永靖鄉五汴村九分路561巷2弄5號1樓","","1000000","1010103","1030226"
"659","53787008","至烶有限公司","花蓮縣花蓮市國威里民國路159號2樓","","200000","1010105","1030225"
"660","53787231","巨崴興業有限公司","臺南市北區成德里和緯路2段135號1樓","","200000","1010105","1030227"
"661","53789414","六順砂石企業有限公司","苗栗縣竹南鎮照南里立達街212巷13號","","3500000","1010111","1030221"
"662","53794970","正達農產開發有限公司","臺中市西區中興里公益路132號3樓","","250000","1010130","1030225"
"663","53795268","億佶鑽有限公司","嘉義縣中埔鄉和睦村中華路798巷49弄11號1樓","","2000000","1010130","1030226"
"664","53797717","久誼國際有限公司","桃園縣桃園市明德街24巷18號","","200000","1010207","1030212"
"665","53799567","銓棨企業有限公司","臺中市北區梅川西路4段149號1樓","","500000","1010210","1030225"
"666","53804560","奇承聯合企業有限公司","臺中市南區樹義里復興路一段319之20號3樓之2","","1000000","1010222","1030211"
"667","53809100","來就富建設有限公司","臺中市豐原區大湳里25鄰大仁街25號2樓","","12000000","1010302","1030210"
"668","53814770","僑泰昌實業有限公司","桃園縣中壢市內定里內定十街251巷62號1樓","","1000000","1010314","1030213"
"669","53819114","成泰國際應材有限公司","新北市三峽區成福路270號","","5000000","1010321","1030227"
"670","53820029","葡萄科技股份有限公司","新竹市大學路68號2樓之2","","2000000","1010322","1030226"
"671","53820301","威彩通訊有限公司","臺中市西屯區逢甲里福上巷296號1樓","","300000","1010323","1030207"
"672","53821126","朝陽顧問有限公司","桃園縣中壢市興和里中豐北路一段732號2樓","","100000","1010326","1030211"
"673","53834375","綺綺林國際有限公司","臺中市豐原區圓環北路二段223巷16弄4號","","500000","1010417","1030213"
"674","53840279","巧聖事業有限公司","苗栗縣苗栗市文山里6鄰正展路20巷7號1樓","","3000000","1010427","1030217"
"675","53841994","詠鉦鑫有限公司","桃園縣蘆竹鄉錦興村光明路二段11-3號","","1000000","1010503","1030217"
"676","53846858","翻滾資訊有限公司","臺南市麻豆區東角里民生路35-9號1樓","","500000","1010510","1030224"
"677","53847505","詠順昌消防有限公司","嘉義市西區車店里上海路175號1樓","","200000","1010511","1030226"
"678","53848589","金員有限公司","臺中市北屯區熱河路二段97號1樓","","5000000","1010515","1030206"
"679","53857806","賜隆實業有限公司","彰化縣溪湖鎮湖東里湖東街28號","","1500000","1010531","1030224"
"680","53874208","奇創智權股份有限公司","桃園縣新屋鄉頭洲村2鄰民族路6段611、613號","","1000000","1010704","1030205"
"681","53885839","柏喬實業有限公司","高雄市苓雅區中正二路141號3樓之1","","5000000","1010810","1030224"
"682","53886422","先統有限公司","高雄市前鎮區擴建路1之31號3樓","","1000000","1010815","1030219"
"683","53887689","建興餐飲有限公司","高雄市前鎮區中華五路1468號","","1000000","1010823","1030129"
"684","53909733","九翔顧問股份有限公司","臺北市松山區八德路4段465號7樓","","3200000","1010702","1030212"
"685","53913531","洺利國際有限公司","臺北市中山區吉林路329巷9號1樓","","1000000","1010712","1030218"
"686","53913645","正男國際開發有限公司","新北市林口區湖南里民享路54之3號(1樓)","","1000000","1010716","1030206"
"687","53920076","藏瓏建設股份有限公司","臺北市中山區南京東路3段201號3樓","","500000","1010803","1030211"
"688","53925109","鎰詮有限公司","臺北市大同區敦煌路50號1樓","","2000000","1010822","1030213"
"689","53925728","弘融資產管理顧問股份有限公司","臺北市中正區重慶南路1段83號6樓","","5000000","1010823","1030227"
"690","53934058","真理自由有限公司","臺北市北投區知行路7巷3號","","16888","1010921","1030226"
"691","53934395","普飛特汽車實業有限公司","臺北市士林區德行東路85號1樓","","100000","1010924","1030210"
"692","53938625","哇哇購物有限公司","臺北市信義區忠孝東路4段560號10樓之2","","500000","1011005","1030227"
"693","53939997","流行愛菲有限公司","臺北市北投區溫泉路73巷1號2樓","","2000000","1011011","1030212"
"694","53943015","富譁國際有限公司","臺北市中山區南京東路3段201號3樓","","100000","1011022","1030211"
"695","53946174","臺灣臺風尙國際貿易有限公司","臺北市中山區農安街152號2樓","","1000000","1011029","1030214"
"696","53948285","策意象股份有限公司","臺北市信義區忠孝東路5段1之7號9樓","","55000","1011106","1030207"
"697","53950205","友源有限公司","臺北市南港區重陽路59號","","100000","1011112","1030218"
"698","53950325","小鹿有限公司","臺北市大安區安和路1段137號","","50000","1011113","1030227"
"699","53950373","威登國際企業有限公司","臺北市大安區光復南路390號5樓","","1000000","1011114","1030211"
"700","53951653","天堂鳥工坊有限公司","臺北市大安區忠孝東路4段107號12樓之1","","500000","1011119","1030220"
"701","53953097","蓓麗緹國際有限公司","臺北市中山區中山北路3段30號6樓之2","","200000","1011123","1030206"
"702","53953694","雅杰實業有限公司","臺北市松山區南京東路5段206號12樓之1","","3000000","1011126","1030225"
"703","53962434","心茗有限公司","桃園縣桃園市國聖一街178號2樓","","20000","1010723","1030225"
"704","53966059","阿宅雲端科技有限公司","臺中市西屯區何仁里西屯路二段100-17號1樓","","1000000","1010731","1030207"
"705","53966353","麥禾豆貿易股份有限公司","雲林縣虎尾鎮新興里光明路123號1樓","","2000000","1010731","1030221"
"706","53981930","至廣股份有限公司","桃園縣桃園市大豐里樹林四街6號1樓","","6000000","1010907","1030219"
"707","53983206","承威國際企業有限公司","臺中市太平區新高里廣三街61號1樓","","1000000","1010912","1030219"
"708","53985464","捷信實業有限公司","桃園縣蘆竹鄉中福村興中街53號10樓之3","","200000","1010917","1030219"
"709","53989139","桓孟國際有限公司","桃園縣桃園市民有三街22號4樓之1","","680000","1010926","1030224"
"710","53993886","煥珅有限公司","彰化縣伸港鄉海尾村濱二路204號1樓","","500000","1011008","1030207"
"711","53998290","米蒂亞國際貿易有限公司","桃園縣桃園市中山路425巷6號6樓之8","","1500000","1011017","1030212"
"712","53998572","永業有限公司","桃園縣中壢市華愛里利仁新村93號1樓","","1000000","1011018","1030205"
"713","54001218","台傑材料科技有限公司","桃園縣大園鄉埔心村埔心街2之4號1樓","","1000000","1011025","1030219"
"714","54002096","彥廷裝潢企業有限公司","臺中市大里區大明里大明路282號1樓","","1000000","1011025","1030214"
"715","54003341","機潮國際貿易有限公司","新竹市磐石里國光街90號","","200000","1011031","1030227"
"716","54003362","鴻廷貿易有限公司","新竹縣竹東鎮大鄉里中正南路37巷2之1號3樓","","100000","1011031","1030218"
"717","54011779","樂葳有限公司","新北市新莊區中原里中港路701巷7號","","1000000","1010925","1030221"
"718","54016471","盈潤國際有限公司","新北市三重區重新路5段511之1號17樓","","1000000","1011019","1030211"
"719","54016612","竑宥科技實業有限公司","新北市新莊區頭前里化成路364巷23號(2樓)","","1500000","1011022","1030214"
"720","54018772","焱鑫科技有限公司","臺北市大安區信義路3段105號4樓之2","","1000000","1011030","1030227"
"721","54025669","華邦國際貿易有限公司","新北市汐止區厚德里樟樹一路135巷24號5樓","","2000000","1011203","1030224"
"722","54026175","腦果汁創意影像有限公司","新北市板橋區民生路3段323號11樓之2","","150000","1011205","1030211"
"723","54029980","寶迪凱亞國際貿易股份有限公司","新北市板橋區雙十路2段227號4樓","","1000000","1011224","1030221"
"724","54034560","詠燁國際有限公司","新北市中和區泰和街30巷9號(1樓)","","1000000","1020117","1030207"
"725","54034935","全和消防工程有限公司","新北市新莊區化成里化成路352巷12號（1樓）","","5000000","1020118","1030227"
"726","54036976","采和有限公司","臺北市大同區南京西路22號5樓","","500000","1020129","1030225"
"727","54038159","御雷企業股份有限公司","新北市三重區重新路2段78號7樓","","2000000","1020204","1030226"
"728","54043293","佳錫有限公司","新北市五股區中興路1段1巷12弄14號(2樓)","","50000","1020308","1030226"
"729","54047951","琥騰開發有限公司","桃園縣桃園市中正路1456號3樓","","1000000","1020325","1030205"
"730","54050548","元弈國際有限公司","新北市新店區達觀路16號7樓之6","","1000000","1020403","1030220"
"731","54050596","展煜光電科技股份有限公司","新北市新店區如意街13巷3弄21號(1樓)","","12000000","1020408","1030205"
"732","54052026","春一國際有限公司","新北市新店區中正路639號8樓","","2000000","1020411","1030224"
"733","54052052","鈰海有限公司","新北市新店區公崙里安康路2段20號","","500000","1020411","1030227"
"734","54060927","立緯開發有限公司","臺南市中西區赤崁里中成路39號1樓","","5000000","1010810","1030227"
"735","54074534","豐誠不動產有限公司","臺南市東區崇德里崇德路420號1樓","","1000000","1020415","1030213"
"736","54075175","和慶電子有限公司","臺南市永康區王行里經中路10號","","1000000","1020424","1030218"
"737","54077455","添得美企業有限公司","臺南市安平區怡平里永華六街66號2樓之5","","1000000","1020529","1030220"
"738","54082181","星谷創意行銷有限公司","臺南市安南區州南里安和路4段537巷7號1樓","","200000","1020813","1030205"
"739","54083647","志華有限公司","臺南市南區公英三街35號1樓","","1000000","1020903","1030210"
"740","54090491","銘利興業有限公司","桃園縣觀音鄉崙坪村忠愛路三段36號","","1000000","1011116","1030213"
"741","54092131","野薑花有限公司","屏東縣屏東市大連里豐榮街108號1樓","","600000","1011121","1030217"
"742","54096381","潤農生技有限公司","新竹市高峰里高翠路160巷160號4樓","","100000","1011130","1030218"
"743","54097305","世紀歐得行銷開發有限公司","臺中市西區中興里公益路130號9樓","","1000000","1011203","1030220"
"744","54099036","非凡醫創股份有限公司","桃園縣中壢市健行里中北路2段208巷11號7樓","","1000000","1011207","1030211"
"745","54104586","永建工程有限公司","桃園縣八德市永固街46號1樓","","3000000","1011220","1030214"
"746","54107731","蕎福國際貿易有限公司","臺中市南區和平里復興路二段71巷77弄66號12樓","","1000000","1011226","1030217"
"747","54109739","成心行動商務有限公司","臺中市西區藍興里柳川東路二段92號1樓","","1180000","1020102","1030211"
"748","54112501","陳杰美髮院有限公司","桃園縣桃園市同德里中正路1121號2樓","","500000","1020102","1030212"
"749","54113184","極品有限公司","彰化縣花壇鄉白沙村彰員路三段337巷28弄56號1樓","","1000000","1020109","1030226"
"750","54121229","御能國際有限公司","新竹縣竹東鎮頭重里竹中路25之3號4樓之1","","200000","1020128","1030220"
"751","54122971","盛明有限公司","新竹市東區南門里中華路二段555號","","500000","1020131","1030211"
"752","54127096","柔姒儷企業有限公司","嘉義縣民雄鄉秀林村溪底寮11-1號","","600000","1020207","1030219"
"753","54133864","宇茗生物科技有限公司","桃園縣平鎮市新英里新富街112號6樓","","100000","1020306","1030213"
"754","54137881","銳駿資源有限公司","臺中市南屯區大業里公益路二段51號11樓","","5000000","1020314","1030226"
"755","54138615","立迅精密有限公司","臺中市南屯區大同里大進街27巷7號1樓","","2000000","1020318","1030224"
"756","54139261","酷酷搜企業有限公司","臺北市信義區永吉路180巷66弄33號","","520000","1011213","1030206"
"757","54140204","邁步寵物創意工作室有限公司","臺北市大安區忠孝東路4段223巷53號1樓","","700000","1011218","1030221"
"758","54151335","美麥顧問有限公司","臺北市大安區忠孝東路3段211號7樓","","300000","1011224","1030212"
"759","54159189","泓廣實業股份有限公司","臺北市內湖區民權東路6段160號7樓之1","","6000000","1020122","1030225"
"760","54159250","伊希斯咪亞有限公司","臺北市中正區忠孝西路1段72號10樓之18","","50000","1020122","1030210"
"761","54159667","華樂顧問有限公司","臺北市中山區南京東路2段76號4樓","","300000","1020123","1030224"
"762","54161191","偉祥有限公司","臺北市士林區忠誠路2段76巷6號1樓","","500000","1020129","1030214"
"763","54163395","杰成品牌行銷有限公司","臺北市中山區南京東路3段201號3樓之1","","1000000","1020204","1030213"
"764","54163753","中智聯合發展股份有限公司","新北市永和區信義里永和路2段57號7樓","","6000000","1020205","1030224"
"765","54165561","豪記影業有限公司","臺北市中山區南京東路3段189號8樓","","200000","1020208","1030207"
"766","54165627","森氧多生技股份有限公司","臺北市信義區光復南路495號2樓之1","","300000","1020208","1030224"
"767","54166359","禾信昌國際有限公司","臺北市信義區忠孝東路5段1-6號10樓","","300000","1020221","1030210"
"768","54169454","串香珍企業有限公司","臺北市南港區忠孝東路7段598號","","1000000","1020306","1030220"
"769","54170537","凱錫科技行銷股份有限公司","臺北市松山區南京東路5段64號8樓之1","","3600000","1020308","1030207"
"770","54173210","富動有限公司","臺北市萬華區水源路209之3號7樓","","300000","1020318","1030224"
"771","54180922","龍璽建設有限公司","臺北市信義區基隆路1段159號6樓","","1000000","1020411","1030225"
"772","54182858","愛迪思高數位科技股份有限公司","臺北市信義區光復南路495號","","1500000","1020417","1030214"
"773","54182908","馬來皇家貿易有限公司","臺北市大安區光復南路296號9樓之2","","1000000","1020417","1030210"
"774","54185145","騰創貿易有限公司","臺北市大安區敦北南路1段294號13樓","","100000","1020423","1030217"
"775","54192188","豐畦企業有限公司","高雄市岡山區育才路72巷8號","","600000","1020409","1030218"
"776","54194860","燦弘有限公司","高雄市梓官區通安路17巷22號1樓","","2000000","1020429","1030206"
"777","54198465","永約科技有限公司","高雄市鳳山區文仁街53號","","2000000","1020527","1030214"
"778","54199014","海德灣科技股份有限公司","高雄市楠梓區德賢路535號7樓","","3000000","1020530","1030217"
"779","54199422","宏大投資顧問有限公司","高雄市新興區中正三路55號11樓之2","","50000","1020604","1030220"
"780","54199719","安禾健康管理顧問有限公司","高雄市鳳山區過勇路67號2樓","","100000","1020606","1030226"
"781","54204311","大立金國際事業有限公司","高雄市新興區民生一路56號7樓之4","","1000000","1020711","1030205"
"782","54206916","鼎昌國際科技有限公司","高雄市湖內區正義一路137號1樓","","1000000","1020801","1030217"
"783","54209224","新展節能實業有限公司","高雄市岡山區柳橋西路104號1樓","","1300000","1020823","1030214"
"784","54209821","雅事樂實業有限公司","雲林縣斗六市社口里大智街13號10樓","","180000","1020830","1030206"
"785","54211093","笙寶國際有限公司","高雄市仁武區澄合一街55巷1號1樓","","500000","1020912","1030219"
"786","54212261","耀紅生技事業有限公司","高雄市苓雅區建國一路197巷14號1樓","","5000000","1020924","1030217"
"787","54216554","志旺開發股份有限公司","高雄市旗津區旗津二路237號1樓","","5000000","1021029","1030205"
"788","54219454","沐朋建設有限公司","臺中市太平區樹孝路115巷5弄29號1樓","","1000000","1020319","1030219"
"789","54223865","育豐生物科技有限公司","宜蘭縣五結鄉五結村五結北路2之3號1樓","","500000","1020326","1030218"
"790","54226770","嘉南中興不動產有限公司","嘉義市西區福全里中興路229號1樓","","1000000","1020401","1030213"
"791","54229690","利研科技有限公司","桃園縣桃園市龍安街152巷42號","","1000000","1020409","1030210"
"792","54230970","心漾時尚股份有限公司","新竹縣竹北市博愛街223號1樓","","300000","1020411","1030218"
"793","54233478","億酷達有限公司","臺中市太平區立功路97號1樓","","100000","1020416","1030218"
"794","54235004","達欣金屬有限公司","桃園縣蘆竹鄉蘆竹村南工路100號2樓","","200000","1020418","1030218"
"795","54249979","安佳國際有限公司","桃園縣桃園市信光路38號5樓","","1000000","1020517","1030217"
"796","54253500","夢想實踐家有限公司","桃園縣中壢市龍岡里19鄰龍岡路三段650巷69號 ","","250000","1020524","1030214"
"797","54255015","巧承仲合企業有限公司","桃園縣蘆竹鄉大竹村大新二街55號1樓","","1000000","1020528","1030224"
"798","54257148","恆景螺絲工業有限公司","桃園縣龜山鄉龜山村中和路149號","","500000","1020531","1030205"
"799","54262276","肉蛋先生國際餐飲有限公司","雲林縣虎尾鎮立仁里四維街61-1號","","250000","1020611","1030213"
"800","54271839","億新實業有限公司","新北市三重區興德路123之7號5樓","","2000000","1020523","1030225"
"801","54280112","伊人秀美學中心有限公司","新北市淡水區民族路31之3號","","500000","1020627","1030226"
"802","54280534","米包好滋有限公司","新北市新店區民權路53號(1、2樓)","","5000000","1020628","1030224"
"803","54282913","金齡生活事業有限公司","新北市石碇區八分寮31之2號","","1000000","1020709","1030206"
"804","54285545","阜康人力資源有限公司","新北市三重區光明路84巷12號","","200000","1020722","1030219"
"805","54285756","誠諾國際有限公司","臺北市中正區許昌街42之1號10樓","","1000000","1020722","1030226"
"806","54287353","達昌不動產經紀有限公司","新北市深坑區深坑里北深路2段108號","","300000","1020729","1030211"
"807","54295430","醬夯有限公司","新北市新莊區四維路179巷4號","","1000000","1020906","1030214"
"808","54295987","冠德物業管理顧問有限公司","新北市汐止區中興路168號4樓之4","","500000","1020911","1030212"
"809","54299288","尚廣科技有限公司","新北市三重區仁愛街283巷30號5樓","","20000","1020926","1030207"
"810","54300659","家香實業股份有限公司","新北市新莊區福基里化成路814巷17號(2樓)","","1000000","1021002","1030214"
"811","54301735","致研有限公司","新北市樹林區三俊街252巷5號(1樓)","","1000000","1021008","1030226"
"812","54309883","府東企業有限公司","新北市土城區中央路2段61巷34弄5號5樓","","2000000","1021113","1030221"
"813","54317758","冠全資產管理有限公司","新北市中和區中和路300號15樓之1","","5000000","1021220","1030221"
"814","54322555","惟翔國際有限公司","臺北市大安區忠孝東路4段169號12樓之1","","200000","1020516","1030211"
"815","54323132","美康國際行銷有限公司","臺北市大同區長安西路150號7樓之1","","500000","1020517","1030219"
"816","54324370","鉅富攝影有限公司","臺北市北投區致遠一路2段15號1樓","","500000","1020522","1030220"
"817","54327432","衡鈞科技有限公司","臺北市文山區樟新街56巷3號7樓","","1000000","1020531","1030207"
"818","54334356","賀仲文化國際有限公司","臺北市中正區八德路1段46號4樓","","500000","1020626","1030213"
"819","54340364","亞洲通商股份有限公司","臺北市松山區光復南路13巷5號(1樓)","","1000000","1020716","1030225"
"820","54351235","普雷實業有限公司","臺北市中山區南京東路3段201號3樓","","5000000","1020815","1030221"
"821","54358096","安景股份有限公司","臺北市中山區明水路397巷20號5樓","","45000000","1020910","1030217"
"822","54358666","昊群餐飲有限公司","臺北市大安區光復南路290巷68號1樓","","1500000","1020911","1030221"
"823","54362520","寶利佳有限公司","臺北市松山區復興北路191號16樓","","300000","1020926","1030218"
"824","54511802","雅雯生活館有限公司","彰化縣和美鎮嘉犁里線東路2段臨718號","","10000000","1020801","1030217"
"825","54512416","讚泉科技有限公司","屏東縣鹽埔鄉新二村24鄰維新路34-11號2樓","","1000000","1020805","1030211"
"826","54517290","皇家四季股份有限公司","新竹市東區柴橋里明湖路648巷122弄72號1樓","","1330000","1020822","1030213"
"827","54522630","優希尼蕥有限公司","新竹市中華路三段9號6樓之8","","250000","1020912","1030221"
"828","54531053","捷隆創新有限公司","彰化縣鹿港鎮草中里草中巷231弄60號","","200000","1021015","1030213"
"829","54532216","品世界股份有限公司","桃園縣楊梅市梅溪里7鄰新農街2段48號1樓","","2000000","1021017","1030205"
"830","54538268","尚禾有限公司","桃園縣中壢市興和里新生路551號1樓","","2000000","1021108","1030212"
"831","54539745","君絜有限公司","桃園縣桃園市汴洲里峨眉三街10之1號1樓","","1000000","1021113","1030213"
"832","54543240","宇佑企業有限公司","彰化縣秀水鄉莊雅村秀中街85巷56弄6號","","1000000","1021126","1030205"
"833","54547626","大勝企業有限公司","桃園縣平鎮市湧安里中興路平鎮段706號","","500000","1021209","1030225"
"834","54550348","無疆界文化傳媒科技有限公司","臺南市善化區文昌里光復路265號1樓","","1000000","1021220","1030207"
"835","54588317","玖鴻開發有限公司","臺中市后里區義里里圳寮路152巷16弄26號1樓","","12000000","1020816","1030225"
"836","54590398","眾邦貿易股份有限公司","臺中市西區民龍里英才路421號7樓之1","","5000000","1020829","1030226"
"837","54591755","睿豐淨水設備有限公司","臺中市北屯區太原路3段586號1樓","","200000","1020906","1030214"
"838","54597809","雅典傳奇國際貿易有限公司","臺中市西屯區福恩里工業區一路66號3樓之10","","100000","1021016","1030224"
"839","54599258","悠活二手有限公司","臺中市潭子區大豐路1段298號","","100000","1021024","1030220"
"840","54602090","曜國有限公司","臺中市北區長青里陝西七街37號1樓","","1000000","1021107","1030207"
"841","54611295","千品蔬食有限公司","高雄市左營區華夏路1178號2樓","","5000000","1021210","1030128"
"842","54645154","友佳有限公司","臺北市中山區林森北路133巷50號2樓","","1000000","1021104","1030225"
"843","54654006","探索廚房股份有限公司","臺北市大安區忠孝東路4段162號12樓之2","","25000000","1021202","1030227"
"844","54656068","亮捷國際企業有限公司","臺北市士林區承德路7段280巷14之2號2樓","","300000","1021206","1030213"
"845","54666278","寶島自由行租賃有限公司","臺北市中正區羅斯福路3段126號6樓之2","","5000000","1030113","1030225"
"846","54668971","我愛妳我愛你科技有限公司","臺北市大同區承德路3段214巷25號","","500000","1030121","1030227"
"847","54692326","源鋐資訊有限公司","新北市永和區秀朗路1段97巷1號5樓","","1000000","1030113","1030227"
"848","54743795","豪創工程設計有限公司","臺中市神岡區神岡里神岡路53號1樓","","100000","1030115","1030225"
"849","55825251","豐磊企業有限公司","臺中市神岡區神洲里大洲路三八號","","5000000","0651210","1030225"
"850","55906057","凱寧工業股份有限公司","臺中市大雅區上楓里民生路3段210巷3號","","5000000","0670722","1030215"
"851","59350122","新淇企業有限公司","彰化縣鹿港鎮順興里宮後巷45號","","1000000","0730625","1030226"
"852","59836012","豪利塑膠股份有限公司","彰化縣員林鎮中正里中正路424號","","10800000","0600312","1030207"
"853","68019006","千代食品工廠股份有限公司","臺南市佳里區文化西路377號","","10000000","0540810","1030218"
"854","69545273","臺南液化煤氣企業有限公司","臺南市中西區康樂街225巷24號","","600000","0551128","1030221"
"855","69917843","可喜露股份有限公司","臺南市北區和順里西門路3段159號12樓之1","","10000000","0730412","1030220"
"856","70366902","大震運通有限公司","臺北市大安區復興南路1段380號9樓","","7500000","0880529","1030226"
"857","70395744","兆圓科技股份有限公司","高雄市林園區東林里沿海路二段一三九巷七號","","1500000","0880825","1030205"
"858","70401984","新興不動產經紀有限公司","高雄市前鎮區桂林街42號","","500000","0890524","1030221"
"859","70420504","寶維工程有限公司","高雄市苓雅區苓安路70號","","15000000","0920319","1030217"
"860","70431544","有鋐有限公司","高雄市三民區灣中里廿五鄰建工路814巷3弄26號","","2000000","0920718","1030205"
"861","70477652","翔鈞印刷實業有限公司","臺北市中正區南昌路2段31號2樓","","1000000","0890208","1030214"
"862","70490634","山瑞思股份有限公司","桃園縣中壢市環北路400號16樓之8","","11000000","0890420","1030224"
"863","70498501","環球翻譯有限公司","臺南市永康區六合里中華路349號16樓之5","","1200000","0890501","1030213"
"864","70500507","創承有限公司","彰化縣彰化市延和里大埔路248號2樓","","1000000","0890504","1030225"
"865","70550225","金千禧企業有限公司","臺北市文山區下崙路11巷12號1樓","","5000000","0890420","1030224"
"866","70648895","名原建設有限公司","新北市中和區連城路203巷10弄1-2號三樓","","25000000","0881027","1030227"
"867","70648971","威播科技股份有限公司","新竹市東區力行六路6號5樓","","0","0881027","1030213"
"868","70660617","聖仁建設股份有限公司","臺中市北屯區松茂里北新路40號1樓","","25000000","0881116","1030225"
"869","70685011","鑫海水電工程有限公司","臺中市大肚區頂街里榮華街22巷9弄6號1樓","","5000000","0881230","1030218"
"870","70691935","德信昌有限公司","臺中市潭子區栗林里祥和路100號1樓","","3000000","0890114","1030220"
"871","70733219","大禾開發企業有限公司","新北市新店區安泰路四二號","","1000000","0890331","1030220"
"872","70765020","弘開數位科技股份有限公司","","","0","0890224","1030212"
"873","70844025","笛克國際系統有限公司","臺北市萬華區貴陽街2段244號4樓","","5000000","0890913","1030205"
"874","73630693","賜成電機有限公司","臺南市北安路一段一七六巷二四號","","5000000","0670222","1030212"
"875","73646793","保仁科技工程股份有限公司","","","0","0680813","1030207"
"876","75044000","大盛鋼管股份有限公司","高雄市三民區灣興街89號","","25000000","0540824","1030226"
"877","75582669","聖義光煤氣有限公司","高雄市三民區建和街79號","","2200000","0590415","1030214"
"878","76376890","得穗實業有限公司","高雄市三民區陽明路436號","","5000000","0710315","1030217"
"879","76432345","邦準企業股份有限公司","","","0","0730124","1030210"
"880","80000544","幸向企業有限公司","高雄市橋頭區德松里德松路10之1號1樓","","1000000","0910711","1030221"
"881","80057573","福倍國際有限公司","臺中市大里區內新街五二號十二樓","","5000000","0911011","1030219"
"882","80067158","傑翔科技有限公司","新北市三重區大智街254號4樓","","3000000","0911025","1030219"
"883","80076115","台灣豪電科技企業有限公司","桃園縣中壢市環中東路179號2樓","","500000","0911107","1030217"
"884","80078628","富笙科技股份有限公司","新北市中和區光華街92號9樓","","5000000","0911112","1030220"
"885","80091116","大月科技有限公司","新北市汐止區秀峰路八一巷一二號一樓","","5000000","0911202","1030218"
"886","80093579","進達文具有限公司","臺南市北區文成里文賢路566號　","","1600000","0911204","1030227"
"887","80107481","北機企業有限公司","新北市板橋區南雅西路2段7巷2之3號","","500000","0911224","1030221"
"888","80144155","塑展有限公司","臺中市潭子區潭秀里潭富路一段162號4樓","","1000000","0920226","1030211"
"889","80182811","威群超微細股份有限公司","臺北市中山區長安東路2段108號8樓之6","","20000000","0920418","1030210"
"890","80187549","幼敏行銷保險代理人股份有限公司","臺北市信義區忠孝東路5段412號13樓之2","","6000000","0920430","1030221"
"891","80205841","金祥瑞興業有限公司","臺北市大安區敦化南路2段100號1樓","","1000000","0920624","1030224"
"892","80212977","巨仁實業有限公司","新北市中和區中正路736號12樓之7　","","5000000","0910718","1030227"
"893","80214172","禾九國際股份有限公司","臺中市南屯區田心里向心路１０７之５號","","1000000","0910722","1030211"
"894","80234873","東亞有限公司","新北市五股區御史路三七巷九號","","1000000","0910819","1030227"
"895","80270737","智暘企業有限公司","臺北市中山區新生北路3段93巷24號1樓","","1000000","0910828","1030226"
"896","80274017","垣富企業有限公司","臺北市中山區松江路156巷32號","","1000000","0910909","1030217"
"897","80295110","福永科技有限公司","臺北市松山區南京東路5段108號13樓","","2000000","0911112","1030207"
"898","80309727","炫彩企業有限公司","宜蘭縣冬山鄉武淵村武淵路三五號一樓","","500000","0920414","1030207"
"899","80366557","大釆雅風空間設計有限公司","高雄市鼓山區裕興路111號","","500000","0921121","1030212"
"900","80367824","侑葳有限公司","高雄市鼓山區美術南三路222號6樓","","500000","0921203","1030214"
"901","80385203","力揚聯合股份有限公司","高雄市前金區中正4路136號8樓之4","","30000000","0930604","1030217"
"902","80398354","正品味食品企業有限公司","基隆市仁愛區孝二路三九號五樓之十六","","8000000","0920516","1030220"
"903","80407179","祈霖貿易有限公司","新北市深坑區北深路三段九三巷六七號","","1500000","0920529","1030218"
"904","80417893","摩托網路行銷股份有限公司","新北市新莊區光華街五○之三號","","3000000","0920613","1030220"
"905","80422116","翰億藝術造型有限公司","嘉義縣民雄鄉鎮北村建國路一段986號","","5000000","0920619","1030214"
"906","80433373","風里續電機有限公司","臺南市北區公園路788巷23號","","10000000","0920704","1030225"
"907","80442470","優順機電有限公司","新北市三重區集美街三三巷六之二號四樓","","2000000","0920717","1030221"
"908","80451202","醁清企業有限公司","新北市板橋區大智街62號1樓","","1000000","0920729","1030206"
"909","80463087","欣裕興業有限公司","桃園縣大園鄉大園村中山南路136巷9號1樓","","1000000","0920814","1030224"
"910","80467226","東籬農園股份有限公司","臺中市北區大雅路67號1樓","","10000000","0920820","1030225"
"911","80478976","泗德有限公司","臺中市潭子區大德北路145巷3弄41號1樓","","500000","0920905","1030218"
"912","80481374","桓甫企業有限公司","新北市新店區中正路四九號一樓","","1000000","0920910","1030207"
"913","80488799","志航精密有限公司","新北市鶯歌區八德路2巷18弄8號","","1000000","0920923","1030206"
"914","80492098","浩倫有限公司","臺北市文山區木新路2段46號1樓","","1000000","0920702","1030205"
"915","80509020","和樂發股份有限公司","臺北市信義區林口街38巷7號1樓","","5180000","0920815","1030225"
"916","80525083","成名有限公司","臺北市中山區松江路42號12樓之16","","500000","0921002","1030210"
"917","80535792","鈺鼎財務顧問股份有限公司","臺北市大安區忠孝東路4段222號3樓","","5000000","0921031","1030227"
"918","80558339","高瑞貿易有限公司","桃園縣桃園市宏昌十二街54號1樓","","500000","0921003","1030213"
"919","80577069","思葳亞生化科技有限公司","彰化縣員林鎮新生里員鹿路七二號","","1000000","0921030","1030205"
"920","80598424","台中市花卉運銷有限公司","臺中市南屯區三厝里三厝街118-1號1樓","","6000000","0921127","1030220"
"921","80598682","彤萌國際有限公司","臺中市西區民龍里民權路301號1樓","","500000","0921127","1030205"
"922","80599015","允宏有限公司","臺南市新營區新北里長榮路二段293巷8號","","500000","0921127","1030221"
"923","80599916","舒柏嵐蒂國際事業有限公司","苗栗縣銅鑼鄉銅鑼村三七鄰新興路八八巷二號　","","500000","0921128","1030227"
"924","80603931","鼎耀機械有限公司","新北市鶯歌區鶯桃路382巷27號(1樓)","","1000000","0921204","1030217"
"925","80629427","程祥科技系統有限公司","新竹市東南街五三巷五七號三樓","","5000000","0930106","1030207"
"926","80634287","中志塑膠股份有限公司","彰化縣和美鎮山犛里和卿路23號","","2000000","0930113","1030224"
"927","80664747","德億富科技股份有限公司","桃園縣中壢市民權路332之3號4樓","","2000000","0930116","1030214"
"928","80679707","亞美利佳顧問有限公司","臺北市大同區延平北路2段280號1樓","","1000000","0930304","1030221"
"929","80705563","元裕國際企業有限公司","嘉義市台林街360號1樓","","5000000","0930219","1030220"
"930","80711002","元吉昌鍛品有限公司","臺中市大里區祥興里益民路2段433巷6號","","1000000","0930225","1030211"
"931","80730394","世瀝機械工程股份有限公司","桃園縣蘆竹鄉長興村厚生路92號2樓之2","","5000000","0930318","1030207"
"932","80734053","清涼企業有限公司","新北市土城區明德路一段二０巷一弄一二號四樓","","1000000","0930323","1030227"
"933","80742758","溢旺有限公司","高雄市湖內區中賢里中正路2段420巷8弄5號","","1000000","0930331","1030212"
"934","80744159","旭勝企業有限公司","高雄市燕巢區深水里深興路26巷16號","","5000000","0930401","1030124"
"935","80745707","寶建玉玲瓏有限公司","屏東縣屏東市瑞光里民生東路22號1樓","","5000000","0930405","1030219"
"936","81102668","豐鎪實業有限公司","高雄市前鎮區精忠街142之4號","","5000000","0680516","1030219"
"937","84135903","龍祥電影製作股份有限公司","臺北市萬華區西寧南路30號9樓","","8500000","0820303","1030226"
"938","84213203","慶鎮汽車實業有限公司","臺中市西區公益里忠明南路247號1樓","","500000","0820318","1030205"
"939","84268585","開平國際企業有限公司","臺北市中正區濟南路2段31之38號10樓","","10000000","0820510","1030212"
"940","84311437","台灣發那科機器人股份有限公司","","","0","0830607","1030213"
"941","84314835","吉田吉食品有限公司","高雄市苓雅區義勇路181巷2弄8號","","1000000","0820517","1030221"
"942","84321239","聯欣企業有限公司","高雄市前金區七賢二路228號","","1000000","0820623","1030218"
"943","84331150","洲瑞實業有限公司","高雄市前鎮區后安路74號","","6000000","0820903","1030217"
"944","84369866","新和不動產經紀有限公司","新北市蘆洲區中山一路四二號一樓","","1000000","0820520","1030226"
"945","84393612","毅峰國際有限公司","臺北市松山區南京東路4段180號5樓之4","","5000000","0820609","1030213"
"946","84420104","機盛塑膠鋼模有限公司","新北市樹林區俊德街12號1樓","","3000000","0820703","1030211"
"947","84422166","旺磐室內裝修有限公司","新北市中和區福祥路90巷7弄5號","","3000000","0820706","1030211"
"948","84507755","千城交通器材股份有限公司","高雄市路竹區三爺里三民路65號","","11000000","0820729","1030214"
"949","84509542","德岱有限公司","高雄市三民區北平二街46號","","2000000","0820730","1030219"
"950","84511603","世郁企業有限公司","臺南市安南區長溪路１段４０７巷１６弄１５號","","5000000","0820731","1030220"
"951","84536409","盈運電信器材有限公司","彰化縣和美鎮糖友里糖東二街6號","","1000000","0820824","1030211"
"952","84549946","玉合有限公司","臺中市東區力行路75巷55號2樓","","1000000","0820908","1030205"
"953","84582326","偉成顧問有限公司","嘉義縣太保市太保里太保51之1號","","1000000","0821014","1030221"
"954","84583090","友田自動機械有限公司","臺南市東區忠孝里廿二鄰崇明七街十三號一樓","","1000000","0821015","1030210"
"955","84633280","力通起重工程有限公司","新北市新莊區化成路579巷15號1樓","","10000000","0821209","1030226"
"956","84739447","越旺工程有限公司","高雄市三民區鼎泰里鼎瑞街79號1樓","","1000000","0830704","1030206"
"957","84750961","金達隆布行有限公司","臺北市大同區民樂街32號","","5000000","0830202","1030219"
"958","84777429","逸樺有限公司","臺北市信義區信義路4段375號7樓之7","","500000","0830430","1030213"
"959","84794243","企宇有限公司","臺南市後壁區新東里一之一號","","1000000","0830307","1030220"
"960","84821348","金寶鑫工程有限公司","新北市三重區力行路一段一二三巷六號之三","","2000000","0830408","1030218"
"961","84827238","東妮百貨股份有限公司","臺中市中區建國里成功路40號1樓","","6000000","0830412","1030207"
"962","84871775","聰富股份有限公司","彰化縣鹿港鎮溝墘里溝墘巷67之5號","","5002000","0830516","1030225"
"963","84884997","技弘有限公司","臺南市北區北安路1段176巷39弄28號","","5000000","0830525","1030213"
"964","84936849","尚磊生物科技股份有限公司","臺北市信義區中坡南路277號1樓","","10000000","0830829","1030221"
"965","84938023","總儀貿易有限公司","臺北市大安區信義路3段109之7號7樓","","6000000","0830901","1030219"
"966","84962120","安晉工業原料有限公司","彰化縣彰化市香山里彰南路二段354之8號","","1000000","0830608","1030225"
"967","84978328","盛宏建設開發股份有限公司","新北市板橋區文化路1段30號4樓之1","","25000000","0830622","1030221"
"968","84987993","大中水電工程有限公司","嘉義市東區林森東路五三○號一樓","","6000000","0830629","1030224"
"969","85817546","連雄企業股份有限公司","高雄市小港區平和九路74之1號","","1120000","0630320","1030226"
"970","86043605","適然堂古董藝術有限公司","高雄市鹽埕區新樂街166號1樓","","5000000","0800507","1030124"
"971","86047588","啟承室內裝修企業有限公司","高雄市鼓山區中華一路336號7樓之2","","6000000","0800613","1030224"
"972","86089670","仲邦有限公司","新竹縣湖口鄉和興村一五鄰和興街六○︱一號","","2000000","0800315","1030212"
"973","86211969","晉潔企業有限公司","桃園縣大溪鎮文化路八十七號","","500000","0800612","1030210"
"974","86223206","唐妝化粧品國際有限公司","嘉義市西區驛站里蘭井街465號8樓2","","1000000","0800625","1030227"
"975","86229314","洽生飲料有限公司","宜蘭縣冬山鄉廣興村廣興路158巷23號","","1000000","0800701","1030218"
"976","86232922","光明竹器實業有限公司","新北市新莊區新泰路三二一巷二弄三號一樓","","5000000","0800705","1030218"
"977","86280607","核控科技有限公司","臺北市信義區信義路4段296號6樓之7","","5000000","0800905","1030224"
"978","86342152","東昇電鍍有限公司","新北市三重區溪尾街108巷46弄8號","","2000000","0800919","1030211"
"979","86366506","雅堂家具事業有限公司","臺中市北區明新里太原路一段492號11樓之3","","5000000","0801019","1030218"
"980","86366920","得昶企業有限公司","新北市三重區三張街149巷10弄12號2樓","","1000000","0801019","1030227"
"981","86406583","三宇企業有限公司","基隆市安樂區樂利３街２０３號３樓","","3000000","0801126","1030224"
"982","86409884","強鶴貿易有限公司","臺中市西區向上路一段436號1樓","","26000000","0801128","1030218"
"983","86410284","呈宇建材股份有限公司","臺南市安南區安和路5段276巷76號","","8200000","0801129","1030225"
"984","86445404","佐鴻松精密電機有限公司","高雄市鹽埕區必忠街171號9樓之11","","5000000","0810328","1030211"
"985","86450068","聖佑包裝有限公司","高雄市楠梓區壽豐路303巷2號2樓","","1000000","0810501","1030221"
"986","86507978","明公房屋仲介有限公司","臺北市大同區西寧北路112號8樓之2","","1000000","0810407","1030212"
"987","86561043","高黑人股份有限公司","臺中市梧棲區草湳里自強三街64巷10號","","10000000","0810217","1030213"
"988","86609546","鎮前有限公司","新北市樹林區大安路三四七號","","5000000","0810407","1030211"
"989","86633145","村暉實業有限公司","新北市新店區安和路２段１６９巷１２號","","1000000","0810425","1030218"
"990","86667242","泓昇印製有限公司","臺南市安南區海佃路2段150巷66弄16號","","1000000","0810521","1030221"
"991","86673069","鼎明木業股份有限公司","臺中市大雅區員林里大雅路263號1樓","","5000000","0810526","1030227"
"992","86684158","永輝投資股份有限公司","臺北市大安區敦化南路2段77號6樓","","50000000","0810428","1030221"
"993","86696915","萬銓電器有限公司","臺北市文山區興隆路2段215之2號1樓","","1000000","0810429","1030227"
"994","86789060","人慧科技有限公司","雲林縣崙背鄉羅厝村東興27之3號","","5000000","0810713","1030217"
"995","86992036","東正消防有限公司","雲林縣斗六市榴中里光復路327號","","12000000","0811118","1030214"
"996","89219281","向陽建材有限公司","新北市中和區華新街143巷106弄45之3號","","1000000","0830728","1030218"
"997","89229680","廣華精機有限公司","新北市新莊區新樹路六七巷三二號","","1000000","0830805","1030211"
"998","89273854","尚皓企業有限公司","高雄市苓雅區文山路100號2樓","","5000000","0831224","1030214"
"999","89314258","羿舜企業有限公司","臺南市永康區中興里中華路二一六巷一弄八號一樓","","5000000","0840124","1030227"
"1000","89338527","妙吉祥實業有限公司","新北市中和區圓通路三六九巷六之二號四樓","","1000000","0840227","1030224"
"1001","89355567","典航有限公司","臺中市西區精誠廿八街10號1樓","","5000000","0840317","1030213"
"1002","89378864","傑士美電子有限公司","臺南市東區崇德二十街七四號","","5000000","0840412","1030205"
"1003","89411322","漢濟實業有限公司","高雄市左營區大順一路288號","","5000000","0840410","1030218"
"1004","89432425","大緯裝潢有限公司","高雄市前鎮區光華3路255號15樓之1","","12000000","0840906","1030211"
"1005","89488383","捷普利實業有限公司","臺中市西屯區龍洋巷23之1號1樓","","5000000","0840420","1030212"
"1006","89541541","安格斯燈飾有限公司","新北市中和區景平路219號1樓","","15000000","0840605","1030207"
"1007","89543061","永全煤氣有限公司","嘉義市通運里林森西路四八０號","","1000000","0840607","1030206"
"1008","89546877","聯廣不動產經紀有限公司","臺中市北區賴明里大雅路448之10號1樓","","500000","0840609","1030225"
"1009","89564240","聯合實業有限公司","桃園縣平鎮市福林里東豐路八號","","1200000","0840623","1030213"
"1010","89604453","翔勝有限公司","臺北市大安區信義路2段86巷22號1樓","","1000000","0840905","1030219"
"1011","89710953","新億邦有限公司","桃園縣中壢市龍岡路三段24巷10號3樓","","10000000","0840926","1030206"
"1012","89741885","東菱環保工程有限公司","高雄市前金區文東里中山二路507號11樓之1","","3000000","0841201","1030226"
"1013","89763472","榮榮花卉股份有限公司","高雄市新興區六合一路96巷4之4號","","5000000","0850625","1030220"
"1014","89799794","東美飾品股份有限公司","臺中市大里區祥興里吉善二街33號1樓","","5000000","0850113","1030206"
"1015","89804500","建佳塑膠工業有限公司","彰化縣社頭鄉協和村山腳路四段338巷6號","","2000000","0841212","1030205"
"1016","89808196","勝陽冷氣材料有限公司","臺中市東區東門里東門路55號1樓","","2000000","0841215","1030211"
"1017","89833815","金百祥實業有限公司","桃園縣觀音鄉上大村5鄰上大124-24號1樓","","1000000","0830830","1030226"
"1018","89860426","志勝企業有限公司","桃園縣桃園市大豐里樹林七街十巷十一號","","5000000","0830926","1030213"
"1019","89900601","上鋒輪胎有限公司","高雄市左營區大中二路628號21樓之2","","800000","0831107","1030221"
"1020","89991573","吉春實業股份有限公司","臺北市信義區基隆路1段149號7樓之3","","5000000","0831217","1030210"
"1021","89996330","濟榮有限公司","新北市板橋區文聖街134巷8號1樓","","1000000","0831222","1030224"
"1022","90538874","妙昇煤氣有限公司","屏東縣九如鄉玉水村冷水路五號","","500000","0590515","1030221"
"1023","96857039","菱格科技股份有限公司","","","0","0850122","1030212"
"1024","96871010","元勝通信有限公司","新北市金山區中山路六五巷一號一樓","","1000000","0850208","1030227"
"1025","96887195","保利旺工程有限公司","桃園縣八德市介壽路二段一四○八號二樓","","500000","0850307","1030211"
"1026","96887625","冠昀有限公司","新北市永和區保福路二段八八巷廿五號二樓","","1000000","0850307","1030226"
"1027","96899191","彙豐實業有限公司","新北市鶯歌區國際一路一一四巷四號","","2500000","0850321","1030224"
"1028","96908706","中榮造漆股份有限公司","臺中市霧峰區吉峰里吉峰西路35之2號1樓","","12000000","0850406","1030220"
"1029","96940558","東峰國際股份有限公司","臺北市信義區基隆路1段432號3樓之8","","5000000","0850226","1030227"
"1030","96950865","宗宏工程有限公司","臺北市中山區復興北路430巷20號","","5000000","0850405","1030221"
"1031","97036454","帥帝有限公司","新北市板橋區僑中一街一○二巷七弄一九號一樓","","2000000","0850614","1030225"
"1032","97068103","原琳有限公司","新北市汐止區樟樹一路119巷10弄7號2樓","","500000","0850719","1030219"
"1033","97086545","巨鼎國際開發顧問股份有限公司","臺北市中正區紹興北街2巷1號2樓","","1000000","0850610","1030210"
"1034","97100883","長虹景觀工程有限公司","桃園縣龜山鄉樂善村文德二路１１６巷１１弄６號１樓","","1000000","0850717","1030225"
"1035","97157007","駿嶔有限公司","高雄市三民區義華路１５９巷２７弄２號","","1000000","0860428","1030206"
"1036","97182982","綺威食品股份有限公司","苗栗縣公館鄉福星村二鄰福星四二之二號","","1000000","0850806","1030224"
"1037","97205541","林洋貿易有限公司","臺中市西區向上路一段436號2樓","","5000000","0850831","1030220"
"1038","97241292","韓氏實業有限公司","新北市三重區重新路5段609巷6號8樓之8","","12000000","0851016","1030212"
"1039","97272695","和誼股份有限公司","新北市林口區中正路270號1樓","","1000000","0851127","1030206"
"1040","97274461","灴昌科技有限公司","基隆市暖暖區碇祥里27鄰碇內街237號5樓","","1000000","0851128","1030217"
"1041","97312747","中西國際開發股份有限公司","臺北市中山區新生北路2段121號3樓之1","","6000000","0860113","1030217"
"1042","97332201","佳鼎音響燈光舞台工程有限公司","屏東縣屏東市建華一街123號","","3000000","0851207","1030226"
"1043","97344261","漢苹有限公司","高雄市前鎮區草衙里后安路146號2樓","","1000000","0851221","1030224"
"1044","97366573","得意至國際有限公司","高雄市楠梓區德民路378號4樓之2","","10000000","0860123","1030225"
"1045","97379704","喃煌企業股份有限公司","臺南市安南區州北里安和路五段171巷13號","","5000000","0860212","1030225"
"1046","97397647","欣多俐有限公司","新北市鶯歌區國際二路2巷4號1樓","","6000000","0860313","1030220"
"1047","97497316","瀚翔事業股份有限公司","桃園縣桃園市永安里長春路116號1樓","","3400000","0860508","1030210"
