FacilityID,FacilityName,ReportPeriod,VOCs,UnitsOfVOCs,TSP,UnitsOfTSP,SOx,UnitsOfSOx,NOx,UnitsOfNOx,Status,Toluene,UnitsOfToluene,Xylene,UnitsOfXylene,Benzene,UnitsOfBenzene,Ethylbenzene,UnitsOfEthylbenzene,Styrene,UnitsOfStyrene,Methylenechloride,UnitsOfMethylenechloride,11Dichloroethane,UnitsOf11Dichloroethane,12Dichloroethane,UnitsOf12Dichloroethane,chloroform,UnitsOfchloroform,111Trichloroethane,UnitsOf111Trichloroethane,CarbonTetrachloride,UnitsOfCarbonTetrachloride,Trichloroethylene,UnitsOfTrichloroethylene,Tetrachloroethylene,UnitsOfTetrachloroethylene,heavymetal,UnitsOfheavymetal,Dioxin,UnitsOfDioxin
V75B4033,東陽飯店有限公司台東分公司,2016年第4季,0,公噸,0,公噸,0.101,公噸,0.07,公噸,完成核算,,,,,,,,,,,,,,,,,,,,,,,,,,,,,,
V75B4023,欣豐食品行,2016年第4季,0,公噸,0,公噸,0.002,公噸,0.048,公噸,完成核算,,,,,,,,,,,,,,,,,,,,,,,,,,,,,,
V75B3916,郭秋霖汽車修理廠,2016年第4季,0.176,公噸,0,公噸,0,公噸,0,公噸,完成核算,,,,,,,,,,,,,,,,,,,,,,,,,,,,,,
S2015390,磐豐企業有限公司,2016年第4季,0,公噸,0,公噸,0.005,公噸,0.003,公噸,完成核算,,,,,,,,,,,,,,,,,,,,,,,,,,,,,,
O17M3896,力晶積成電子製造股份有限公司P3,2016年第4季,3.002,公噸,0,公噸,0,公噸,1.083,公噸,完成核算,,,,,,,,,,,,,,,,,,,,,,,,,,,,,,
O1702925,光華化學股份有限公司,2016年第4季,0,公噸,0,公噸,0,公噸,0,公噸,完成核算,,,,,,,,,,,,,,,,,,,,,,,,,,,,,,
N3103664,福有全食品廠有限公司二廠,2016年第4季,0,公噸,0,公噸,0.001,公噸,0.072,公噸,完成核算,,,,,,,,,,,,,,,,,,,,,,,,,,,,,,
N08A7581,謙伸工業股份有限公司,2016年第4季,0.508,公噸,0,公噸,0,公噸,0.078,公噸,完成核算,,,,,,,,,,,,,,,,,,,,,,,,,,,,,,
L98A0129,樹生休閒酒莊,2016年第4季,0,公噸,0,公噸,0,公噸,0.001,公噸,完成核算,,,,,,,,,,,,,,,,,,,,,,,,,,,,,,
L9603130,拓璁企業有限公司,2016年第4季,0.035,公噸,0,公噸,0,公噸,0,公噸,完成核算,,,,,,,,,,,,,,,,,,,,,,,,,,,,,,
L9501257,張雲傑畜牧場,2016年第4季,0,公噸,0,公噸,0,公噸,0.008,公噸,完成核算,,,,,,,,,,,,,,,,,,,,,,,,,,,,,,
L91A0085,頂盛通國際股份有限公司,2016年第4季,0.591,公噸,0,公噸,0,公噸,0,公噸,完成核算,,,,,,,,,,,,,,,,,,,,,,,,,,,,,,
L88A0848,大榮建築鋼架股份有限公司分廠,2016年第4季,5.625,公噸,0,公噸,0,公噸,0,公噸,完成核算,,,,,,,,,,,,,,,,,,,,,,,,,,,,,,
L8806128,羅得化學製藥股份有限公司,2016年第4季,0,公噸,0,公噸,0,公噸,0.004,公噸,完成核算,,,,,,,,,,,,,,,,,,,,,,,,,,,,,,
L8802031,功億工業股份有限公司台中廠,2016年第4季,0,公噸,0,公噸,0,公噸,0.028,公噸,完成核算,,,,,,,,,,,,,,,,,,,,,,,,,,,,,,
L8801703,鈦揚企業股份有限公司,2016年第4季,0.022,公噸,0,公噸,0,公噸,0,公噸,完成核算,,,,,,,,,,,,,,,,,,,,,,,,,,,,,,
L03A0108,朝陽科技大學,2016年第4季,0,公噸,0,公噸,0,公噸,0.016,公噸,完成核算,,,,,,,,,,,,,,,,,,,,,,,,,,,,,,
L01A0514,上萌實業有限公司,2016年第4季,0,公噸,0,公噸,0,公噸,0,公噸,完成核算,,,,,,,,,,,,,,,,,,,,,,,,,,,,,,
K71B0092,希華晶體科技股份有限公司威華廠,2016年第4季,0.988,公噸,0,公噸,0,公噸,0,公噸,完成核算,,,,,,,,,,,,,,,,,,,,,,,,,,,,,,
H4209803,大樹林屠宰場,2016年第4季,0,公噸,0,公噸,0.114,公噸,0.079,公噸,完成核算,,,,,,,,,,,,,,,,,,,,,,,,,,,,,,
F0814320,日宏企業有限公司,2016年第4季,0,公噸,0,公噸,0,公噸,0.043,公噸,完成核算,,,,,,,,,,,,,,,,,,,,,,,,,,,,,,
F07A7249,建美食品有限公司樹林廠,2016年第4季,0,公噸,0,公噸,0,公噸,0.006,公噸,完成核算,,,,,,,,,,,,,,,,,,,,,,,,,,,,,,
F06A9290,精能光學股份有限公司,2016年第4季,0.919,公噸,0,公噸,0,公噸,0,公噸,完成核算,,,,,,,,,,,,,,,,,,,,,,,,,,,,,,
F04C2941,彩之坊科技股份有限公司,2016年第4季,8.062,公噸,0,公噸,0,公噸,0,公噸,完成核算,,,,,,,,,,,,,,,,,,,,,,,,,,,,,,
E56B2298,豪駿遊艇股份有限公司,2016年第4季,0.858,公噸,0,公噸,0,公噸,0,公噸,完成核算,,,,,,,,,,,,,,,,,,,,,,,,,,,,,,
E56B2268,強生遊艇股份有限公司,2016年第4季,0.598,公噸,0,公噸,0,公噸,0,公噸,完成核算,,,,,,,,,,,,,,,,,,,,,,,,,,,,,,
E5601553,東剛機器工程股份有限公司,2016年第4季,0,公噸,0,公噸,0,公噸,0.005,公噸,完成核算,,,,,,,,,,,,,,,,,,,,,,,,,,,,,,
E3100786,盈益船舶有限公司,2016年第4季,0.288,公噸,0,公噸,0,公噸,0,公噸,完成核算,,,,,,,,,,,,,,,,,,,,,,,,,,,,,,
E20A5560,安迪旅館,2016年第4季,0,公噸,0,公噸,0.001,公噸,0.001,公噸,完成核算,,,,,,,,,,,,,,,,,,,,,,,,,,,,,,
E1510480,克來旅館,2016年第4季,0,公噸,0,公噸,0,公噸,0,公噸,完成核算,,,,,,,,,,,,,,,,,,,,,,,,,,,,,,
C11A3054,世嘉工業股份有限公司,2016年第4季,0,公噸,0,公噸,0,公噸,0,公噸,完成核算,,,,,,,,,,,,,,,,,,,,,,,,,,,,,,
B99A0920,優特斯工業股份有限公司,2016年第4季,0.497,公噸,0,公噸,0,公噸,0,公噸,完成核算,,,,,,,,,,,,,,,,,,,,,,,,,,,,,,
B99A0861,嘉茂生鮮有限公司,2016年第4季,0,公噸,0,公噸,0,公噸,0,公噸,完成核算,,,,,,,,,,,,,,,,,,,,,,,,,,,,,,
B9801961,源泰醬園,2016年第4季,0,公噸,0,公噸,0.04,公噸,0.028,公噸,完成核算,,,,,,,,,,,,,,,,,,,,,,,,,,,,,,
B9700325,合船企業有限公司,2016年第4季,0.733,公噸,0,公噸,0.001,公噸,0.006,公噸,完成核算,,,,,,,,,,,,,,,,,,,,,,,,,,,,,,
B9506256,凱得森傢俱有限公司大雅廠,2016年第4季,0.077,公噸,0,公噸,0,公噸,0,公噸,完成核算,,,,,,,,,,,,,,,,,,,,,,,,,,,,,,
B9506229,明琦彩色印刷股份有限公司二廠,2016年第4季,0.538,公噸,0,公噸,0,公噸,0,公噸,完成核算,,,,,,,,,,,,,,,,,,,,,,,,,,,,,,
B9505946,兆煒金屬工業股份有限公司,2016年第4季,1.52,公噸,0,公噸,0.095,公噸,0.066,公噸,完成核算,,,,,,,,,,,,,,,,,,,,,,,,,,,,,,
B9504636,定厚企業有限公司,2016年第4季,0.003,公噸,0,公噸,0,公噸,0,公噸,完成核算,,,,,,,,,,,,,,,,,,,,,,,,,,,,,,
B9306498,松軒塑膠企業有限公司,2016年第4季,0.211,公噸,0,公噸,0,公噸,0,公噸,完成核算,,,,,,,,,,,,,,,,,,,,,,,,,,,,,,
B9306489,立信實業股份有限公司,2016年第4季,0.584,公噸,0,公噸,0,公噸,0,公噸,完成核算,,,,,,,,,,,,,,,,,,,,,,,,,,,,,,
B9306470,達鎂塑膠實業有限公司,2016年第4季,0.036,公噸,0,公噸,0,公噸,0,公噸,完成核算,,,,,,,,,,,,,,,,,,,,,,,,,,,,,,
B9306461,湧臻實業有限公司,2016年第4季,0.031,公噸,0,公噸,0,公噸,0,公噸,完成核算,,,,,,,,,,,,,,,,,,,,,,,,,,,,,,
B9306381,林協順加工廠,2016年第4季,0,公噸,0,公噸,0,公噸,0,公噸,完成核算,,,,,,,,,,,,,,,,,,,,,,,,,,,,,,
B9305535,恩諾基科技有限公司,2016年第4季,0.609,公噸,0,公噸,0,公噸,0,公噸,完成核算,,,,,,,,,,,,,,,,,,,,,,,,,,,,,,
B9304903,富隆塑膠廠,2016年第4季,0.033,公噸,0,公噸,0,公噸,0,公噸,完成核算,,,,,,,,,,,,,,,,,,,,,,,,,,,,,,
B9304332,寶麗行,2016年第4季,0.284,公噸,0,公噸,0,公噸,0,公噸,完成核算,,,,,,,,,,,,,,,,,,,,,,,,,,,,,,
B9304305,圜鴻合板工廠,2016年第4季,1.362,公噸,0,公噸,0,公噸,0,公噸,完成核算,,,,,,,,,,,,,,,,,,,,,,,,,,,,,,
B9304234,鋐輝機械有限公司二廠,2016年第4季,0.185,公噸,0,公噸,0,公噸,0,公噸,完成核算,,,,,,,,,,,,,,,,,,,,,,,,,,,,,,
B9304207,延堅股份有限公司,2016年第4季,0.099,公噸,0,公噸,0,公噸,0,公噸,完成核算,,,,,,,,,,,,,,,,,,,,,,,,,,,,,,
B9304065,宏達科技工業社,2016年第4季,0.036,公噸,0,公噸,0,公噸,0,公噸,完成核算,,,,,,,,,,,,,,,,,,,,,,,,,,,,,,
B9302918,協源宬印刷實業社,2016年第4季,0.039,公噸,0,公噸,0,公噸,0,公噸,完成核算,,,,,,,,,,,,,,,,,,,,,,,,,,,,,,
B9203205,裕祥地板有限公司后里廠,2016年第4季,0.135,公噸,0,公噸,0,公噸,0,公噸,完成核算,,,,,,,,,,,,,,,,,,,,,,,,,,,,,,
B9203152,億朋工業有限公司,2016年第4季,0.016,公噸,0,公噸,0.032,公噸,0.022,公噸,完成核算,,,,,,,,,,,,,,,,,,,,,,,,,,,,,,
B9202137,星月大地休閒事業股份有限公司,2016年第4季,0,公噸,0,公噸,0,公噸,0,公噸,完成核算,,,,,,,,,,,,,,,,,,,,,,,,,,,,,,
B9105213,鼎三企業股份有限公司,2016年第4季,0.076,公噸,0,公噸,0,公噸,0,公噸,完成核算,,,,,,,,,,,,,,,,,,,,,,,,,,,,,,
B8905693,上渼塑膠有限公司,2016年第4季,1.69,公噸,0,公噸,0,公噸,0,公噸,完成核算,,,,,,,,,,,,,,,,,,,,,,,,,,,,,,
B8905344,三榮塑膠製品工業有限公司,2016年第4季,0.064,公噸,0,公噸,0,公噸,0,公噸,完成核算,,,,,,,,,,,,,,,,,,,,,,,,,,,,,,
B8905335,鑫壕鋁業有限公司清水廠,2016年第4季,0.018,公噸,0,公噸,0.036,公噸,0.024,公噸,完成核算,,,,,,,,,,,,,,,,,,,,,,,,,,,,,,
B8903662,朝盛塑膠工業股份有限公司,2016年第4季,0.043,公噸,0,公噸,0,公噸,0,公噸,完成核算,,,,,,,,,,,,,,,,,,,,,,,,,,,,,,
B8804173,大新餐盒食品工廠,2016年第4季,0,公噸,0,公噸,0,公噸,0.043,公噸,完成核算,,,,,,,,,,,,,,,,,,,,,,,,,,,,,,
B8608162,合船企業有限公司,2016年第4季,0.369,公噸,0,公噸,0.001,公噸,0.008,公噸,完成核算,,,,,,,,,,,,,,,,,,,,,,,,,,,,,,
B8608108,燒魚子商行,2016年第4季,0,公噸,0,公噸,0,公噸,0.001,公噸,完成核算,,,,,,,,,,,,,,,,,,,,,,,,,,,,,,
B8605741,旭?工業股份有限公司,2016年第4季,0.058,公噸,0,公噸,0.114,公噸,0.077,公噸,完成核算,,,,,,,,,,,,,,,,,,,,,,,,,,,,,,
B24C2402,臺中市立黎明國民中學,2016年第4季,0,公噸,0,公噸,0,公噸,0.013,公噸,完成核算,,,,,,,,,,,,,,,,,,,,,,,,,,,,,,
B24C1731,協鴻工業股份有限公司第三廠,2016年第4季,2.341,公噸,0,公噸,0,公噸,0,公噸,完成核算,,,,,,,,,,,,,,,,,,,,,,,,,,,,,,
B23C4156,豐安紙器股份有限公司,2016年第4季,0.492,公噸,0,公噸,0,公噸,0,公噸,完成核算,,,,,,,,,,,,,,,,,,,,,,,,,,,,,,
B23C3594,融燁食品有限公司,2016年第4季,0,公噸,0,公噸,0,公噸,0.01,公噸,完成核算,,,,,,,,,,,,,,,,,,,,,,,,,,,,,,
B23A9766,安勝有限公司,2016年第4季,0.236,公噸,0,公噸,0,公噸,0,公噸,完成核算,,,,,,,,,,,,,,,,,,,,,,,,,,,,,,
B2303560,維志工業股份有限公司,2016年第4季,0,公噸,0,公噸,0,公噸,0,公噸,完成核算,,,,,,,,,,,,,,,,,,,,,,,,,,,,,,
B21A7889,臺中市立崇倫國中,2016年第4季,0,公噸,0,公噸,0,公噸,0.011,公噸,完成核算,,,,,,,,,,,,,,,,,,,,,,,,,,,,,,
B20A8585,臺中市立光明國民中學,2016年第4季,0,公噸,0,公噸,0,公噸,0.026,公噸,完成核算,,,,,,,,,,,,,,,,,,,,,,,,,,,,,,
B2005274,臺中市立向上國民中學,2016年第4季,0,公噸,0,公噸,0,公噸,0.022,公噸,完成核算,,,,,,,,,,,,,,,,,,,,,,,,,,,,,,
B0510325,連榮塗裝股份有限公司,2016年第4季,0.08,公噸,0,公噸,0,公噸,0.003,公噸,完成核算,,,,,,,,,,,,,,,,,,,,,,,,,,,,,,
B0510316,連勝塗裝有限公司,2016年第4季,0.1,公噸,0,公噸,0.001,公噸,0.017,公噸,完成核算,,,,,,,,,,,,,,,,,,,,,,,,,,,,,,
B0510307,和葦企業有限公司,2016年第4季,0,公噸,0,公噸,0.001,公噸,0.007,公噸,完成核算,,,,,,,,,,,,,,,,,,,,,,,,,,,,,,
B0510156,金岱鋁業有限公司,2016年第4季,0,公噸,0,公噸,0.029,公噸,0.02,公噸,完成核算,,,,,,,,,,,,,,,,,,,,,,,,,,,,,,
B0509975,華倫實業社,2016年第4季,0.149,公噸,0,公噸,0,公噸,0,公噸,完成核算,,,,,,,,,,,,,,,,,,,,,,,,,,,,,,
B0509199,亞紀有限公司,2016年第4季,0,公噸,0,公噸,0,公噸,0.004,公噸,完成核算,,,,,,,,,,,,,,,,,,,,,,,,,,,,,,
B0501175,榮泰塑膠廠,2016年第4季,0,公噸,0,公噸,0,公噸,0,公噸,完成核算,,,,,,,,,,,,,,,,,,,,,,,,,,,,,,
B0410008,梅鏡堂樹脂有限公司,2016年第4季,0.047,公噸,0,公噸,0,公噸,0,公噸,完成核算,,,,,,,,,,,,,,,,,,,,,,,,,,,,,,
B0409612,鉅晴實業有限公司,2016年第4季,0.002,公噸,0,公噸,0.038,公噸,0.026,公噸,完成核算,,,,,,,,,,,,,,,,,,,,,,,,,,,,,,
B0409569,聖進實業有限公司,2016年第4季,0.016,公噸,0,公噸,0,公噸,0,公噸,完成核算,,,,,,,,,,,,,,,,,,,,,,,,,,,,,,
B0303811,福慧生技有限公司,2016年第4季,0,公噸,0,公噸,0,公噸,0.026,公噸,完成核算,,,,,,,,,,,,,,,,,,,,,,,,,,,,,,
B0206273,崧煌實業股份有限公司,2016年第4季,20.047,公噸,0,公噸,0,公噸,0,公噸,完成核算,,,,,,,,,,,,,,,,,,,,,,,,,,,,,,
B0102743,軍霖工業股份有限公司,2016年第4季,0.432,公噸,0,公噸,0.008,公噸,0.005,公噸,完成核算,,,,,,,,,,,,,,,,,,,,,,,,,,,,,,
B0006362,伯偉彩色印刷有限公司二廠,2016年第4季,0.004,公噸,0,公噸,0,公噸,0,公噸,完成核算,,,,,,,,,,,,,,,,,,,,,,,,,,,,,,
B0006326,台新上光有限公司,2016年第4季,0.231,公噸,0,公噸,0,公噸,0,公噸,完成核算,,,,,,,,,,,,,,,,,,,,,,,,,,,,,,
B0006148,鼎茂昌工業股份有限公司,2016年第4季,0.018,公噸,0,公噸,0,公噸,0,公噸,完成核算,,,,,,,,,,,,,,,,,,,,,,,,,,,,,,
B0006086,華冠乳品股份有限公司,2016年第4季,0,公噸,0,公噸,0,公噸,0.006,公噸,完成核算,,,,,,,,,,,,,,,,,,,,,,,,,,,,,,
B0004260,元力工業社,2016年第4季,0.202,公噸,0,公噸,0,公噸,0.008,公噸,完成核算,,,,,,,,,,,,,,,,,,,,,,,,,,,,,,
B0004206,威盛木模有限公司,2016年第4季,0.001,公噸,0,公噸,0,公噸,0,公噸,完成核算,,,,,,,,,,,,,,,,,,,,,,,,,,,,,,
B0004199,大倚企業股份有限公司,2016年第4季,0.004,公噸,0,公噸,0,公噸,0,公噸,完成核算,,,,,,,,,,,,,,,,,,,,,,,,,,,,,,
V75B4033,東陽飯店有限公司台東分公司,2016年第3季,0,公噸,0,公噸,0.114,公噸,0.079,公噸,完成核算,,,,,,,,,,,,,,,,,,,,,,,,,,,,,,
V75B4023,欣豐食品行,2016年第3季,0,公噸,0,公噸,0.002,公噸,0.048,公噸,完成核算,,,,,,,,,,,,,,,,,,,,,,,,,,,,,,
V75B3916,郭秋霖汽車修理廠,2016年第3季,0.184,公噸,0,公噸,0,公噸,0,公噸,完成核算,,,,,,,,,,,,,,,,,,,,,,,,,,,,,,
S2015390,磐豐企業有限公司,2016年第3季,0,公噸,0,公噸,0,公噸,0,公噸,完成核算,,,,,,,,,,,,,,,,,,,,,,,,,,,,,,
O17M3896,力晶積成電子製造股份有限公司P3,2016年第3季,2.787,公噸,0,公噸,0,公噸,0.875,公噸,完成核算,,,,,,,,,,,,,,,,,,,,,,,,,,,,,,
O1702925,光華化學股份有限公司,2016年第3季,0,公噸,0,公噸,0.095,公噸,0.066,公噸,完成核算,,,,,,,,,,,,,,,,,,,,,,,,,,,,,,
N3103664,福有全食品廠有限公司二廠,2016年第3季,0,公噸,0,公噸,0.001,公噸,0.072,公噸,完成核算,,,,,,,,,,,,,,,,,,,,,,,,,,,,,,
N08A7581,謙伸工業股份有限公司,2016年第3季,0.179,公噸,0,公噸,0,公噸,0.06,公噸,完成核算,,,,,,,,,,,,,,,,,,,,,,,,,,,,,,
L98A0129,樹生休閒酒莊,2016年第3季,0,公噸,0,公噸,0,公噸,0.001,公噸,完成核算,,,,,,,,,,,,,,,,,,,,,,,,,,,,,,
L9603130,拓璁企業有限公司,2016年第3季,0.051,公噸,0,公噸,0,公噸,0,公噸,完成核算,,,,,,,,,,,,,,,,,,,,,,,,,,,,,,
L9501257,張雲傑畜牧場,2016年第3季,0,公噸,0,公噸,0,公噸,0.008,公噸,完成核算,,,,,,,,,,,,,,,,,,,,,,,,,,,,,,
L91A0085,頂盛通國際股份有限公司,2016年第3季,0.662,公噸,0,公噸,0,公噸,0,公噸,完成核算,,,,,,,,,,,,,,,,,,,,,,,,,,,,,,
L88A0848,大榮建築鋼架股份有限公司分廠,2016年第3季,5.128,公噸,0,公噸,0,公噸,0,公噸,完成核算,,,,,,,,,,,,,,,,,,,,,,,,,,,,,,
L8806128,羅得化學製藥股份有限公司,2016年第3季,0,公噸,0,公噸,0,公噸,0.007,公噸,完成核算,,,,,,,,,,,,,,,,,,,,,,,,,,,,,,
L8802031,功億工業股份有限公司台中廠,2016年第3季,0,公噸,0,公噸,0,公噸,0.028,公噸,完成核算,,,,,,,,,,,,,,,,,,,,,,,,,,,,,,
L8801703,鈦揚企業股份有限公司,2016年第3季,0.045,公噸,0,公噸,0,公噸,0,公噸,完成核算,,,,,,,,,,,,,,,,,,,,,,,,,,,,,,
L03A0108,朝陽科技大學,2016年第3季,0,公噸,0,公噸,0,公噸,0.008,公噸,完成核算,,,,,,,,,,,,,,,,,,,,,,,,,,,,,,
L01A0514,上萌實業有限公司,2016年第3季,0,公噸,0,公噸,0,公噸,0,公噸,完成核算,,,,,,,,,,,,,,,,,,,,,,,,,,,,,,
K71B0092,希華晶體科技股份有限公司威華廠,2016年第3季,0.94,公噸,0,公噸,0,公噸,0,公噸,完成核算,,,,,,,,,,,,,,,,,,,,,,,,,,,,,,
H4209803,大樹林屠宰場,2016年第3季,0,公噸,0,公噸,0.114,公噸,0.079,公噸,完成核算,,,,,,,,,,,,,,,,,,,,,,,,,,,,,,
F0814320,日宏企業有限公司,2016年第3季,0,公噸,0,公噸,0,公噸,0.048,公噸,完成核算,,,,,,,,,,,,,,,,,,,,,,,,,,,,,,
F07A7249,建美食品有限公司樹林廠,2016年第3季,0,公噸,0,公噸,0,公噸,0.006,公噸,完成核算,,,,,,,,,,,,,,,,,,,,,,,,,,,,,,
F06A9290,精能光學股份有限公司,2016年第3季,1.022,公噸,0,公噸,0,公噸,0,公噸,完成核算,,,,,,,,,,,,,,,,,,,,,,,,,,,,,,
F04C2941,彩之坊科技股份有限公司,2016年第3季,8.334,公噸,0,公噸,0,公噸,0,公噸,完成核算,,,,,,,,,,,,,,,,,,,,,,,,,,,,,,
E56B2298,豪駿遊艇股份有限公司,2016年第3季,0,公噸,0,公噸,0,公噸,0,公噸,完成核算,,,,,,,,,,,,,,,,,,,,,,,,,,,,,,
E56B2268,強生遊艇股份有限公司,2016年第3季,0.945,公噸,0,公噸,0,公噸,0,公噸,完成核算,,,,,,,,,,,,,,,,,,,,,,,,,,,,,,
E5601553,東剛機器工程股份有限公司,2016年第3季,0,公噸,0,公噸,0,公噸,0.004,公噸,完成核算,,,,,,,,,,,,,,,,,,,,,,,,,,,,,,
E3100786,盈益船舶有限公司,2016年第3季,0,公噸,0,公噸,0,公噸,0,公噸,完成核算,,,,,,,,,,,,,,,,,,,,,,,,,,,,,,
E20A5560,安迪旅館,2016年第3季,0,公噸,0,公噸,0,公噸,0,公噸,完成核算,,,,,,,,,,,,,,,,,,,,,,,,,,,,,,
E1510480,克來旅館,2016年第3季,0,公噸,0,公噸,0,公噸,0,公噸,完成核算,,,,,,,,,,,,,,,,,,,,,,,,,,,,,,
C11A3054,世嘉工業股份有限公司,2016年第3季,0,公噸,0,公噸,0,公噸,0,公噸,完成核算,,,,,,,,,,,,,,,,,,,,,,,,,,,,,,
B99A0920,優特斯工業股份有限公司,2016年第3季,0.616,公噸,0,公噸,0,公噸,0,公噸,完成核算,,,,,,,,,,,,,,,,,,,,,,,,,,,,,,
B99A0861,嘉茂生鮮有限公司,2016年第3季,0,公噸,0,公噸,0,公噸,0.002,公噸,完成核算,,,,,,,,,,,,,,,,,,,,,,,,,,,,,,
B9801961,源泰醬園,2016年第3季,0,公噸,0,公噸,0.04,公噸,0.028,公噸,完成核算,,,,,,,,,,,,,,,,,,,,,,,,,,,,,,
B9700325,合船企業有限公司,2016年第3季,1.194,公噸,0,公噸,0.001,公噸,0.007,公噸,完成核算,,,,,,,,,,,,,,,,,,,,,,,,,,,,,,
B9506256,凱得森傢俱有限公司大雅廠,2016年第3季,0.048,公噸,0,公噸,0,公噸,0,公噸,完成核算,,,,,,,,,,,,,,,,,,,,,,,,,,,,,,
B9506229,明琦彩色印刷股份有限公司二廠,2016年第3季,0.538,公噸,0,公噸,0,公噸,0,公噸,完成核算,,,,,,,,,,,,,,,,,,,,,,,,,,,,,,
B9505946,兆煒金屬工業股份有限公司,2016年第3季,1.36,公噸,0,公噸,0.095,公噸,0.066,公噸,完成核算,,,,,,,,,,,,,,,,,,,,,,,,,,,,,,
B9504636,定厚企業有限公司,2016年第3季,0.003,公噸,0,公噸,0,公噸,0,公噸,完成核算,,,,,,,,,,,,,,,,,,,,,,,,,,,,,,
B9306498,松軒塑膠企業有限公司,2016年第3季,0.141,公噸,0,公噸,0,公噸,0,公噸,完成核算,,,,,,,,,,,,,,,,,,,,,,,,,,,,,,
B9306489,立信實業股份有限公司,2016年第3季,0.294,公噸,0,公噸,0,公噸,0,公噸,完成核算,,,,,,,,,,,,,,,,,,,,,,,,,,,,,,
B9306470,達鎂塑膠實業有限公司,2016年第3季,0.036,公噸,0,公噸,0,公噸,0,公噸,完成核算,,,,,,,,,,,,,,,,,,,,,,,,,,,,,,
B9306461,湧臻實業有限公司,2016年第3季,0.032,公噸,0,公噸,0,公噸,0,公噸,完成核算,,,,,,,,,,,,,,,,,,,,,,,,,,,,,,
B9306381,林協順加工廠,2016年第3季,0.024,公噸,0,公噸,0,公噸,0,公噸,完成核算,,,,,,,,,,,,,,,,,,,,,,,,,,,,,,
B9305535,恩諾基科技有限公司,2016年第3季,0.946,公噸,0,公噸,0,公噸,0,公噸,完成核算,,,,,,,,,,,,,,,,,,,,,,,,,,,,,,
B9304903,富隆塑膠廠,2016年第3季,0.028,公噸,0,公噸,0,公噸,0,公噸,完成核算,,,,,,,,,,,,,,,,,,,,,,,,,,,,,,
B9304332,寶麗行,2016年第3季,0.206,公噸,0,公噸,0,公噸,0,公噸,完成核算,,,,,,,,,,,,,,,,,,,,,,,,,,,,,,
B9304305,圜鴻合板工廠,2016年第3季,1.357,公噸,0,公噸,0,公噸,0,公噸,完成核算,,,,,,,,,,,,,,,,,,,,,,,,,,,,,,
B9304234,鋐輝機械有限公司二廠,2016年第3季,0.174,公噸,0,公噸,0,公噸,0,公噸,完成核算,,,,,,,,,,,,,,,,,,,,,,,,,,,,,,
B9304207,延堅股份有限公司,2016年第3季,0.081,公噸,0,公噸,0,公噸,0,公噸,完成核算,,,,,,,,,,,,,,,,,,,,,,,,,,,,,,
B9304065,宏達科技工業社,2016年第3季,0.035,公噸,0,公噸,0,公噸,0,公噸,完成核算,,,,,,,,,,,,,,,,,,,,,,,,,,,,,,
B9302918,協源宬印刷實業社,2016年第3季,0.053,公噸,0,公噸,0,公噸,0,公噸,完成核算,,,,,,,,,,,,,,,,,,,,,,,,,,,,,,
B9203205,裕祥地板有限公司后里廠,2016年第3季,0.114,公噸,0,公噸,0,公噸,0,公噸,完成核算,,,,,,,,,,,,,,,,,,,,,,,,,,,,,,
B9203152,億朋工業有限公司,2016年第3季,0.016,公噸,0,公噸,0.033,公噸,0.022,公噸,完成核算,,,,,,,,,,,,,,,,,,,,,,,,,,,,,,
B9202137,星月大地休閒事業股份有限公司,2016年第3季,0,公噸,0,公噸,0,公噸,0,公噸,完成核算,,,,,,,,,,,,,,,,,,,,,,,,,,,,,,
B9105213,鼎三企業股份有限公司,2016年第3季,0.077,公噸,0,公噸,0,公噸,0,公噸,完成核算,,,,,,,,,,,,,,,,,,,,,,,,,,,,,,
B8905693,上渼塑膠有限公司,2016年第3季,1.628,公噸,0,公噸,0,公噸,0,公噸,完成核算,,,,,,,,,,,,,,,,,,,,,,,,,,,,,,
B8905344,三榮塑膠製品工業有限公司,2016年第3季,0.017,公噸,0,公噸,0,公噸,0,公噸,完成核算,,,,,,,,,,,,,,,,,,,,,,,,,,,,,,
B8905335,鑫壕鋁業有限公司清水廠,2016年第3季,0.02,公噸,0,公噸,0.04,公噸,0.027,公噸,完成核算,,,,,,,,,,,,,,,,,,,,,,,,,,,,,,
B8903662,朝盛塑膠工業股份有限公司,2016年第3季,0.043,公噸,0,公噸,0,公噸,0,公噸,完成核算,,,,,,,,,,,,,,,,,,,,,,,,,,,,,,
B8804173,大新餐盒食品工廠,2016年第3季,0,公噸,0,公噸,0,公噸,0.005,公噸,完成核算,,,,,,,,,,,,,,,,,,,,,,,,,,,,,,
B8608162,合船企業有限公司,2016年第3季,0.706,公噸,0,公噸,0.001,公噸,0.014,公噸,完成核算,,,,,,,,,,,,,,,,,,,,,,,,,,,,,,
B8608108,燒魚子商行,2016年第3季,0,公噸,0,公噸,0,公噸,0.001,公噸,完成核算,,,,,,,,,,,,,,,,,,,,,,,,,,,,,,
B8605741,旭?工業股份有限公司,2016年第3季,0.054,公噸,0,公噸,0.106,公噸,0.072,公噸,完成核算,,,,,,,,,,,,,,,,,,,,,,,,,,,,,,
B24C2402,臺中市立黎明國民中學,2016年第3季,0,公噸,0,公噸,0,公噸,0.004,公噸,完成核算,,,,,,,,,,,,,,,,,,,,,,,,,,,,,,
B24C1731,協鴻工業股份有限公司第三廠,2016年第3季,3.492,公噸,0,公噸,0,公噸,0,公噸,完成核算,,,,,,,,,,,,,,,,,,,,,,,,,,,,,,
B23C4156,豐安紙器股份有限公司,2016年第3季,0.574,公噸,0,公噸,0,公噸,0,公噸,完成核算,,,,,,,,,,,,,,,,,,,,,,,,,,,,,,
B23C3594,融燁食品有限公司,2016年第3季,0,公噸,0,公噸,0,公噸,0.011,公噸,完成核算,,,,,,,,,,,,,,,,,,,,,,,,,,,,,,
B23A9766,安勝有限公司,2016年第3季,0.207,公噸,0,公噸,0,公噸,0,公噸,完成核算,,,,,,,,,,,,,,,,,,,,,,,,,,,,,,
B2303560,維志工業股份有限公司,2016年第3季,0,公噸,0,公噸,0,公噸,0,公噸,完成核算,,,,,,,,,,,,,,,,,,,,,,,,,,,,,,
B21A7889,臺中市立崇倫國中,2016年第3季,0,公噸,0,公噸,0,公噸,0,公噸,完成核算,,,,,,,,,,,,,,,,,,,,,,,,,,,,,,
B20A8585,臺中市立光明國民中學,2016年第3季,0,公噸,0,公噸,0,公噸,0.009,公噸,完成核算,,,,,,,,,,,,,,,,,,,,,,,,,,,,,,
B2005274,臺中市立向上國民中學,2016年第3季,0,公噸,0,公噸,0,公噸,0.007,公噸,完成核算,,,,,,,,,,,,,,,,,,,,,,,,,,,,,,
B0510325,連榮塗裝股份有限公司,2016年第3季,0.1,公噸,0,公噸,0,公噸,0.002,公噸,完成核算,,,,,,,,,,,,,,,,,,,,,,,,,,,,,,
B0510316,連勝塗裝有限公司,2016年第3季,0.25,公噸,0,公噸,0.001,公噸,0.014,公噸,完成核算,,,,,,,,,,,,,,,,,,,,,,,,,,,,,,
B0510307,和葦企業有限公司,2016年第3季,0,公噸,0,公噸,0.001,公噸,0.007,公噸,完成核算,,,,,,,,,,,,,,,,,,,,,,,,,,,,,,
B0510156,金岱鋁業有限公司,2016年第3季,0,公噸,0,公噸,0.036,公噸,0.024,公噸,完成核算,,,,,,,,,,,,,,,,,,,,,,,,,,,,,,
B0509975,華倫實業社,2016年第3季,0.148,公噸,0,公噸,0,公噸,0,公噸,完成核算,,,,,,,,,,,,,,,,,,,,,,,,,,,,,,
B0509199,亞紀有限公司,2016年第3季,0,公噸,0,公噸,0.03,公噸,0.004,公噸,完成核算,,,,,,,,,,,,,,,,,,,,,,,,,,,,,,
B0501175,榮泰塑膠廠,2016年第3季,0,公噸,0,公噸,0,公噸,0,公噸,完成核算,,,,,,,,,,,,,,,,,,,,,,,,,,,,,,
B0410008,梅鏡堂樹脂有限公司,2016年第3季,0.037,公噸,0,公噸,0,公噸,0,公噸,完成核算,,,,,,,,,,,,,,,,,,,,,,,,,,,,,,
B0409612,鉅晴實業有限公司,2016年第3季,0.002,公噸,0,公噸,0,公噸,0,公噸,完成核算,,,,,,,,,,,,,,,,,,,,,,,,,,,,,,
B0409569,聖進實業有限公司,2016年第3季,0.012,公噸,0,公噸,0,公噸,0,公噸,完成核算,,,,,,,,,,,,,,,,,,,,,,,,,,,,,,
B0303811,福慧生技有限公司,2016年第3季,0,公噸,0,公噸,0,公噸,0.027,公噸,完成核算,,,,,,,,,,,,,,,,,,,,,,,,,,,,,,
B0206273,崧煌實業股份有限公司,2016年第3季,18.615,公噸,0,公噸,0,公噸,0,公噸,完成核算,,,,,,,,,,,,,,,,,,,,,,,,,,,,,,
B0102743,軍霖工業股份有限公司,2016年第3季,0.404,公噸,0,公噸,0.006,公噸,0.004,公噸,完成核算,,,,,,,,,,,,,,,,,,,,,,,,,,,,,,
B0006362,伯偉彩色印刷有限公司二廠,2016年第3季,0.003,公噸,0,公噸,0,公噸,0,公噸,完成核算,,,,,,,,,,,,,,,,,,,,,,,,,,,,,,
B0006326,台新上光有限公司,2016年第3季,0.232,公噸,0,公噸,0,公噸,0,公噸,完成核算,,,,,,,,,,,,,,,,,,,,,,,,,,,,,,
B0006148,鼎茂昌工業股份有限公司,2016年第3季,0.011,公噸,0,公噸,0,公噸,0,公噸,完成核算,,,,,,,,,,,,,,,,,,,,,,,,,,,,,,
B0006086,華冠乳品股份有限公司,2016年第3季,0,公噸,0,公噸,0,公噸,0.004,公噸,完成核算,,,,,,,,,,,,,,,,,,,,,,,,,,,,,,
B0004260,元力工業社,2016年第3季,0.225,公噸,0,公噸,0,公噸,0.008,公噸,完成核算,,,,,,,,,,,,,,,,,,,,,,,,,,,,,,
B0004206,威盛木模有限公司,2016年第3季,0.005,公噸,0,公噸,0,公噸,0,公噸,完成核算,,,,,,,,,,,,,,,,,,,,,,,,,,,,,,
B0004199,大倚企業股份有限公司,2016年第3季,0.004,公噸,0,公噸,0,公噸,0,公噸,完成核算,,,,,,,,,,,,,,,,,,,,,,,,,,,,,,
V75B4033,東陽飯店有限公司台東分公司,2016年第2季,0,公噸,0,公噸,0.114,公噸,0.079,公噸,完成核算,,,,,,,,,,,,,,,,,,,,,,,,,,,,,,
V75B4023,欣豐食品行,2016年第2季,0,公噸,0,公噸,0.002,公噸,0.048,公噸,完成核算,,,,,,,,,,,,,,,,,,,,,,,,,,,,,,
V75B3916,郭秋霖汽車修理廠,2016年第2季,0.02,公噸,0,公噸,0,公噸,0,公噸,完成核算,,,,,,,,,,,,,,,,,,,,,,,,,,,,,,
S2015390,磐豐企業有限公司,2016年第2季,0,公噸,0,公噸,0,公噸,0,公噸,完成核算,,,,,,,,,,,,,,,,,,,,,,,,,,,,,,
O1702925,光華化學股份有限公司,2016年第2季,0,公噸,0,公噸,0.095,公噸,0.066,公噸,完成核算,,,,,,,,,,,,,,,,,,,,,,,,,,,,,,
N3103664,福有全食品廠有限公司二廠,2016年第2季,0,公噸,0,公噸,0.001,公噸,0.072,公噸,完成核算,,,,,,,,,,,,,,,,,,,,,,,,,,,,,,
N08A7581,謙伸工業股份有限公司,2016年第2季,0,公噸,0,公噸,0,公噸,0.047,公噸,完成核算,,,,,,,,,,,,,,,,,,,,,,,,,,,,,,
L98A0129,樹生休閒酒莊,2016年第2季,0,公噸,0,公噸,0,公噸,0.001,公噸,完成核算,,,,,,,,,,,,,,,,,,,,,,,,,,,,,,
L9603130,拓璁企業有限公司,2016年第2季,0.05,公噸,0,公噸,0,公噸,0,公噸,完成核算,,,,,,,,,,,,,,,,,,,,,,,,,,,,,,
L9501257,張雲傑畜牧場,2016年第2季,0,公噸,0,公噸,0,公噸,0.008,公噸,完成核算,,,,,,,,,,,,,,,,,,,,,,,,,,,,,,
L91A0085,頂盛通國際股份有限公司,2016年第2季,0.427,公噸,0,公噸,0,公噸,0,公噸,完成核算,,,,,,,,,,,,,,,,,,,,,,,,,,,,,,
L88A0848,大榮建築鋼架股份有限公司分廠,2016年第2季,3.764,公噸,0,公噸,0,公噸,0,公噸,完成核算,,,,,,,,,,,,,,,,,,,,,,,,,,,,,,
L8806128,羅得化學製藥股份有限公司,2016年第2季,0,公噸,0,公噸,0,公噸,0.007,公噸,完成核算,,,,,,,,,,,,,,,,,,,,,,,,,,,,,,
L8802031,功億工業股份有限公司台中廠,2016年第2季,0,公噸,0,公噸,0,公噸,0.028,公噸,完成核算,,,,,,,,,,,,,,,,,,,,,,,,,,,,,,
L8801703,鈦揚企業股份有限公司,2016年第2季,0.022,公噸,0,公噸,0,公噸,0,公噸,完成核算,,,,,,,,,,,,,,,,,,,,,,,,,,,,,,
L03A0108,朝陽科技大學,2016年第2季,0,公噸,0,公噸,0,公噸,0.023,公噸,完成核算,,,,,,,,,,,,,,,,,,,,,,,,,,,,,,
L01A0514,上萌實業有限公司,2016年第2季,0,公噸,0,公噸,0,公噸,0,公噸,完成核算,,,,,,,,,,,,,,,,,,,,,,,,,,,,,,
K71B0092,希華晶體科技股份有限公司威華廠,2016年第2季,1.039,公噸,0,公噸,0,公噸,0,公噸,完成核算,,,,,,,,,,,,,,,,,,,,,,,,,,,,,,
H4209803,大樹林屠宰場,2016年第2季,0,公噸,0,公噸,0.114,公噸,0.079,公噸,完成核算,,,,,,,,,,,,,,,,,,,,,,,,,,,,,,
F0814320,日宏企業有限公司,2016年第2季,0,公噸,0,公噸,0,公噸,0.044,公噸,完成核算,,,,,,,,,,,,,,,,,,,,,,,,,,,,,,
F07A7249,建美食品有限公司樹林廠,2016年第2季,0,公噸,0,公噸,0,公噸,0.006,公噸,完成核算,,,,,,,,,,,,,,,,,,,,,,,,,,,,,,
F06A9290,精能光學股份有限公司,2016年第2季,0.932,公噸,0,公噸,0,公噸,0,公噸,完成核算,,,,,,,,,,,,,,,,,,,,,,,,,,,,,,
F04C2941,彩之坊科技股份有限公司,2016年第2季,7.554,公噸,0,公噸,0,公噸,0,公噸,完成核算,,,,,,,,,,,,,,,,,,,,,,,,,,,,,,
E56B2298,豪駿遊艇股份有限公司,2016年第2季,0.858,公噸,0,公噸,0,公噸,0,公噸,完成核算,,,,,,,,,,,,,,,,,,,,,,,,,,,,,,
E56B2268,強生遊艇股份有限公司,2016年第2季,0.788,公噸,0,公噸,0,公噸,0,公噸,完成核算,,,,,,,,,,,,,,,,,,,,,,,,,,,,,,
E5601553,東剛機器工程股份有限公司,2016年第2季,0,公噸,0,公噸,0,公噸,0.004,公噸,完成核算,,,,,,,,,,,,,,,,,,,,,,,,,,,,,,
E3100786,盈益船舶有限公司,2016年第2季,0,公噸,0,公噸,0,公噸,0,公噸,完成核算,,,,,,,,,,,,,,,,,,,,,,,,,,,,,,
E20A5560,安迪旅館,2016年第2季,0,公噸,0,公噸,0,公噸,0,公噸,完成核算,,,,,,,,,,,,,,,,,,,,,,,,,,,,,,
E1510480,克來旅館,2016年第2季,0,公噸,0,公噸,0,公噸,0,公噸,完成核算,,,,,,,,,,,,,,,,,,,,,,,,,,,,,,
C11A3054,東南興實業股份有限公司,2016年第2季,0,公噸,0,公噸,0,公噸,0,公噸,完成核算,,,,,,,,,,,,,,,,,,,,,,,,,,,,,,
B99A0920,優特斯工業股份有限公司,2016年第2季,0.497,公噸,0,公噸,0,公噸,0,公噸,完成核算,,,,,,,,,,,,,,,,,,,,,,,,,,,,,,
B9801961,源泰醬園,2016年第2季,0,公噸,0,公噸,0.04,公噸,0.028,公噸,完成核算,,,,,,,,,,,,,,,,,,,,,,,,,,,,,,
B9700325,合船企業有限公司,2016年第2季,0.619,公噸,0,公噸,0.001,公噸,0.01,公噸,完成核算,,,,,,,,,,,,,,,,,,,,,,,,,,,,,,
B9506256,凱得森傢俱有限公司大雅廠,2016年第2季,0.055,公噸,0,公噸,0,公噸,0,公噸,完成核算,,,,,,,,,,,,,,,,,,,,,,,,,,,,,,
B9506229,明琦彩色印刷股份有限公司二廠,2016年第2季,0.424,公噸,0,公噸,0,公噸,0,公噸,完成核算,,,,,,,,,,,,,,,,,,,,,,,,,,,,,,
B9505946,兆煒金屬工業股份有限公司,2016年第2季,1.2,公噸,0,公噸,0.095,公噸,0.066,公噸,完成核算,,,,,,,,,,,,,,,,,,,,,,,,,,,,,,
B9504636,定厚企業有限公司,2016年第2季,0.003,公噸,0,公噸,0,公噸,0,公噸,完成核算,,,,,,,,,,,,,,,,,,,,,,,,,,,,,,
B9306498,松軒塑膠企業有限公司,2016年第2季,0.195,公噸,0,公噸,0,公噸,0,公噸,完成核算,,,,,,,,,,,,,,,,,,,,,,,,,,,,,,
B9306489,立信實業股份有限公司,2016年第2季,0.467,公噸,0,公噸,0,公噸,0,公噸,完成核算,,,,,,,,,,,,,,,,,,,,,,,,,,,,,,
B9306470,達鎂塑膠實業有限公司,2016年第2季,0.04,公噸,0,公噸,0,公噸,0,公噸,完成核算,,,,,,,,,,,,,,,,,,,,,,,,,,,,,,
B9306461,湧臻實業有限公司,2016年第2季,0.032,公噸,0,公噸,0,公噸,0,公噸,完成核算,,,,,,,,,,,,,,,,,,,,,,,,,,,,,,
B9306381,林協順加工廠,2016年第2季,0,公噸,0,公噸,0,公噸,0,公噸,完成核算,,,,,,,,,,,,,,,,,,,,,,,,,,,,,,
B9304903,富隆塑膠廠,2016年第2季,0.028,公噸,0,公噸,0,公噸,0,公噸,完成核算,,,,,,,,,,,,,,,,,,,,,,,,,,,,,,
B9304332,寶麗行,2016年第2季,0,公噸,0,公噸,0,公噸,0,公噸,完成核算,,,,,,,,,,,,,,,,,,,,,,,,,,,,,,
B9304305,圜鴻合板工廠,2016年第2季,1.431,公噸,0,公噸,0,公噸,0,公噸,完成核算,,,,,,,,,,,,,,,,,,,,,,,,,,,,,,
B9304234,鋐輝機械有限公司二廠,2016年第2季,0,公噸,0,公噸,0,公噸,0,公噸,完成核算,,,,,,,,,,,,,,,,,,,,,,,,,,,,,,
B9304207,延堅股份有限公司,2016年第2季,0.085,公噸,0,公噸,0,公噸,0,公噸,完成核算,,,,,,,,,,,,,,,,,,,,,,,,,,,,,,
B9304065,宏達科技工業社,2016年第2季,0.034,公噸,0,公噸,0,公噸,0,公噸,完成核算,,,,,,,,,,,,,,,,,,,,,,,,,,,,,,
B9302918,協源宬印刷實業社,2016年第2季,0.036,公噸,0,公噸,0,公噸,0,公噸,完成核算,,,,,,,,,,,,,,,,,,,,,,,,,,,,,,
B9203205,裕祥地板有限公司后里廠,2016年第2季,0.096,公噸,0,公噸,0,公噸,0,公噸,完成核算,,,,,,,,,,,,,,,,,,,,,,,,,,,,,,
B9203152,億朋工業有限公司,2016年第2季,0.016,公噸,0,公噸,0.032,公噸,0.022,公噸,完成核算,,,,,,,,,,,,,,,,,,,,,,,,,,,,,,
B9202137,星月大地休閒事業股份有限公司,2016年第2季,0,公噸,0,公噸,0,公噸,0,公噸,完成核算,,,,,,,,,,,,,,,,,,,,,,,,,,,,,,
B9105213,鼎三企業股份有限公司,2016年第2季,0.079,公噸,0,公噸,0,公噸,0,公噸,完成核算,,,,,,,,,,,,,,,,,,,,,,,,,,,,,,
B8905693,上渼塑膠有限公司,2016年第2季,1.708,公噸,0,公噸,0,公噸,0,公噸,完成核算,,,,,,,,,,,,,,,,,,,,,,,,,,,,,,
B8905344,三榮塑膠製品工業有限公司,2016年第2季,0.047,公噸,0,公噸,0,公噸,0,公噸,完成核算,,,,,,,,,,,,,,,,,,,,,,,,,,,,,,
B8905335,鑫壕鋁業有限公司清水廠,2016年第2季,0.02,公噸,0,公噸,0.04,公噸,0.027,公噸,完成核算,,,,,,,,,,,,,,,,,,,,,,,,,,,,,,
B8903662,朝盛塑膠工業股份有限公司,2016年第2季,0.039,公噸,0,公噸,0,公噸,0,公噸,完成核算,,,,,,,,,,,,,,,,,,,,,,,,,,,,,,
B8804173,大新餐盒食品工廠,2016年第2季,0,公噸,0,公噸,0,公噸,0.032,公噸,完成核算,,,,,,,,,,,,,,,,,,,,,,,,,,,,,,
B8608162,合船企業有限公司,2016年第2季,0.814,公噸,0,公噸,0.001,公噸,0.017,公噸,完成核算,,,,,,,,,,,,,,,,,,,,,,,,,,,,,,
B8608108,燒魚子商行,2016年第2季,0,公噸,0,公噸,0,公噸,0.001,公噸,完成核算,,,,,,,,,,,,,,,,,,,,,,,,,,,,,,
B8605741,旭?工業股份有限公司,2016年第2季,0.058,公噸,0,公噸,0.114,公噸,0.077,公噸,完成核算,,,,,,,,,,,,,,,,,,,,,,,,,,,,,,
B24C2402,臺中市立黎明國民中學,2016年第2季,0,公噸,0,公噸,0,公噸,0.013,公噸,完成核算,,,,,,,,,,,,,,,,,,,,,,,,,,,,,,
B24C1731,協鴻工業股份有限公司第三廠,2016年第2季,2.856,公噸,0,公噸,0,公噸,0,公噸,完成核算,,,,,,,,,,,,,,,,,,,,,,,,,,,,,,
B23C4156,豐安紙器股份有限公司,2016年第2季,0.624,公噸,0,公噸,0,公噸,0,公噸,完成核算,,,,,,,,,,,,,,,,,,,,,,,,,,,,,,
B23C3594,融燁食品有限公司,2016年第2季,0,公噸,0,公噸,0,公噸,0.009,公噸,完成核算,,,,,,,,,,,,,,,,,,,,,,,,,,,,,,
B23A9766,安勝有限公司,2016年第2季,0.212,公噸,0,公噸,0,公噸,0,公噸,完成核算,,,,,,,,,,,,,,,,,,,,,,,,,,,,,,
B2303560,維志工業股份有限公司,2016年第2季,0,公噸,0,公噸,0,公噸,0,公噸,完成核算,,,,,,,,,,,,,,,,,,,,,,,,,,,,,,
B21A7889,臺中市立崇倫國中,2016年第2季,0,公噸,0,公噸,0,公噸,0.012,公噸,完成核算,,,,,,,,,,,,,,,,,,,,,,,,,,,,,,
B20A8585,臺中市立光明國民中學,2016年第2季,0,公噸,0,公噸,0,公噸,0.024,公噸,完成核算,,,,,,,,,,,,,,,,,,,,,,,,,,,,,,
B2005274,臺中市立向上國民中學,2016年第2季,0,公噸,0,公噸,0,公噸,0.022,公噸,完成核算,,,,,,,,,,,,,,,,,,,,,,,,,,,,,,
B0510325,連榮塗裝股份有限公司,2016年第2季,0.1,公噸,0,公噸,0,公噸,0.003,公噸,完成核算,,,,,,,,,,,,,,,,,,,,,,,,,,,,,,
B0510316,連勝塗裝有限公司,2016年第2季,0.15,公噸,0,公噸,0.001,公噸,0.015,公噸,完成核算,,,,,,,,,,,,,,,,,,,,,,,,,,,,,,
B0510307,和葦企業有限公司,2016年第2季,0,公噸,0,公噸,0,公噸,0.005,公噸,完成核算,,,,,,,,,,,,,,,,,,,,,,,,,,,,,,
B0510156,金岱鋁業有限公司,2016年第2季,0,公噸,0,公噸,0.029,公噸,0.02,公噸,完成核算,,,,,,,,,,,,,,,,,,,,,,,,,,,,,,
B0509975,華倫實業社,2016年第2季,0.146,公噸,0,公噸,0,公噸,0,公噸,完成核算,,,,,,,,,,,,,,,,,,,,,,,,,,,,,,
B0509199,亞紀有限公司,2016年第2季,0,公噸,0,公噸,0,公噸,0.004,公噸,完成核算,,,,,,,,,,,,,,,,,,,,,,,,,,,,,,
B0501175,榮泰塑膠廠,2016年第2季,0,公噸,0,公噸,0,公噸,0,公噸,完成核算,,,,,,,,,,,,,,,,,,,,,,,,,,,,,,
B0410008,梅鏡堂樹脂有限公司,2016年第2季,0.025,公噸,0,公噸,0,公噸,0,公噸,完成核算,,,,,,,,,,,,,,,,,,,,,,,,,,,,,,
B0409612,鉅晴實業有限公司,2016年第2季,0.002,公噸,0,公噸,0.038,公噸,0.026,公噸,完成核算,,,,,,,,,,,,,,,,,,,,,,,,,,,,,,
B0409569,聖進實業有限公司,2016年第2季,0.016,公噸,0,公噸,0,公噸,0,公噸,完成核算,,,,,,,,,,,,,,,,,,,,,,,,,,,,,,
B0303811,福慧生技有限公司,2016年第2季,0,公噸,0,公噸,0,公噸,0,公噸,完成核算,,,,,,,,,,,,,,,,,,,,,,,,,,,,,,
B0206273,崧煌實業股份有限公司,2016年第2季,22.479,公噸,0,公噸,0,公噸,0,公噸,完成核算,,,,,,,,,,,,,,,,,,,,,,,,,,,,,,
B0102743,軍霖工業股份有限公司,2016年第2季,0.46,公噸,0,公噸,0.007,公噸,0.005,公噸,完成核算,,,,,,,,,,,,,,,,,,,,,,,,,,,,,,
B0006362,伯偉彩色印刷有限公司二廠,2016年第2季,0.003,公噸,0,公噸,0,公噸,0,公噸,完成核算,,,,,,,,,,,,,,,,,,,,,,,,,,,,,,
B0006148,鼎茂昌工業股份有限公司,2016年第2季,0.013,公噸,0,公噸,0,公噸,0,公噸,完成核算,,,,,,,,,,,,,,,,,,,,,,,,,,,,,,
B0006086,華冠乳品股份有限公司,2016年第2季,0,公噸,0,公噸,0,公噸,0.005,公噸,完成核算,,,,,,,,,,,,,,,,,,,,,,,,,,,,,,
B0004260,元力工業社,2016年第2季,0.202,公噸,0,公噸,0,公噸,0.008,公噸,完成核算,,,,,,,,,,,,,,,,,,,,,,,,,,,,,,
B0004206,威盛木模有限公司,2016年第2季,0.011,公噸,0,公噸,0,公噸,0,公噸,完成核算,,,,,,,,,,,,,,,,,,,,,,,,,,,,,,
B0004199,大倚企業股份有限公司,2016年第2季,0.004,公噸,0,公噸,0,公噸,0,公噸,完成核算,,,,,,,,,,,,,,,,,,,,,,,,,,,,,,
V75B4033,東陽飯店有限公司台東分公司,2016年第1季,0,公噸,0,公噸,0.16,公噸,0.111,公噸,完成核算,,,,,,,,,,,,,,,,,,,,,,,,,,,,,,
V75B4023,欣豐食品行,2016年第1季,0,公噸,0,公噸,0.002,公噸,0.048,公噸,完成核算,,,,,,,,,,,,,,,,,,,,,,,,,,,,,,
V75B3916,郭秋霖汽車修理廠,2016年第1季,0.02,公噸,0,公噸,0,公噸,0,公噸,完成核算,,,,,,,,,,,,,,,,,,,,,,,,,,,,,,
S2015390,磐豐企業有限公司,2016年第1季,0,公噸,0,公噸,0,公噸,0,公噸,完成核算,,,,,,,,,,,,,,,,,,,,,,,,,,,,,,
N3103664,福有全食品廠有限公司二廠,2016年第1季,0,公噸,0,公噸,0.001,公噸,0.072,公噸,完成核算,,,,,,,,,,,,,,,,,,,,,,,,,,,,,,
N08A7581,謙伸工業股份有限公司,2016年第1季,0,公噸,0,公噸,0,公噸,0.032,公噸,完成核算,,,,,,,,,,,,,,,,,,,,,,,,,,,,,,
L98A0129,樹生休閒酒莊,2016年第1季,0,公噸,0,公噸,0,公噸,0.001,公噸,完成核算,,,,,,,,,,,,,,,,,,,,,,,,,,,,,,
L9603130,拓璁企業有限公司,2016年第1季,0.038,公噸,0,公噸,0,公噸,0,公噸,完成核算,,,,,,,,,,,,,,,,,,,,,,,,,,,,,,
L9501257,張雲傑畜牧場,2016年第1季,0,公噸,0,公噸,0,公噸,0.008,公噸,完成核算,,,,,,,,,,,,,,,,,,,,,,,,,,,,,,
L91A0085,頂盛通國際股份有限公司,2016年第1季,0.638,公噸,0,公噸,0,公噸,0,公噸,完成核算,,,,,,,,,,,,,,,,,,,,,,,,,,,,,,
L88A0848,大榮建築鋼架股份有限公司分廠,2016年第1季,6.919,公噸,0,公噸,0,公噸,0,公噸,完成核算,,,,,,,,,,,,,,,,,,,,,,,,,,,,,,
L8806128,羅得化學製藥股份有限公司,2016年第1季,0,公噸,0,公噸,0,公噸,0.005,公噸,完成核算,,,,,,,,,,,,,,,,,,,,,,,,,,,,,,
L8802031,功億工業股份有限公司台中廠,2016年第1季,0,公噸,0,公噸,0,公噸,0.024,公噸,完成核算,,,,,,,,,,,,,,,,,,,,,,,,,,,,,,
L8801703,鈦揚企業股份有限公司,2016年第1季,0.045,公噸,0,公噸,0,公噸,0,公噸,完成核算,,,,,,,,,,,,,,,,,,,,,,,,,,,,,,
L03A0108,朝陽科技大學,2016年第1季,0,公噸,0,公噸,0,公噸,0.022,公噸,完成核算,,,,,,,,,,,,,,,,,,,,,,,,,,,,,,
L01A0514,上萌實業有限公司,2016年第1季,0,公噸,0,公噸,0,公噸,0,公噸,完成核算,,,,,,,,,,,,,,,,,,,,,,,,,,,,,,
K71B0092,希華晶體科技股份有限公司威華廠,2016年第1季,1.196,公噸,0,公噸,0,公噸,0,公噸,完成核算,,,,,,,,,,,,,,,,,,,,,,,,,,,,,,
H4209803,大樹林屠宰場,2016年第1季,0,公噸,0,公噸,0.114,公噸,0.079,公噸,完成核算,,,,,,,,,,,,,,,,,,,,,,,,,,,,,,
F0814320,日宏企業有限公司,2016年第1季,0,公噸,0,公噸,0,公噸,0.039,公噸,完成核算,,,,,,,,,,,,,,,,,,,,,,,,,,,,,,
F06A9290,精能光學股份有限公司,2016年第1季,0.876,公噸,0,公噸,0,公噸,0,公噸,完成核算,,,,,,,,,,,,,,,,,,,,,,,,,,,,,,
F04C2941,彩之坊科技股份有限公司,2016年第1季,8.044,公噸,0,公噸,0,公噸,0,公噸,完成核算,,,,,,,,,,,,,,,,,,,,,,,,,,,,,,
E56B2298,豪駿遊艇股份有限公司,2016年第1季,0.858,公噸,0,公噸,0,公噸,0,公噸,完成核算,,,,,,,,,,,,,,,,,,,,,,,,,,,,,,
E56B2268,強生遊艇股份有限公司,2016年第1季,1.055,公噸,0,公噸,0,公噸,0,公噸,完成核算,,,,,,,,,,,,,,,,,,,,,,,,,,,,,,
E5601553,東剛機器工程股份有限公司,2016年第1季,0,公噸,0,公噸,0,公噸,0.005,公噸,完成核算,,,,,,,,,,,,,,,,,,,,,,,,,,,,,,
E3100786,盈益船舶有限公司,2016年第1季,0.384,公噸,0,公噸,0,公噸,0,公噸,完成核算,,,,,,,,,,,,,,,,,,,,,,,,,,,,,,
E20A5560,安迪旅館,2016年第1季,0,公噸,0,公噸,0.001,公噸,0.001,公噸,完成核算,,,,,,,,,,,,,,,,,,,,,,,,,,,,,,
E1510480,克來旅館,2016年第1季,0,公噸,0,公噸,0,公噸,0,公噸,完成核算,,,,,,,,,,,,,,,,,,,,,,,,,,,,,,
C11A3054,東南興實業股份有限公司,2016年第1季,0,公噸,0,公噸,0,公噸,0,公噸,完成核算,,,,,,,,,,,,,,,,,,,,,,,,,,,,,,
B99A0920,優特斯工業股份有限公司,2016年第1季,0.675,公噸,0,公噸,0,公噸,0,公噸,完成核算,,,,,,,,,,,,,,,,,,,,,,,,,,,,,,
B9801961,源泰醬園,2016年第1季,0,公噸,0,公噸,0.04,公噸,0.028,公噸,完成核算,,,,,,,,,,,,,,,,,,,,,,,,,,,,,,
B9700325,合船企業有限公司,2016年第1季,0.581,公噸,0,公噸,0.001,公噸,0.008,公噸,完成核算,,,,,,,,,,,,,,,,,,,,,,,,,,,,,,
B9506256,凱得森傢俱有限公司大雅廠,2016年第1季,0.05,公噸,0,公噸,0,公噸,0,公噸,完成核算,,,,,,,,,,,,,,,,,,,,,,,,,,,,,,
B9506229,明琦彩色印刷股份有限公司二廠,2016年第1季,0.387,公噸,0,公噸,0,公噸,0,公噸,完成核算,,,,,,,,,,,,,,,,,,,,,,,,,,,,,,
B9505946,兆煒金屬工業股份有限公司,2016年第1季,1.04,公噸,0,公噸,0.114,公噸,0.079,公噸,完成核算,,,,,,,,,,,,,,,,,,,,,,,,,,,,,,
B9504636,定厚企業有限公司,2016年第1季,0.003,公噸,0,公噸,0,公噸,0,公噸,完成核算,,,,,,,,,,,,,,,,,,,,,,,,,,,,,,
B9306498,松軒塑膠企業有限公司,2016年第1季,0.148,公噸,0,公噸,0,公噸,0,公噸,完成核算,,,,,,,,,,,,,,,,,,,,,,,,,,,,,,
B9306489,立信實業股份有限公司,2016年第1季,0.442,公噸,0,公噸,0,公噸,0,公噸,完成核算,,,,,,,,,,,,,,,,,,,,,,,,,,,,,,
B9306470,達鎂塑膠實業有限公司,2016年第1季,0.036,公噸,0,公噸,0,公噸,0,公噸,完成核算,,,,,,,,,,,,,,,,,,,,,,,,,,,,,,
B9306461,湧臻實業有限公司,2016年第1季,0.035,公噸,0,公噸,0,公噸,0,公噸,完成核算,,,,,,,,,,,,,,,,,,,,,,,,,,,,,,
B9306381,林協順加工廠,2016年第1季,0,公噸,0,公噸,0,公噸,0,公噸,完成核算,,,,,,,,,,,,,,,,,,,,,,,,,,,,,,
B9304903,富隆塑膠廠,2016年第1季,0.028,公噸,0,公噸,0,公噸,0,公噸,完成核算,,,,,,,,,,,,,,,,,,,,,,,,,,,,,,
B9304305,圜鴻合板工廠,2016年第1季,1.32,公噸,0,公噸,0,公噸,0,公噸,完成核算,,,,,,,,,,,,,,,,,,,,,,,,,,,,,,
B9304234,鋐輝機械有限公司二廠,2016年第1季,0.174,公噸,0,公噸,0,公噸,0,公噸,完成核算,,,,,,,,,,,,,,,,,,,,,,,,,,,,,,
B9304207,延堅股份有限公司,2016年第1季,0.081,公噸,0,公噸,0,公噸,0,公噸,完成核算,,,,,,,,,,,,,,,,,,,,,,,,,,,,,,
B9304065,宏達科技工業社,2016年第1季,0.024,公噸,0,公噸,0,公噸,0,公噸,完成核算,,,,,,,,,,,,,,,,,,,,,,,,,,,,,,
B9302918,協源宬印刷實業社,2016年第1季,0.038,公噸,0,公噸,0,公噸,0,公噸,完成核算,,,,,,,,,,,,,,,,,,,,,,,,,,,,,,
B9203205,裕祥地板有限公司后里廠,2016年第1季,0.111,公噸,0,公噸,0,公噸,0,公噸,完成核算,,,,,,,,,,,,,,,,,,,,,,,,,,,,,,
B9203152,億朋工業有限公司,2016年第1季,0.006,公噸,0,公噸,0.012,公噸,0.008,公噸,完成核算,,,,,,,,,,,,,,,,,,,,,,,,,,,,,,
B9202137,星月大地休閒事業股份有限公司,2016年第1季,0,公噸,0,公噸,0,公噸,0,公噸,完成核算,,,,,,,,,,,,,,,,,,,,,,,,,,,,,,
B9105213,鼎三企業股份有限公司,2016年第1季,0.075,公噸,0,公噸,0,公噸,0,公噸,完成核算,,,,,,,,,,,,,,,,,,,,,,,,,,,,,,
B8905693,上渼塑膠有限公司,2016年第1季,1.774,公噸,0,公噸,0,公噸,0,公噸,完成核算,,,,,,,,,,,,,,,,,,,,,,,,,,,,,,
B8905344,三榮塑膠製品工業有限公司,2016年第1季,0.099,公噸,0,公噸,0,公噸,0,公噸,完成核算,,,,,,,,,,,,,,,,,,,,,,,,,,,,,,
B8905335,鑫壕鋁業有限公司清水廠,2016年第1季,0.019,公噸,0,公噸,0.038,公噸,0.026,公噸,完成核算,,,,,,,,,,,,,,,,,,,,,,,,,,,,,,
B8903662,朝盛塑膠工業股份有限公司,2016年第1季,0.056,公噸,0,公噸,0,公噸,0,公噸,完成核算,,,,,,,,,,,,,,,,,,,,,,,,,,,,,,
B8804173,大新餐盒食品工廠,2016年第1季,0,公噸,0,公噸,0,公噸,0.027,公噸,完成核算,,,,,,,,,,,,,,,,,,,,,,,,,,,,,,
B8608162,合船企業有限公司,2016年第1季,0.545,公噸,0,公噸,0.001,公噸,0.011,公噸,完成核算,,,,,,,,,,,,,,,,,,,,,,,,,,,,,,
B8608108,燒魚子商行,2016年第1季,0,公噸,0,公噸,0,公噸,0.001,公噸,完成核算,,,,,,,,,,,,,,,,,,,,,,,,,,,,,,
B8605741,旭?工業股份有限公司,2016年第1季,0.045,公噸,0,公噸,0.088,公噸,0.06,公噸,完成核算,,,,,,,,,,,,,,,,,,,,,,,,,,,,,,
B24C2402,臺中市立黎明國民中學,2016年第1季,0,公噸,0,公噸,0,公噸,0.009,公噸,完成核算,,,,,,,,,,,,,,,,,,,,,,,,,,,,,,
B24C1731,協鴻工業股份有限公司第三廠,2016年第1季,3.681,公噸,0,公噸,0,公噸,0,公噸,完成核算,,,,,,,,,,,,,,,,,,,,,,,,,,,,,,
B23C4156,豐安紙器股份有限公司,2016年第1季,0.461,公噸,0,公噸,0,公噸,0,公噸,完成核算,,,,,,,,,,,,,,,,,,,,,,,,,,,,,,
B23C3594,融燁食品有限公司,2016年第1季,0,公噸,0,公噸,0,公噸,0.009,公噸,完成核算,,,,,,,,,,,,,,,,,,,,,,,,,,,,,,
B23A9766,安勝有限公司,2016年第1季,0.235,公噸,0,公噸,0,公噸,0,公噸,完成核算,,,,,,,,,,,,,,,,,,,,,,,,,,,,,,
B2303560,維志工業股份有限公司,2016年第1季,0,公噸,0,公噸,0,公噸,0,公噸,完成核算,,,,,,,,,,,,,,,,,,,,,,,,,,,,,,
B21A7889,臺中市立崇倫國中,2016年第1季,0,公噸,0,公噸,0,公噸,0.011,公噸,完成核算,,,,,,,,,,,,,,,,,,,,,,,,,,,,,,
B20A8585,臺中市立光明國民中學,2016年第1季,0,公噸,0,公噸,0,公噸,0.019,公噸,完成核算,,,,,,,,,,,,,,,,,,,,,,,,,,,,,,
B2005274,臺中市立向上國民中學,2016年第1季,0,公噸,0,公噸,0,公噸,0.007,公噸,完成核算,,,,,,,,,,,,,,,,,,,,,,,,,,,,,,
B0510325,連榮塗裝股份有限公司,2016年第1季,0.1,公噸,0,公噸,0,公噸,0.002,公噸,完成核算,,,,,,,,,,,,,,,,,,,,,,,,,,,,,,
B0510316,連勝塗裝有限公司,2016年第1季,0.05,公噸,0,公噸,0.001,公噸,0.015,公噸,完成核算,,,,,,,,,,,,,,,,,,,,,,,,,,,,,,
B0510307,和葦企業有限公司,2016年第1季,0,公噸,0,公噸,0.001,公噸,0.007,公噸,完成核算,,,,,,,,,,,,,,,,,,,,,,,,,,,,,,
B0510156,金岱鋁業有限公司,2016年第1季,0,公噸,0,公噸,0.036,公噸,0.024,公噸,完成核算,,,,,,,,,,,,,,,,,,,,,,,,,,,,,,
B0509975,華倫實業社,2016年第1季,0.145,公噸,0,公噸,0,公噸,0,公噸,完成核算,,,,,,,,,,,,,,,,,,,,,,,,,,,,,,
B0509199,亞紀有限公司,2016年第1季,0,公噸,0,公噸,0,公噸,0.004,公噸,完成核算,,,,,,,,,,,,,,,,,,,,,,,,,,,,,,
B0501175,榮泰塑膠廠,2016年第1季,0,公噸,0,公噸,0,公噸,0,公噸,完成核算,,,,,,,,,,,,,,,,,,,,,,,,,,,,,,
B0410008,梅鏡堂樹脂有限公司,2016年第1季,0.043,公噸,0,公噸,0,公噸,0,公噸,完成核算,,,,,,,,,,,,,,,,,,,,,,,,,,,,,,
B0409569,聖進實業有限公司,2016年第1季,0.014,公噸,0,公噸,0,公噸,0,公噸,完成核算,,,,,,,,,,,,,,,,,,,,,,,,,,,,,,
B0303811,福慧生技有限公司,2016年第1季,0,公噸,0,公噸,0,公噸,0.024,公噸,完成核算,,,,,,,,,,,,,,,,,,,,,,,,,,,,,,
B0206273,崧煌實業股份有限公司,2016年第1季,14.143,公噸,0,公噸,0,公噸,0,公噸,完成核算,,,,,,,,,,,,,,,,,,,,,,,,,,,,,,
B0102743,軍霖工業股份有限公司,2016年第1季,0.399,公噸,0,公噸,0.006,公噸,0.004,公噸,完成核算,,,,,,,,,,,,,,,,,,,,,,,,,,,,,,
B0006362,伯偉彩色印刷有限公司二廠,2016年第1季,0.002,公噸,0,公噸,0,公噸,0,公噸,完成核算,,,,,,,,,,,,,,,,,,,,,,,,,,,,,,
B0006148,鼎茂昌工業股份有限公司,2016年第1季,0.013,公噸,0,公噸,0,公噸,0,公噸,完成核算,,,,,,,,,,,,,,,,,,,,,,,,,,,,,,
B0006086,華冠乳品股份有限公司,2016年第1季,0,公噸,0,公噸,0,公噸,0.005,公噸,完成核算,,,,,,,,,,,,,,,,,,,,,,,,,,,,,,
B0004260,元力工業社,2016年第1季,0.135,公噸,0,公噸,0,公噸,0.005,公噸,完成核算,,,,,,,,,,,,,,,,,,,,,,,,,,,,,,
B0004206,威盛木模有限公司,2016年第1季,0.005,公噸,0,公噸,0,公噸,0,公噸,完成核算,,,,,,,,,,,,,,,,,,,,,,,,,,,,,,
B0004199,大倚企業股份有限公司,2016年第1季,0.004,公噸,0,公噸,0,公噸,0,公噸,完成核算,,,,,,,,,,,,,,,,,,,,,,,,,,,,,,
V75B4033,東陽飯店有限公司台東分公司,2015年第4季,0,公噸,0,公噸,0.125,公噸,0.087,公噸,完成核算,,,,,,,,,,,,,,,,,,,,,,,,,,,,,,
V75B4023,欣豐食品行,2015年第4季,0,公噸,0,公噸,0.002,公噸,0.048,公噸,完成核算,,,,,,,,,,,,,,,,,,,,,,,,,,,,,,
V75B3916,郭秋霖汽車修理廠,2015年第4季,0.02,公噸,0,公噸,0,公噸,0,公噸,完成核算,,,,,,,,,,,,,,,,,,,,,,,,,,,,,,
S2015390,磐豐企業有限公司,2015年第4季,0,公噸,0,公噸,0.005,公噸,0.003,公噸,完成核算,,,,,,,,,,,,,,,,,,,,,,,,,,,,,,
N3103664,福有全食品廠有限公司二廠,2015年第4季,0,公噸,0,公噸,0,公噸,0.036,公噸,完成核算,,,,,,,,,,,,,,,,,,,,,,,,,,,,,,
N08A7581,謙伸工業股份有限公司,2015年第4季,0,公噸,0,公噸,0,公噸,0.034,公噸,完成核算,,,,,,,,,,,,,,,,,,,,,,,,,,,,,,
L98A0129,樹生休閒酒莊,2015年第4季,0,公噸,0,公噸,0,公噸,0.003,公噸,完成核算,,,,,,,,,,,,,,,,,,,,,,,,,,,,,,
L9603130,拓璁企業有限公司,2015年第4季,0.044,公噸,0,公噸,0,公噸,0,公噸,完成核算,,,,,,,,,,,,,,,,,,,,,,,,,,,,,,
L9501257,張雲傑畜牧場,2015年第4季,0,公噸,0,公噸,0,公噸,0.008,公噸,完成核算,,,,,,,,,,,,,,,,,,,,,,,,,,,,,,
L91A0085,頂盛通國際股份有限公司,2015年第4季,0.587,公噸,0,公噸,0,公噸,0,公噸,完成核算,,,,,,,,,,,,,,,,,,,,,,,,,,,,,,
L88A0848,大榮建築鋼架股份有限公司分廠,2015年第4季,3.724,公噸,0,公噸,0,公噸,0,公噸,完成核算,,,,,,,,,,,,,,,,,,,,,,,,,,,,,,
L8806128,羅得化學製藥股份有限公司,2015年第4季,0,公噸,0,公噸,0,公噸,0.006,公噸,完成核算,,,,,,,,,,,,,,,,,,,,,,,,,,,,,,
L8802031,功億工業股份有限公司台中廠,2015年第4季,0,公噸,0,公噸,0,公噸,0.025,公噸,完成核算,,,,,,,,,,,,,,,,,,,,,,,,,,,,,,
L8801703,鈦揚企業股份有限公司,2015年第4季,0.022,公噸,0,公噸,0,公噸,0,公噸,完成核算,,,,,,,,,,,,,,,,,,,,,,,,,,,,,,
L03A0108,朝陽科技大學,2015年第4季,0,公噸,0,公噸,0,公噸,0.025,公噸,完成核算,,,,,,,,,,,,,,,,,,,,,,,,,,,,,,
L01A0514,上萌實業有限公司,2015年第4季,0,公噸,0,公噸,0,公噸,0,公噸,完成核算,,,,,,,,,,,,,,,,,,,,,,,,,,,,,,
K71B0092,希華晶體科技股份有限公司威華廠,2015年第4季,1.15,公噸,0,公噸,0,公噸,0,公噸,完成核算,,,,,,,,,,,,,,,,,,,,,,,,,,,,,,
H4209803,大樹林屠宰場,2015年第4季,0,公噸,0,公噸,0.114,公噸,0.079,公噸,完成核算,,,,,,,,,,,,,,,,,,,,,,,,,,,,,,
F0814320,日宏企業有限公司,2015年第4季,0,公噸,0,公噸,0,公噸,0.039,公噸,完成核算,,,,,,,,,,,,,,,,,,,,,,,,,,,,,,
F06A9290,精能光學股份有限公司,2015年第4季,0.688,公噸,0,公噸,0,公噸,0,公噸,完成核算,,,,,,,,,,,,,,,,,,,,,,,,,,,,,,
F04C2941,彩之坊科技股份有限公司,2015年第4季,7.788,公噸,0,公噸,0,公噸,0,公噸,完成核算,,,,,,,,,,,,,,,,,,,,,,,,,,,,,,
E56B2298,豪駿遊艇股份有限公司,2015年第4季,1.422,公噸,0,公噸,0,公噸,0,公噸,完成核算,,,,,,,,,,,,,,,,,,,,,,,,,,,,,,
E56B2268,強生遊艇股份有限公司,2015年第4季,1.088,公噸,0,公噸,0,公噸,0,公噸,完成核算,,,,,,,,,,,,,,,,,,,,,,,,,,,,,,
E5601553,東剛機器工程股份有限公司,2015年第4季,0,公噸,0,公噸,0,公噸,0.008,公噸,完成核算,,,,,,,,,,,,,,,,,,,,,,,,,,,,,,
E20A5560,安迪旅館,2015年第4季,0,公噸,0,公噸,0.001,公噸,0.001,公噸,完成核算,,,,,,,,,,,,,,,,,,,,,,,,,,,,,,
E1510480,克來旅館,2015年第4季,0,公噸,0,公噸,0,公噸,0,公噸,完成核算,,,,,,,,,,,,,,,,,,,,,,,,,,,,,,
C11A3054,東南興實業股份有限公司,2015年第4季,0,公噸,0,公噸,0,公噸,0,公噸,完成核算,,,,,,,,,,,,,,,,,,,,,,,,,,,,,,
B99A0920,優特斯工業股份有限公司,2015年第4季,0.545,公噸,0,公噸,0,公噸,0,公噸,完成核算,,,,,,,,,,,,,,,,,,,,,,,,,,,,,,
B9801961,源泰醬園,2015年第4季,0,公噸,0,公噸,0.04,公噸,0.028,公噸,完成核算,,,,,,,,,,,,,,,,,,,,,,,,,,,,,,
B9700325,合船企業有限公司,2015年第4季,0.513,公噸,0,公噸,0.001,公噸,0.009,公噸,完成核算,,,,,,,,,,,,,,,,,,,,,,,,,,,,,,
B9506256,凱得森傢俱有限公司大雅廠,2015年第4季,0.069,公噸,0,公噸,0,公噸,0,公噸,完成核算,,,,,,,,,,,,,,,,,,,,,,,,,,,,,,
B9506229,明琦彩色印刷股份有限公司二廠,2015年第4季,0.43,公噸,0,公噸,0,公噸,0,公噸,完成核算,,,,,,,,,,,,,,,,,,,,,,,,,,,,,,
B9505946,兆煒金屬工業股份有限公司,2015年第4季,1.04,公噸,0,公噸,0.095,公噸,0.066,公噸,完成核算,,,,,,,,,,,,,,,,,,,,,,,,,,,,,,
B9504636,定厚企業有限公司,2015年第4季,0.003,公噸,0,公噸,0,公噸,0,公噸,完成核算,,,,,,,,,,,,,,,,,,,,,,,,,,,,,,
B9306498,松軒塑膠企業有限公司,2015年第4季,0.149,公噸,0,公噸,0,公噸,0,公噸,完成核算,,,,,,,,,,,,,,,,,,,,,,,,,,,,,,
B9306489,立信實業股份有限公司,2015年第4季,0.478,公噸,0,公噸,0,公噸,0,公噸,完成核算,,,,,,,,,,,,,,,,,,,,,,,,,,,,,,
B9306470,達鎂塑膠實業有限公司,2015年第4季,0.038,公噸,0,公噸,0,公噸,0,公噸,完成核算,,,,,,,,,,,,,,,,,,,,,,,,,,,,,,
B9306461,湧臻實業有限公司,2015年第4季,0.027,公噸,0,公噸,0,公噸,0,公噸,完成核算,,,,,,,,,,,,,,,,,,,,,,,,,,,,,,
B9306381,林協順加工廠,2015年第4季,0,公噸,0,公噸,0,公噸,0,公噸,完成核算,,,,,,,,,,,,,,,,,,,,,,,,,,,,,,
B9304903,富隆塑膠廠,2015年第4季,0.033,公噸,0,公噸,0,公噸,0,公噸,完成核算,,,,,,,,,,,,,,,,,,,,,,,,,,,,,,
B9304305,圜鴻合板工廠,2015年第4季,0.662,公噸,0,公噸,0,公噸,0,公噸,完成核算,,,,,,,,,,,,,,,,,,,,,,,,,,,,,,
B9304234,鋐輝機械有限公司二廠,2015年第4季,0.174,公噸,0,公噸,0,公噸,0,公噸,完成核算,,,,,,,,,,,,,,,,,,,,,,,,,,,,,,
B9304207,延堅股份有限公司,2015年第4季,0.116,公噸,0,公噸,0,公噸,0,公噸,完成核算,,,,,,,,,,,,,,,,,,,,,,,,,,,,,,
B9304065,宏達科技工業社,2015年第4季,0.027,公噸,0,公噸,0,公噸,0,公噸,完成核算,,,,,,,,,,,,,,,,,,,,,,,,,,,,,,
B9302918,協源宬印刷實業社,2015年第4季,0.039,公噸,0,公噸,0,公噸,0,公噸,完成核算,,,,,,,,,,,,,,,,,,,,,,,,,,,,,,
B9203205,裕祥地板有限公司后里廠,2015年第4季,0.08,公噸,0,公噸,0,公噸,0,公噸,完成核算,,,,,,,,,,,,,,,,,,,,,,,,,,,,,,
B9202137,星月大地休閒事業股份有限公司,2015年第4季,0,公噸,0,公噸,0,公噸,0,公噸,完成核算,,,,,,,,,,,,,,,,,,,,,,,,,,,,,,
B9105213,鼎三企業股份有限公司,2015年第4季,0.103,公噸,0,公噸,0,公噸,0,公噸,完成核算,,,,,,,,,,,,,,,,,,,,,,,,,,,,,,
B8905693,上渼塑膠有限公司,2015年第4季,1.608,公噸,0,公噸,0,公噸,0,公噸,完成核算,,,,,,,,,,,,,,,,,,,,,,,,,,,,,,
B8905344,三榮塑膠製品工業有限公司,2015年第4季,0.071,公噸,0,公噸,0,公噸,0,公噸,完成核算,,,,,,,,,,,,,,,,,,,,,,,,,,,,,,
B8905335,鑫壕鋁業有限公司清水廠,2015年第4季,0.021,公噸,0,公噸,0.042,公噸,0.028,公噸,完成核算,,,,,,,,,,,,,,,,,,,,,,,,,,,,,,
B8903662,朝盛塑膠工業股份有限公司,2015年第4季,0.046,公噸,0,公噸,0,公噸,0,公噸,完成核算,,,,,,,,,,,,,,,,,,,,,,,,,,,,,,
B8804173,大新餐盒食品工廠,2015年第4季,0,公噸,0,公噸,0,公噸,0.049,公噸,完成核算,,,,,,,,,,,,,,,,,,,,,,,,,,,,,,
B8608162,合船企業有限公司,2015年第4季,0.891,公噸,0,公噸,0.001,公噸,0.014,公噸,完成核算,,,,,,,,,,,,,,,,,,,,,,,,,,,,,,
B8608108,燒魚子商行,2015年第4季,0,公噸,0,公噸,0,公噸,0.001,公噸,完成核算,,,,,,,,,,,,,,,,,,,,,,,,,,,,,,
B8605741,旭?工業股份有限公司,2015年第4季,0.054,公噸,0,公噸,0.106,公噸,0.072,公噸,完成核算,,,,,,,,,,,,,,,,,,,,,,,,,,,,,,
B24C2402,臺中市立黎明國民中學,2015年第4季,0,公噸,0,公噸,0,公噸,0.013,公噸,完成核算,,,,,,,,,,,,,,,,,,,,,,,,,,,,,,
B24C1731,協鴻工業股份有限公司第三廠,2015年第4季,2.341,公噸,0,公噸,0,公噸,0,公噸,完成核算,,,,,,,,,,,,,,,,,,,,,,,,,,,,,,
B23C4156,豐安紙器股份有限公司,2015年第4季,0.593,公噸,0,公噸,0,公噸,0,公噸,完成核算,,,,,,,,,,,,,,,,,,,,,,,,,,,,,,
B23C3594,融燁食品有限公司,2015年第4季,0,公噸,0,公噸,0,公噸,0.009,公噸,完成核算,,,,,,,,,,,,,,,,,,,,,,,,,,,,,,
B23A9766,安勝有限公司,2015年第4季,0.225,公噸,0,公噸,0,公噸,0,公噸,完成核算,,,,,,,,,,,,,,,,,,,,,,,,,,,,,,
B2303560,維志工業股份有限公司,2015年第4季,0,公噸,0,公噸,0,公噸,0,公噸,完成核算,,,,,,,,,,,,,,,,,,,,,,,,,,,,,,
B21A7889,臺中市立崇倫國中,2015年第4季,0,公噸,0,公噸,0,公噸,0.018,公噸,完成核算,,,,,,,,,,,,,,,,,,,,,,,,,,,,,,
B20A8585,臺中市立光明國民中學,2015年第4季,0,公噸,0,公噸,0,公噸,0.026,公噸,完成核算,,,,,,,,,,,,,,,,,,,,,,,,,,,,,,
B2005274,臺中市立向上國民中學,2015年第4季,0,公噸,0,公噸,0,公噸,0.022,公噸,完成核算,,,,,,,,,,,,,,,,,,,,,,,,,,,,,,
B0510325,連榮塗裝股份有限公司,2015年第4季,0.09,公噸,0,公噸,0,公噸,0.003,公噸,完成核算,,,,,,,,,,,,,,,,,,,,,,,,,,,,,,
B0510316,連勝塗裝有限公司,2015年第4季,0.15,公噸,0,公噸,0.001,公噸,0.01,公噸,完成核算,,,,,,,,,,,,,,,,,,,,,,,,,,,,,,
B0510307,和葦企業有限公司,2015年第4季,0,公噸,0,公噸,0.001,公噸,0.007,公噸,完成核算,,,,,,,,,,,,,,,,,,,,,,,,,,,,,,
B0510156,金岱鋁業有限公司,2015年第4季,0,公噸,0,公噸,0.03,公噸,0.02,公噸,完成核算,,,,,,,,,,,,,,,,,,,,,,,,,,,,,,
B0509975,華倫實業社,2015年第4季,0.144,公噸,0,公噸,0,公噸,0,公噸,完成核算,,,,,,,,,,,,,,,,,,,,,,,,,,,,,,
B0509199,亞紀有限公司,2015年第4季,0,公噸,0,公噸,0,公噸,0.004,公噸,完成核算,,,,,,,,,,,,,,,,,,,,,,,,,,,,,,
B0501175,榮泰塑膠廠,2015年第4季,0,公噸,0,公噸,0,公噸,0,公噸,完成核算,,,,,,,,,,,,,,,,,,,,,,,,,,,,,,
B0410008,梅鏡堂樹脂有限公司,2015年第4季,0.053,公噸,0,公噸,0,公噸,0,公噸,完成核算,,,,,,,,,,,,,,,,,,,,,,,,,,,,,,
B0303811,福慧生技有限公司,2015年第4季,0,公噸,0,公噸,0,公噸,0.023,公噸,完成核算,,,,,,,,,,,,,,,,,,,,,,,,,,,,,,
B0206273,崧煌實業股份有限公司,2015年第4季,18.662,公噸,0,公噸,0,公噸,0,公噸,完成核算,,,,,,,,,,,,,,,,,,,,,,,,,,,,,,
B0102743,軍霖工業股份有限公司,2015年第4季,0.416,公噸,0,公噸,0.007,公噸,0.005,公噸,完成核算,,,,,,,,,,,,,,,,,,,,,,,,,,,,,,
B0006362,伯偉彩色印刷有限公司二廠,2015年第4季,0.004,公噸,0,公噸,0,公噸,0,公噸,完成核算,,,,,,,,,,,,,,,,,,,,,,,,,,,,,,
B0006148,鼎茂昌工業股份有限公司,2015年第4季,0.008,公噸,0,公噸,0,公噸,0,公噸,完成核算,,,,,,,,,,,,,,,,,,,,,,,,,,,,,,
B0004260,元力工業社,2015年第4季,0.292,公噸,0,公噸,0,公噸,0.008,公噸,完成核算,,,,,,,,,,,,,,,,,,,,,,,,,,,,,,
B0004206,威盛木模有限公司,2015年第4季,0.016,公噸,0,公噸,0,公噸,0,公噸,完成核算,,,,,,,,,,,,,,,,,,,,,,,,,,,,,,
B0004199,大倚企業股份有限公司,2015年第4季,0.004,公噸,0,公噸,0,公噸,0,公噸,完成核算,,,,,,,,,,,,,,,,,,,,,,,,,,,,,,
V75B4033,東陽飯店有限公司台東分公司,2015年第3季,0,公噸,0,公噸,0.103,公噸,0.071,公噸,完成核算,,,,,,,,,,,,,,,,,,,,,,,,,,,,,,
V75B4023,欣豐食品行,2015年第3季,0,公噸,0,公噸,0.002,公噸,0.048,公噸,完成核算,,,,,,,,,,,,,,,,,,,,,,,,,,,,,,
V75B3916,郭秋霖汽車修理廠,2015年第3季,0.163,公噸,0,公噸,0,公噸,0,公噸,完成核算,,,,,,,,,,,,,,,,,,,,,,,,,,,,,,
S2015390,磐豐企業有限公司,2015年第3季,0,公噸,0,公噸,0.01,公噸,0.007,公噸,完成核算,,,,,,,,,,,,,,,,,,,,,,,,,,,,,,
N3103664,福有全食品廠有限公司二廠,2015年第3季,0,公噸,0,公噸,0.001,公噸,0.072,公噸,完成核算,,,,,,,,,,,,,,,,,,,,,,,,,,,,,,
N08A7581,謙伸工業股份有限公司,2015年第3季,0,公噸,0,公噸,0,公噸,0.058,公噸,完成核算,,,,,,,,,,,,,,,,,,,,,,,,,,,,,,
L98A0129,樹生休閒酒莊,2015年第3季,0,公噸,0,公噸,0,公噸,0,公噸,完成核算,,,,,,,,,,,,,,,,,,,,,,,,,,,,,,
L9603130,拓璁企業有限公司,2015年第3季,0.045,公噸,0,公噸,0,公噸,0,公噸,完成核算,,,,,,,,,,,,,,,,,,,,,,,,,,,,,,
L9501257,張雲傑畜牧場,2015年第3季,0,公噸,0,公噸,0,公噸,0.008,公噸,完成核算,,,,,,,,,,,,,,,,,,,,,,,,,,,,,,
L91A0085,頂盛通國際股份有限公司,2015年第3季,0.66,公噸,0,公噸,0,公噸,0,公噸,完成核算,,,,,,,,,,,,,,,,,,,,,,,,,,,,,,
L88A0848,大榮建築鋼架股份有限公司分廠,2015年第3季,5.63,公噸,0,公噸,0,公噸,0,公噸,完成核算,,,,,,,,,,,,,,,,,,,,,,,,,,,,,,
L8806128,羅得化學製藥股份有限公司,2015年第3季,0,公噸,0,公噸,0,公噸,0.006,公噸,完成核算,,,,,,,,,,,,,,,,,,,,,,,,,,,,,,
L8802031,功億工業股份有限公司台中廠,2015年第3季,0,公噸,0,公噸,0,公噸,0.024,公噸,完成核算,,,,,,,,,,,,,,,,,,,,,,,,,,,,,,
L8801703,鈦揚企業股份有限公司,2015年第3季,0.045,公噸,0,公噸,0,公噸,0,公噸,完成核算,,,,,,,,,,,,,,,,,,,,,,,,,,,,,,
L03A0108,朝陽科技大學,2015年第3季,0,公噸,0,公噸,0,公噸,0.005,公噸,完成核算,,,,,,,,,,,,,,,,,,,,,,,,,,,,,,
L01A0514,上萌實業有限公司,2015年第3季,0,公噸,0,公噸,0,公噸,0,公噸,完成核算,,,,,,,,,,,,,,,,,,,,,,,,,,,,,,
K71B0092,希華晶體科技股份有限公司威華廠,2015年第3季,0.916,公噸,0,公噸,0,公噸,0,公噸,完成核算,,,,,,,,,,,,,,,,,,,,,,,,,,,,,,
H4209803,大樹林屠宰場,2015年第3季,0,公噸,0,公噸,0.114,公噸,0.079,公噸,完成核算,,,,,,,,,,,,,,,,,,,,,,,,,,,,,,
F0814320,日宏企業有限公司,2015年第3季,0,公噸,0,公噸,0,公噸,0.038,公噸,完成核算,,,,,,,,,,,,,,,,,,,,,,,,,,,,,,
F06A9290,精能光學股份有限公司,2015年第3季,0.901,公噸,0,公噸,0,公噸,0,公噸,完成核算,,,,,,,,,,,,,,,,,,,,,,,,,,,,,,
F04C2941,彩之坊科技股份有限公司,2015年第3季,8.683,公噸,0,公噸,0,公噸,0,公噸,完成核算,,,,,,,,,,,,,,,,,,,,,,,,,,,,,,
E56B2298,豪駿遊艇股份有限公司,2015年第3季,0.644,公噸,0,公噸,0,公噸,0,公噸,完成核算,,,,,,,,,,,,,,,,,,,,,,,,,,,,,,
E56B2268,強生遊艇股份有限公司,2015年第3季,2.431,公噸,0,公噸,0,公噸,0,公噸,完成核算,,,,,,,,,,,,,,,,,,,,,,,,,,,,,,
E5601553,東剛機器工程股份有限公司,2015年第3季,0,公噸,0,公噸,0,公噸,0.01,公噸,完成核算,,,,,,,,,,,,,,,,,,,,,,,,,,,,,,
E20A5560,安迪旅館,2015年第3季,0,公噸,0,公噸,0,公噸,0,公噸,完成核算,,,,,,,,,,,,,,,,,,,,,,,,,,,,,,
E1510480,克來旅館,2015年第3季,0,公噸,0,公噸,0,公噸,0,公噸,完成核算,,,,,,,,,,,,,,,,,,,,,,,,,,,,,,
C11A3054,東南興實業股份有限公司,2015年第3季,0,公噸,0,公噸,0,公噸,0,公噸,完成核算,,,,,,,,,,,,,,,,,,,,,,,,,,,,,,
B99A0920,優特斯工業股份有限公司,2015年第3季,0.521,公噸,0,公噸,0,公噸,0,公噸,完成核算,,,,,,,,,,,,,,,,,,,,,,,,,,,,,,
B9801961,源泰醬園,2015年第3季,0,公噸,0,公噸,0.04,公噸,0.028,公噸,完成核算,,,,,,,,,,,,,,,,,,,,,,,,,,,,,,
B9700325,合船企業有限公司,2015年第3季,1.515,公噸,0,公噸,0.001,公噸,0.009,公噸,完成核算,,,,,,,,,,,,,,,,,,,,,,,,,,,,,,
B9506256,凱得森傢俱有限公司大雅廠,2015年第3季,0.042,公噸,0,公噸,0,公噸,0,公噸,完成核算,,,,,,,,,,,,,,,,,,,,,,,,,,,,,,
B9505946,兆煒金屬工業股份有限公司,2015年第3季,1.2,公噸,0,公噸,0.114,公噸,0.079,公噸,完成核算,,,,,,,,,,,,,,,,,,,,,,,,,,,,,,
B9504636,定厚企業有限公司,2015年第3季,0.003,公噸,0,公噸,0,公噸,0,公噸,完成核算,,,,,,,,,,,,,,,,,,,,,,,,,,,,,,
B9306498,松軒塑膠企業有限公司,2015年第3季,0.233,公噸,0,公噸,0,公噸,0,公噸,完成核算,,,,,,,,,,,,,,,,,,,,,,,,,,,,,,
B9306489,立信實業股份有限公司,2015年第3季,0.459,公噸,0,公噸,0,公噸,0,公噸,完成核算,,,,,,,,,,,,,,,,,,,,,,,,,,,,,,
B9306470,達鎂塑膠實業有限公司,2015年第3季,0.04,公噸,0,公噸,0,公噸,0,公噸,完成核算,,,,,,,,,,,,,,,,,,,,,,,,,,,,,,
B9306461,湧臻實業有限公司,2015年第3季,0.03,公噸,0,公噸,0,公噸,0,公噸,完成核算,,,,,,,,,,,,,,,,,,,,,,,,,,,,,,
B9306381,林協順加工廠,2015年第3季,0.024,公噸,0,公噸,0,公噸,0,公噸,完成核算,,,,,,,,,,,,,,,,,,,,,,,,,,,,,,
B9304903,富隆塑膠廠,2015年第3季,0.028,公噸,0,公噸,0,公噸,0,公噸,完成核算,,,,,,,,,,,,,,,,,,,,,,,,,,,,,,
B9304305,圜鴻合板工廠,2015年第3季,1.362,公噸,0,公噸,0,公噸,0,公噸,完成核算,,,,,,,,,,,,,,,,,,,,,,,,,,,,,,
B9304234,鋐輝機械有限公司二廠,2015年第3季,0.011,公噸,0,公噸,0,公噸,0,公噸,完成核算,,,,,,,,,,,,,,,,,,,,,,,,,,,,,,
B9304207,延堅股份有限公司,2015年第3季,0.088,公噸,0,公噸,0,公噸,0,公噸,完成核算,,,,,,,,,,,,,,,,,,,,,,,,,,,,,,
B9304065,宏達科技工業社,2015年第3季,0.031,公噸,0,公噸,0,公噸,0,公噸,完成核算,,,,,,,,,,,,,,,,,,,,,,,,,,,,,,
B9302918,協源宬印刷實業社,2015年第3季,0.036,公噸,0,公噸,0,公噸,0,公噸,完成核算,,,,,,,,,,,,,,,,,,,,,,,,,,,,,,
B9203205,裕祥地板有限公司后里廠,2015年第3季,0.1,公噸,0,公噸,0,公噸,0,公噸,完成核算,,,,,,,,,,,,,,,,,,,,,,,,,,,,,,
B9202137,星月大地休閒事業股份有限公司,2015年第3季,0,公噸,0,公噸,0,公噸,0,公噸,完成核算,,,,,,,,,,,,,,,,,,,,,,,,,,,,,,
B9105213,鼎三企業股份有限公司,2015年第3季,0.126,公噸,0,公噸,0,公噸,0,公噸,完成核算,,,,,,,,,,,,,,,,,,,,,,,,,,,,,,
B8905693,上渼塑膠有限公司,2015年第3季,1.518,公噸,0,公噸,0,公噸,0,公噸,完成核算,,,,,,,,,,,,,,,,,,,,,,,,,,,,,,
B8905344,三榮塑膠製品工業有限公司,2015年第3季,0,公噸,0,公噸,0,公噸,0,公噸,完成核算,,,,,,,,,,,,,,,,,,,,,,,,,,,,,,
B8905335,鑫壕鋁業有限公司清水廠,2015年第3季,0.019,公噸,0,公噸,0.038,公噸,0.026,公噸,完成核算,,,,,,,,,,,,,,,,,,,,,,,,,,,,,,
B8903662,朝盛塑膠工業股份有限公司,2015年第3季,0.046,公噸,0,公噸,0,公噸,0,公噸,完成核算,,,,,,,,,,,,,,,,,,,,,,,,,,,,,,
B8804173,大新餐盒食品工廠,2015年第3季,0,公噸,0,公噸,0,公噸,0.015,公噸,完成核算,,,,,,,,,,,,,,,,,,,,,,,,,,,,,,
B8608162,合船企業有限公司,2015年第3季,1.092,公噸,0,公噸,0.001,公噸,0.017,公噸,完成核算,,,,,,,,,,,,,,,,,,,,,,,,,,,,,,
B8608108,燒魚子商行,2015年第3季,0,公噸,0,公噸,0,公噸,0.001,公噸,完成核算,,,,,,,,,,,,,,,,,,,,,,,,,,,,,,
B8605741,旭?工業股份有限公司,2015年第3季,0.051,公噸,0,公噸,0.1,公噸,0.068,公噸,完成核算,,,,,,,,,,,,,,,,,,,,,,,,,,,,,,
B24C2402,臺中市立黎明國民中學,2015年第3季,0,公噸,0,公噸,0,公噸,0.004,公噸,完成核算,,,,,,,,,,,,,,,,,,,,,,,,,,,,,,
B24C1731,協鴻工業股份有限公司第三廠,2015年第3季,3.492,公噸,0,公噸,0,公噸,0,公噸,完成核算,,,,,,,,,,,,,,,,,,,,,,,,,,,,,,
B23C4156,豐安紙器股份有限公司,2015年第3季,0.605,公噸,0,公噸,0,公噸,0,公噸,完成核算,,,,,,,,,,,,,,,,,,,,,,,,,,,,,,
B23C3594,融燁食品有限公司,2015年第3季,0,公噸,0,公噸,0,公噸,0.011,公噸,完成核算,,,,,,,,,,,,,,,,,,,,,,,,,,,,,,
B23A9766,安勝有限公司,2015年第3季,0.228,公噸,0,公噸,0,公噸,0,公噸,完成核算,,,,,,,,,,,,,,,,,,,,,,,,,,,,,,
B2303560,維志工業股份有限公司,2015年第3季,0,公噸,0,公噸,0,公噸,0,公噸,完成核算,,,,,,,,,,,,,,,,,,,,,,,,,,,,,,
B21A7889,臺中市立崇倫國中,2015年第3季,0,公噸,0,公噸,0,公噸,0,公噸,完成核算,,,,,,,,,,,,,,,,,,,,,,,,,,,,,,
B20A8585,臺中市立光明國民中學,2015年第3季,0,公噸,0,公噸,0,公噸,0.009,公噸,完成核算,,,,,,,,,,,,,,,,,,,,,,,,,,,,,,
B2005274,臺中市立向上國民中學,2015年第3季,0,公噸,0,公噸,0,公噸,0.007,公噸,完成核算,,,,,,,,,,,,,,,,,,,,,,,,,,,,,,
B0510325,連榮塗裝股份有限公司,2015年第3季,0.1,公噸,0,公噸,0,公噸,0.003,公噸,完成核算,,,,,,,,,,,,,,,,,,,,,,,,,,,,,,
B0510316,連勝塗裝有限公司,2015年第3季,0.3,公噸,0,公噸,0.001,公噸,0.012,公噸,完成核算,,,,,,,,,,,,,,,,,,,,,,,,,,,,,,
B0510307,和葦企業有限公司,2015年第3季,0,公噸,0,公噸,0.001,公噸,0.007,公噸,完成核算,,,,,,,,,,,,,,,,,,,,,,,,,,,,,,
B0510156,金岱鋁業有限公司,2015年第3季,0,公噸,0,公噸,0.032,公噸,0.021,公噸,完成核算,,,,,,,,,,,,,,,,,,,,,,,,,,,,,,
B0509975,華倫實業社,2015年第3季,0.143,公噸,0,公噸,0,公噸,0,公噸,完成核算,,,,,,,,,,,,,,,,,,,,,,,,,,,,,,
B0509199,亞紀有限公司,2015年第3季,0,公噸,0,公噸,0,公噸,0.004,公噸,完成核算,,,,,,,,,,,,,,,,,,,,,,,,,,,,,,
B0501175,榮泰塑膠廠,2015年第3季,0,公噸,0,公噸,0,公噸,0,公噸,完成核算,,,,,,,,,,,,,,,,,,,,,,,,,,,,,,
B0410008,梅鏡堂樹脂有限公司,2015年第3季,0.031,公噸,0,公噸,0,公噸,0,公噸,完成核算,,,,,,,,,,,,,,,,,,,,,,,,,,,,,,
B0303811,福慧生技有限公司,2015年第3季,0,公噸,0,公噸,0,公噸,0.026,公噸,完成核算,,,,,,,,,,,,,,,,,,,,,,,,,,,,,,
B0206273,崧煌實業股份有限公司,2015年第3季,14.476,公噸,0,公噸,0,公噸,0,公噸,完成核算,,,,,,,,,,,,,,,,,,,,,,,,,,,,,,
B0102743,軍霖工業股份有限公司,2015年第3季,0.518,公噸,0,公噸,0.009,公噸,0.006,公噸,完成核算,,,,,,,,,,,,,,,,,,,,,,,,,,,,,,
B0006362,伯偉彩色印刷有限公司二廠,2015年第3季,0.003,公噸,0,公噸,0,公噸,0,公噸,完成核算,,,,,,,,,,,,,,,,,,,,,,,,,,,,,,
B0006148,鼎茂昌工業股份有限公司,2015年第3季,0.017,公噸,0,公噸,0,公噸,0,公噸,完成核算,,,,,,,,,,,,,,,,,,,,,,,,,,,,,,
B0004260,元力工業社,2015年第3季,0.158,公噸,0,公噸,0,公噸,0.006,公噸,完成核算,,,,,,,,,,,,,,,,,,,,,,,,,,,,,,
B0004206,威盛木模有限公司,2015年第3季,0.005,公噸,0,公噸,0,公噸,0,公噸,完成核算,,,,,,,,,,,,,,,,,,,,,,,,,,,,,,
B0004199,大倚企業股份有限公司,2015年第3季,0.003,公噸,0,公噸,0,公噸,0,公噸,完成核算,,,,,,,,,,,,,,,,,,,,,,,,,,,,,,
V75B4033,東陽飯店有限公司台東分公司,2015年第2季,0,公噸,0,公噸,0.126,公噸,0.088,公噸,完成核算,,,,,,,,,,,,,,,,,,,,,,,,,,,,,,
V75B4023,欣豐食品行,2015年第2季,0,公噸,0,公噸,0.002,公噸,0.048,公噸,完成核算,,,,,,,,,,,,,,,,,,,,,,,,,,,,,,
V75B3916,郭秋霖汽車修理廠,2015年第2季,0.02,公噸,0,公噸,0,公噸,0,公噸,完成核算,,,,,,,,,,,,,,,,,,,,,,,,,,,,,,
S2015390,磐豐企業有限公司,2015年第2季,0,公噸,0,公噸,0.01,公噸,0.007,公噸,完成核算,,,,,,,,,,,,,,,,,,,,,,,,,,,,,,
O17M3896,力晶積成電子製造股份有限公司P3,2015年第2季,1.329,公噸,0,公噸,0,公噸,0.885,公噸,完成核算,,,,,,,,,,,,,,,,,,,,,,,,,,,,,,
N3103664,福有全食品廠有限公司二廠,2015年第2季,0,公噸,0,公噸,0.001,公噸,0.072,公噸,完成核算,,,,,,,,,,,,,,,,,,,,,,,,,,,,,,
N08A7581,謙伸工業股份有限公司,2015年第2季,0,公噸,0,公噸,0,公噸,0.059,公噸,完成核算,,,,,,,,,,,,,,,,,,,,,,,,,,,,,,
L98A0129,樹生休閒酒莊,2015年第2季,0,公噸,0,公噸,0,公噸,0.001,公噸,完成核算,,,,,,,,,,,,,,,,,,,,,,,,,,,,,,
L9603130,拓璁企業有限公司,2015年第2季,0.057,公噸,0,公噸,0,公噸,0,公噸,完成核算,,,,,,,,,,,,,,,,,,,,,,,,,,,,,,
L9501257,張雲傑畜牧場,2015年第2季,0,公噸,0,公噸,0,公噸,0.008,公噸,完成核算,,,,,,,,,,,,,,,,,,,,,,,,,,,,,,
L91A0085,頂盛通國際股份有限公司,2015年第2季,0.619,公噸,0,公噸,0,公噸,0,公噸,完成核算,,,,,,,,,,,,,,,,,,,,,,,,,,,,,,
L88A0848,大榮建築鋼架股份有限公司分廠,2015年第2季,2.617,公噸,0,公噸,0,公噸,0,公噸,完成核算,,,,,,,,,,,,,,,,,,,,,,,,,,,,,,
L8806128,羅得化學製藥股份有限公司,2015年第2季,0,公噸,0,公噸,0,公噸,0.007,公噸,完成核算,,,,,,,,,,,,,,,,,,,,,,,,,,,,,,
L8802031,功億工業股份有限公司台中廠,2015年第2季,0,公噸,0,公噸,0,公噸,0.032,公噸,完成核算,,,,,,,,,,,,,,,,,,,,,,,,,,,,,,
L8801703,鈦揚企業股份有限公司,2015年第2季,0.022,公噸,0,公噸,0,公噸,0,公噸,完成核算,,,,,,,,,,,,,,,,,,,,,,,,,,,,,,
L03A0108,朝陽科技大學,2015年第2季,0,公噸,0,公噸,0,公噸,0.019,公噸,完成核算,,,,,,,,,,,,,,,,,,,,,,,,,,,,,,
L01A0514,上萌實業有限公司,2015年第2季,0,公噸,0,公噸,0,公噸,0,公噸,完成核算,,,,,,,,,,,,,,,,,,,,,,,,,,,,,,
K71B0092,希華晶體科技股份有限公司威華廠,2015年第2季,0.688,公噸,0,公噸,0,公噸,0,公噸,完成核算,,,,,,,,,,,,,,,,,,,,,,,,,,,,,,
H4209803,大樹林屠宰場,2015年第2季,0,公噸,0,公噸,0.114,公噸,0.079,公噸,完成核算,,,,,,,,,,,,,,,,,,,,,,,,,,,,,,
F0814320,日宏企業有限公司,2015年第2季,0,公噸,0,公噸,0,公噸,0.037,公噸,完成核算,,,,,,,,,,,,,,,,,,,,,,,,,,,,,,
F06A9290,精能光學股份有限公司,2015年第2季,0.841,公噸,0,公噸,0,公噸,0,公噸,完成核算,,,,,,,,,,,,,,,,,,,,,,,,,,,,,,
F04C2941,彩之坊科技股份有限公司,2015年第2季,10.213,公噸,0,公噸,0,公噸,0,公噸,完成核算,,,,,,,,,,,,,,,,,,,,,,,,,,,,,,
E56B2298,豪駿遊艇股份有限公司,2015年第2季,1.528,公噸,0,公噸,0,公噸,0,公噸,完成核算,,,,,,,,,,,,,,,,,,,,,,,,,,,,,,
E56B2268,強生遊艇股份有限公司,2015年第2季,1.182,公噸,0,公噸,0,公噸,0,公噸,完成核算,,,,,,,,,,,,,,,,,,,,,,,,,,,,,,
E5601553,東剛機器工程股份有限公司,2015年第2季,0,公噸,0,公噸,0,公噸,0.007,公噸,完成核算,,,,,,,,,,,,,,,,,,,,,,,,,,,,,,
E20A5560,安迪旅館,2015年第2季,0,公噸,0,公噸,0,公噸,0,公噸,完成核算,,,,,,,,,,,,,,,,,,,,,,,,,,,,,,
E1510480,克來旅館,2015年第2季,0,公噸,0,公噸,0,公噸,0,公噸,完成核算,,,,,,,,,,,,,,,,,,,,,,,,,,,,,,
C11A3054,東南興實業股份有限公司,2015年第2季,0,公噸,0,公噸,0,公噸,0,公噸,完成核算,,,,,,,,,,,,,,,,,,,,,,,,,,,,,,
B99A0920,優特斯工業股份有限公司,2015年第2季,0.545,公噸,0,公噸,0,公噸,0,公噸,完成核算,,,,,,,,,,,,,,,,,,,,,,,,,,,,,,
B9801961,源泰醬園,2015年第2季,0,公噸,0,公噸,0.04,公噸,0.028,公噸,完成核算,,,,,,,,,,,,,,,,,,,,,,,,,,,,,,
B9700325,合船企業有限公司,2015年第2季,0.903,公噸,0,公噸,0.001,公噸,0.007,公噸,完成核算,,,,,,,,,,,,,,,,,,,,,,,,,,,,,,
B9506256,凱得森傢俱有限公司大雅廠,2015年第2季,0.049,公噸,0,公噸,0,公噸,0,公噸,完成核算,,,,,,,,,,,,,,,,,,,,,,,,,,,,,,
B9505946,兆煒金屬工業股份有限公司,2015年第2季,1.36,公噸,0,公噸,0.142,公噸,0.099,公噸,完成核算,,,,,,,,,,,,,,,,,,,,,,,,,,,,,,
B9504636,定厚企業有限公司,2015年第2季,0.003,公噸,0,公噸,0,公噸,0,公噸,完成核算,,,,,,,,,,,,,,,,,,,,,,,,,,,,,,
B9306498,松軒塑膠企業有限公司,2015年第2季,0.267,公噸,0,公噸,0,公噸,0,公噸,完成核算,,,,,,,,,,,,,,,,,,,,,,,,,,,,,,
B9306489,立信實業股份有限公司,2015年第2季,0.311,公噸,0,公噸,0,公噸,0,公噸,完成核算,,,,,,,,,,,,,,,,,,,,,,,,,,,,,,
B9306470,達鎂塑膠實業有限公司,2015年第2季,0.038,公噸,0,公噸,0,公噸,0,公噸,完成核算,,,,,,,,,,,,,,,,,,,,,,,,,,,,,,
B9306461,湧臻實業有限公司,2015年第2季,0.036,公噸,0,公噸,0,公噸,0,公噸,完成核算,,,,,,,,,,,,,,,,,,,,,,,,,,,,,,
B9306381,林協順加工廠,2015年第2季,0,公噸,0,公噸,0,公噸,0,公噸,完成核算,,,,,,,,,,,,,,,,,,,,,,,,,,,,,,
B9304903,富隆塑膠廠,2015年第2季,0.028,公噸,0,公噸,0,公噸,0,公噸,完成核算,,,,,,,,,,,,,,,,,,,,,,,,,,,,,,
B9304305,圜鴻合板工廠,2015年第2季,1.367,公噸,0,公噸,0,公噸,0,公噸,完成核算,,,,,,,,,,,,,,,,,,,,,,,,,,,,,,
B9304234,鋐輝機械有限公司二廠,2015年第2季,0,公噸,0,公噸,0,公噸,0,公噸,完成核算,,,,,,,,,,,,,,,,,,,,,,,,,,,,,,
B9304207,延堅股份有限公司,2015年第2季,0.088,公噸,0,公噸,0,公噸,0,公噸,完成核算,,,,,,,,,,,,,,,,,,,,,,,,,,,,,,
B9304065,宏達科技工業社,2015年第2季,0.029,公噸,0,公噸,0,公噸,0,公噸,完成核算,,,,,,,,,,,,,,,,,,,,,,,,,,,,,,
B9302918,協源宬印刷實業社,2015年第2季,0.037,公噸,0,公噸,0,公噸,0,公噸,完成核算,,,,,,,,,,,,,,,,,,,,,,,,,,,,,,
B9203205,裕祥地板有限公司后里廠,2015年第2季,0.09,公噸,0,公噸,0,公噸,0,公噸,完成核算,,,,,,,,,,,,,,,,,,,,,,,,,,,,,,
B9202137,星月大地休閒事業股份有限公司,2015年第2季,0,公噸,0,公噸,0,公噸,0,公噸,完成核算,,,,,,,,,,,,,,,,,,,,,,,,,,,,,,
B9105213,鼎三企業股份有限公司,2015年第2季,0.115,公噸,0,公噸,0,公噸,0,公噸,完成核算,,,,,,,,,,,,,,,,,,,,,,,,,,,,,,
B8905693,上渼塑膠有限公司,2015年第2季,1.508,公噸,0,公噸,0,公噸,0,公噸,完成核算,,,,,,,,,,,,,,,,,,,,,,,,,,,,,,
B8905344,三榮塑膠製品工業有限公司,2015年第2季,0,公噸,0,公噸,0,公噸,0,公噸,完成核算,,,,,,,,,,,,,,,,,,,,,,,,,,,,,,
B8905335,鑫壕鋁業有限公司清水廠,2015年第2季,0.02,公噸,0,公噸,0.04,公噸,0.027,公噸,完成核算,,,,,,,,,,,,,,,,,,,,,,,,,,,,,,
B8903662,朝盛塑膠工業股份有限公司,2015年第2季,0.04,公噸,0,公噸,0,公噸,0,公噸,完成核算,,,,,,,,,,,,,,,,,,,,,,,,,,,,,,
B8804173,大新餐盒食品工廠,2015年第2季,0,公噸,0,公噸,0,公噸,0.048,公噸,完成核算,,,,,,,,,,,,,,,,,,,,,,,,,,,,,,
B8608162,合船企業有限公司,2015年第2季,0.816,公噸,0,公噸,0.001,公噸,0.014,公噸,完成核算,,,,,,,,,,,,,,,,,,,,,,,,,,,,,,
B8608108,燒魚子商行,2015年第2季,0,公噸,0,公噸,0,公噸,0.001,公噸,完成核算,,,,,,,,,,,,,,,,,,,,,,,,,,,,,,
B8605741,旭?工業股份有限公司,2015年第2季,0.053,公噸,0,公噸,0.104,公噸,0.071,公噸,完成核算,,,,,,,,,,,,,,,,,,,,,,,,,,,,,,
B24C2402,臺中市立黎明國民中學,2015年第2季,0,公噸,0,公噸,0,公噸,0.013,公噸,完成核算,,,,,,,,,,,,,,,,,,,,,,,,,,,,,,
B24C1731,協鴻工業股份有限公司第三廠,2015年第2季,2.856,公噸,0,公噸,0,公噸,0,公噸,完成核算,,,,,,,,,,,,,,,,,,,,,,,,,,,,,,
B23C4156,豐安紙器股份有限公司,2015年第2季,0.655,公噸,0,公噸,0,公噸,0,公噸,完成核算,,,,,,,,,,,,,,,,,,,,,,,,,,,,,,
B23C3594,融燁食品有限公司,2015年第2季,0,公噸,0,公噸,0,公噸,0.008,公噸,完成核算,,,,,,,,,,,,,,,,,,,,,,,,,,,,,,
B23A9766,安勝有限公司,2015年第2季,0.233,公噸,0,公噸,0,公噸,0,公噸,完成核算,,,,,,,,,,,,,,,,,,,,,,,,,,,,,,
B2303560,維志工業股份有限公司,2015年第2季,0,公噸,0,公噸,0,公噸,0,公噸,完成核算,,,,,,,,,,,,,,,,,,,,,,,,,,,,,,
B21A7889,臺中市立崇倫國中,2015年第2季,0,公噸,0,公噸,0,公噸,0,公噸,完成核算,,,,,,,,,,,,,,,,,,,,,,,,,,,,,,
B20A8585,臺中市立光明國民中學,2015年第2季,0,公噸,0,公噸,0,公噸,0.024,公噸,完成核算,,,,,,,,,,,,,,,,,,,,,,,,,,,,,,
B2005274,臺中市立向上國民中學,2015年第2季,0,公噸,0,公噸,0,公噸,0.022,公噸,完成核算,,,,,,,,,,,,,,,,,,,,,,,,,,,,,,
B0510325,連榮塗裝股份有限公司,2015年第2季,0.1,公噸,0,公噸,0,公噸,0.003,公噸,完成核算,,,,,,,,,,,,,,,,,,,,,,,,,,,,,,
B0510316,連勝塗裝有限公司,2015年第2季,0.1,公噸,0,公噸,0.001,公噸,0.015,公噸,完成核算,,,,,,,,,,,,,,,,,,,,,,,,,,,,,,
B0510307,和葦企業有限公司,2015年第2季,0,公噸,0,公噸,0.001,公噸,0.007,公噸,完成核算,,,,,,,,,,,,,,,,,,,,,,,,,,,,,,
B0510156,金岱鋁業有限公司,2015年第2季,0,公噸,0,公噸,0.028,公噸,0.019,公噸,完成核算,,,,,,,,,,,,,,,,,,,,,,,,,,,,,,
B0509975,華倫實業社,2015年第2季,0.153,公噸,0,公噸,0,公噸,0,公噸,完成核算,,,,,,,,,,,,,,,,,,,,,,,,,,,,,,
B0509199,亞紀有限公司,2015年第2季,0,公噸,0,公噸,0,公噸,0.004,公噸,完成核算,,,,,,,,,,,,,,,,,,,,,,,,,,,,,,
B0501175,榮泰塑膠廠,2015年第2季,0,公噸,0,公噸,0,公噸,0,公噸,完成核算,,,,,,,,,,,,,,,,,,,,,,,,,,,,,,
B0410008,梅鏡堂樹脂有限公司,2015年第2季,0.041,公噸,0,公噸,0,公噸,0,公噸,完成核算,,,,,,,,,,,,,,,,,,,,,,,,,,,,,,
B0303811,福慧生技有限公司,2015年第2季,0,公噸,0,公噸,0,公噸,0.022,公噸,完成核算,,,,,,,,,,,,,,,,,,,,,,,,,,,,,,
B0206273,崧煌實業股份有限公司,2015年第2季,15.184,公噸,0,公噸,0,公噸,0,公噸,完成核算,,,,,,,,,,,,,,,,,,,,,,,,,,,,,,
B0102743,軍霖工業股份有限公司,2015年第2季,0.509,公噸,0,公噸,0.008,公噸,0.005,公噸,完成核算,,,,,,,,,,,,,,,,,,,,,,,,,,,,,,
B0006362,伯偉彩色印刷有限公司二廠,2015年第2季,0.003,公噸,0,公噸,0,公噸,0,公噸,完成核算,,,,,,,,,,,,,,,,,,,,,,,,,,,,,,
B0006148,鼎茂昌工業股份有限公司,2015年第2季,0.016,公噸,0,公噸,0,公噸,0,公噸,完成核算,,,,,,,,,,,,,,,,,,,,,,,,,,,,,,
B0004260,元力工業社,2015年第2季,0.124,公噸,0,公噸,0,公噸,0.005,公噸,完成核算,,,,,,,,,,,,,,,,,,,,,,,,,,,,,,
B0004206,威盛木模有限公司,2015年第2季,0.001,公噸,0,公噸,0,公噸,0,公噸,完成核算,,,,,,,,,,,,,,,,,,,,,,,,,,,,,,
B0004199,大倚企業股份有限公司,2015年第2季,0.004,公噸,0,公噸,0,公噸,0,公噸,完成核算,,,,,,,,,,,,,,,,,,,,,,,,,,,,,,
V75B4033,東陽飯店有限公司台東分公司,2015年第1季,0,公噸,0,公噸,0.137,公噸,0.095,公噸,完成核算,,,,,,,,,,,,,,,,,,,,,,,,,,,,,,
V75B4023,欣豐食品行,2015年第1季,0,公噸,0,公噸,0.002,公噸,0.047,公噸,完成核算,,,,,,,,,,,,,,,,,,,,,,,,,,,,,,
V75B3916,郭秋霖汽車修理廠,2015年第1季,0.02,公噸,0,公噸,0,公噸,0,公噸,完成核算,,,,,,,,,,,,,,,,,,,,,,,,,,,,,,
S2015390,磐豐企業有限公司,2015年第1季,0,公噸,0,公噸,0.01,公噸,0.007,公噸,完成核算,,,,,,,,,,,,,,,,,,,,,,,,,,,,,,
N3103664,福有全食品廠有限公司二廠,2015年第1季,0,公噸,0,公噸,0.001,公噸,0.072,公噸,完成核算,,,,,,,,,,,,,,,,,,,,,,,,,,,,,,
N08A7581,謙伸工業股份有限公司,2015年第1季,0.379,公噸,0,公噸,0,公噸,0.054,公噸,完成核算,,,,,,,,,,,,,,,,,,,,,,,,,,,,,,
L98A0129,樹生休閒酒莊,2015年第1季,0,公噸,0,公噸,0,公噸,0.001,公噸,完成核算,,,,,,,,,,,,,,,,,,,,,,,,,,,,,,
L9603130,拓璁企業有限公司,2015年第1季,0.063,公噸,0,公噸,0,公噸,0,公噸,完成核算,,,,,,,,,,,,,,,,,,,,,,,,,,,,,,
L9501257,張雲傑畜牧場,2015年第1季,0,公噸,0,公噸,0,公噸,0.008,公噸,完成核算,,,,,,,,,,,,,,,,,,,,,,,,,,,,,,
L91A0085,頂盛通國際股份有限公司,2015年第1季,0.607,公噸,0,公噸,0,公噸,0,公噸,完成核算,,,,,,,,,,,,,,,,,,,,,,,,,,,,,,
L88A0848,大榮建築鋼架股份有限公司分廠,2015年第1季,10.087,公噸,0,公噸,0,公噸,0,公噸,完成核算,,,,,,,,,,,,,,,,,,,,,,,,,,,,,,
L8806128,羅得化學製藥股份有限公司,2015年第1季,0,公噸,0,公噸,0,公噸,0.007,公噸,完成核算,,,,,,,,,,,,,,,,,,,,,,,,,,,,,,
L8802031,功億工業股份有限公司台中廠,2015年第1季,0,公噸,0,公噸,0,公噸,0.031,公噸,完成核算,,,,,,,,,,,,,,,,,,,,,,,,,,,,,,
L8801703,鈦揚企業股份有限公司,2015年第1季,0.045,公噸,0,公噸,0,公噸,0,公噸,完成核算,,,,,,,,,,,,,,,,,,,,,,,,,,,,,,
L03A0108,朝陽科技大學,2015年第1季,0,公噸,0,公噸,0,公噸,0.019,公噸,完成核算,,,,,,,,,,,,,,,,,,,,,,,,,,,,,,
L01A0514,上萌實業有限公司,2015年第1季,0,公噸,0,公噸,0,公噸,0,公噸,完成核算,,,,,,,,,,,,,,,,,,,,,,,,,,,,,,
K71B0092,希華晶體科技股份有限公司威華廠,2015年第1季,0.663,公噸,0,公噸,0,公噸,0,公噸,完成核算,,,,,,,,,,,,,,,,,,,,,,,,,,,,,,
H4209803,大樹林屠宰場,2015年第1季,0,公噸,0,公噸,0.114,公噸,0.079,公噸,完成核算,,,,,,,,,,,,,,,,,,,,,,,,,,,,,,
F0814320,日宏企業有限公司,2015年第1季,0,公噸,0,公噸,0,公噸,0.038,公噸,完成核算,,,,,,,,,,,,,,,,,,,,,,,,,,,,,,
F06A9290,精能光學股份有限公司,2015年第1季,0.472,公噸,0,公噸,0,公噸,0,公噸,完成核算,,,,,,,,,,,,,,,,,,,,,,,,,,,,,,
F04C2941,彩之坊科技股份有限公司,2015年第1季,7.519,公噸,0,公噸,0,公噸,0,公噸,完成核算,,,,,,,,,,,,,,,,,,,,,,,,,,,,,,
E56B2298,豪駿遊艇股份有限公司,2015年第1季,0.784,公噸,0,公噸,0,公噸,0,公噸,完成核算,,,,,,,,,,,,,,,,,,,,,,,,,,,,,,
E56B2268,強生遊艇股份有限公司,2015年第1季,1.693,公噸,0,公噸,0,公噸,0,公噸,完成核算,,,,,,,,,,,,,,,,,,,,,,,,,,,,,,
E5601553,東剛機器工程股份有限公司,2015年第1季,0,公噸,0,公噸,0,公噸,0.01,公噸,完成核算,,,,,,,,,,,,,,,,,,,,,,,,,,,,,,
E20A5560,安迪旅館,2015年第1季,0,公噸,0,公噸,0.001,公噸,0.001,公噸,完成核算,,,,,,,,,,,,,,,,,,,,,,,,,,,,,,
E1510480,克來旅館,2015年第1季,0,公噸,0,公噸,0,公噸,0,公噸,完成核算,,,,,,,,,,,,,,,,,,,,,,,,,,,,,,
C11A3054,東南興實業股份有限公司,2015年第1季,0,公噸,0,公噸,0,公噸,0,公噸,完成核算,,,,,,,,,,,,,,,,,,,,,,,,,,,,,,
B99A0920,優特斯工業股份有限公司,2015年第1季,0.687,公噸,0,公噸,0,公噸,0,公噸,完成核算,,,,,,,,,,,,,,,,,,,,,,,,,,,,,,
B9801961,源泰醬園,2015年第1季,0,公噸,0,公噸,0.04,公噸,0.028,公噸,完成核算,,,,,,,,,,,,,,,,,,,,,,,,,,,,,,
B9700325,合船企業有限公司,2015年第1季,0.613,公噸,0,公噸,0,公噸,0.006,公噸,完成核算,,,,,,,,,,,,,,,,,,,,,,,,,,,,,,
B9506256,凱得森傢俱有限公司大雅廠,2015年第1季,0.07,公噸,0,公噸,0,公噸,0,公噸,完成核算,,,,,,,,,,,,,,,,,,,,,,,,,,,,,,
B9505946,兆煒金屬工業股份有限公司,2015年第1季,1.52,公噸,0,公噸,0.095,公噸,0.066,公噸,完成核算,,,,,,,,,,,,,,,,,,,,,,,,,,,,,,
B9504636,定厚企業有限公司,2015年第1季,0.003,公噸,0,公噸,0,公噸,0,公噸,完成核算,,,,,,,,,,,,,,,,,,,,,,,,,,,,,,
B9306498,松軒塑膠企業有限公司,2015年第1季,0.202,公噸,0,公噸,0,公噸,0,公噸,完成核算,,,,,,,,,,,,,,,,,,,,,,,,,,,,,,
B9306489,立信實業股份有限公司,2015年第1季,0.467,公噸,0,公噸,0,公噸,0,公噸,完成核算,,,,,,,,,,,,,,,,,,,,,,,,,,,,,,
B9306470,達鎂塑膠實業有限公司,2015年第1季,0.038,公噸,0,公噸,0,公噸,0,公噸,完成核算,,,,,,,,,,,,,,,,,,,,,,,,,,,,,,
B9306461,湧臻實業有限公司,2015年第1季,0.037,公噸,0,公噸,0,公噸,0,公噸,完成核算,,,,,,,,,,,,,,,,,,,,,,,,,,,,,,
B9306381,林協順加工廠,2015年第1季,0,公噸,0,公噸,0,公噸,0,公噸,完成核算,,,,,,,,,,,,,,,,,,,,,,,,,,,,,,
B9304903,富隆塑膠廠,2015年第1季,0.028,公噸,0,公噸,0,公噸,0,公噸,完成核算,,,,,,,,,,,,,,,,,,,,,,,,,,,,,,
B9304305,圜鴻合板工廠,2015年第1季,1.431,公噸,0,公噸,0,公噸,0,公噸,完成核算,,,,,,,,,,,,,,,,,,,,,,,,,,,,,,
B9304234,鋐輝機械有限公司二廠,2015年第1季,0.011,公噸,0,公噸,0,公噸,0,公噸,完成核算,,,,,,,,,,,,,,,,,,,,,,,,,,,,,,
B9304207,延堅股份有限公司,2015年第1季,0.078,公噸,0,公噸,0,公噸,0,公噸,完成核算,,,,,,,,,,,,,,,,,,,,,,,,,,,,,,
B9304065,宏達科技工業社,2015年第1季,0.027,公噸,0,公噸,0,公噸,0,公噸,完成核算,,,,,,,,,,,,,,,,,,,,,,,,,,,,,,
B9302918,協源宬印刷實業社,2015年第1季,0.039,公噸,0,公噸,0,公噸,0,公噸,完成核算,,,,,,,,,,,,,,,,,,,,,,,,,,,,,,
B9203205,裕祥地板有限公司后里廠,2015年第1季,0.09,公噸,0,公噸,0,公噸,0,公噸,完成核算,,,,,,,,,,,,,,,,,,,,,,,,,,,,,,
B9202137,星月大地休閒事業股份有限公司,2015年第1季,0,公噸,0,公噸,0,公噸,0,公噸,完成核算,,,,,,,,,,,,,,,,,,,,,,,,,,,,,,
B9105213,鼎三企業股份有限公司,2015年第1季,0.076,公噸,0,公噸,0,公噸,0,公噸,完成核算,,,,,,,,,,,,,,,,,,,,,,,,,,,,,,
B8905693,上渼塑膠有限公司,2015年第1季,1.632,公噸,0,公噸,0,公噸,0,公噸,完成核算,,,,,,,,,,,,,,,,,,,,,,,,,,,,,,
B8905344,三榮塑膠製品工業有限公司,2015年第1季,0.012,公噸,0,公噸,0,公噸,0,公噸,完成核算,,,,,,,,,,,,,,,,,,,,,,,,,,,,,,
B8905335,鑫壕鋁業有限公司清水廠,2015年第1季,0.017,公噸,0,公噸,0.033,公噸,0.023,公噸,完成核算,,,,,,,,,,,,,,,,,,,,,,,,,,,,,,
B8903662,朝盛塑膠工業股份有限公司,2015年第1季,0.049,公噸,0,公噸,0,公噸,0,公噸,完成核算,,,,,,,,,,,,,,,,,,,,,,,,,,,,,,
B8804173,大新餐盒食品工廠,2015年第1季,0,公噸,0,公噸,0,公噸,0.039,公噸,完成核算,,,,,,,,,,,,,,,,,,,,,,,,,,,,,,
B8608162,合船企業有限公司,2015年第1季,0.731,公噸,0,公噸,0.001,公噸,0.008,公噸,完成核算,,,,,,,,,,,,,,,,,,,,,,,,,,,,,,
B8608108,燒魚子商行,2015年第1季,0,公噸,0,公噸,0,公噸,0.001,公噸,完成核算,,,,,,,,,,,,,,,,,,,,,,,,,,,,,,
B8605741,旭?工業股份有限公司,2015年第1季,0.047,公噸,0,公噸,0.093,公噸,0.063,公噸,完成核算,,,,,,,,,,,,,,,,,,,,,,,,,,,,,,
B24C2402,臺中市立黎明國民中學,2015年第1季,0,公噸,0,公噸,0,公噸,0.009,公噸,完成核算,,,,,,,,,,,,,,,,,,,,,,,,,,,,,,
B24C1731,協鴻工業股份有限公司第三廠,2015年第1季,3.681,公噸,0,公噸,0,公噸,0,公噸,完成核算,,,,,,,,,,,,,,,,,,,,,,,,,,,,,,
B23C4156,豐安紙器股份有限公司,2015年第1季,0.492,公噸,0,公噸,0,公噸,0,公噸,完成核算,,,,,,,,,,,,,,,,,,,,,,,,,,,,,,
B23A9766,安勝有限公司,2015年第1季,0.226,公噸,0,公噸,0,公噸,0,公噸,完成核算,,,,,,,,,,,,,,,,,,,,,,,,,,,,,,
B2303560,維志工業股份有限公司,2015年第1季,0,公噸,0,公噸,0,公噸,0,公噸,完成核算,,,,,,,,,,,,,,,,,,,,,,,,,,,,,,
B21A7889,臺中市立崇倫國中,2015年第1季,0,公噸,0,公噸,0,公噸,0.012,公噸,完成核算,,,,,,,,,,,,,,,,,,,,,,,,,,,,,,
B20A8585,臺中市立光明國民中學,2015年第1季,0,公噸,0,公噸,0,公噸,0.018,公噸,完成核算,,,,,,,,,,,,,,,,,,,,,,,,,,,,,,
B2005274,臺中市立向上國民中學,2015年第1季,0,公噸,0,公噸,0,公噸,0.007,公噸,完成核算,,,,,,,,,,,,,,,,,,,,,,,,,,,,,,
B0510325,連榮塗裝股份有限公司,2015年第1季,0.07,公噸,0,公噸,0,公噸,0.002,公噸,完成核算,,,,,,,,,,,,,,,,,,,,,,,,,,,,,,
B0510316,連勝塗裝有限公司,2015年第1季,0.15,公噸,0,公噸,0.001,公噸,0.015,公噸,完成核算,,,,,,,,,,,,,,,,,,,,,,,,,,,,,,
B0510307,和葦企業有限公司,2015年第1季,0,公噸,0,公噸,0.001,公噸,0.007,公噸,完成核算,,,,,,,,,,,,,,,,,,,,,,,,,,,,,,
B0510156,金岱鋁業有限公司,2015年第1季,0,公噸,0,公噸,0.031,公噸,0.021,公噸,完成核算,,,,,,,,,,,,,,,,,,,,,,,,,,,,,,
B0509975,華倫實業社,2015年第1季,0.145,公噸,0,公噸,0,公噸,0,公噸,完成核算,,,,,,,,,,,,,,,,,,,,,,,,,,,,,,
B0509199,亞紀有限公司,2015年第1季,0,公噸,0,公噸,0,公噸,0.004,公噸,完成核算,,,,,,,,,,,,,,,,,,,,,,,,,,,,,,
B0501175,榮泰塑膠廠,2015年第1季,0,公噸,0,公噸,0,公噸,0,公噸,完成核算,,,,,,,,,,,,,,,,,,,,,,,,,,,,,,
B0410008,梅鏡堂樹脂有限公司,2015年第1季,0.045,公噸,0,公噸,0,公噸,0,公噸,完成核算,,,,,,,,,,,,,,,,,,,,,,,,,,,,,,
B0303811,福慧生技有限公司,2015年第1季,0,公噸,0,公噸,0,公噸,0.024,公噸,完成核算,,,,,,,,,,,,,,,,,,,,,,,,,,,,,,
B0206273,崧煌實業股份有限公司,2015年第1季,13.153,公噸,0,公噸,0,公噸,0,公噸,完成核算,,,,,,,,,,,,,,,,,,,,,,,,,,,,,,
B0102743,軍霖工業股份有限公司,2015年第1季,0.546,公噸,0,公噸,0.009,公噸,0.006,公噸,完成核算,,,,,,,,,,,,,,,,,,,,,,,,,,,,,,
B0006362,伯偉彩色印刷有限公司二廠,2015年第1季,0.002,公噸,0,公噸,0,公噸,0,公噸,完成核算,,,,,,,,,,,,,,,,,,,,,,,,,,,,,,
B0006148,鼎茂昌工業股份有限公司,2015年第1季,0.017,公噸,0,公噸,0,公噸,0,公噸,完成核算,,,,,,,,,,,,,,,,,,,,,,,,,,,,,,
B0004260,元力工業社,2015年第1季,0.079,公噸,0,公噸,0,公噸,0.003,公噸,完成核算,,,,,,,,,,,,,,,,,,,,,,,,,,,,,,
B0004206,威盛木模有限公司,2015年第1季,0.01,公噸,0,公噸,0,公噸,0,公噸,完成核算,,,,,,,,,,,,,,,,,,,,,,,,,,,,,,
B0004199,大倚企業股份有限公司,2015年第1季,0.003,公噸,0,公噸,0,公噸,0,公噸,完成核算,,,,,,,,,,,,,,,,,,,,,,,,,,,,,,
V75B4033,東陽飯店有限公司台東分公司,2014年第4季,0,公噸,0,公噸,0.201,公噸,0.14,公噸,完成核算,,,,,,,,,,,,,,,,,,,,,,,,,,,,,,
V75B4023,欣豐食品行,2014年第4季,0,公噸,0,公噸,0.002,公噸,0.048,公噸,完成核算,,,,,,,,,,,,,,,,,,,,,,,,,,,,,,
V75B3916,郭秋霖汽車修理廠,2014年第4季,0.042,公噸,0,公噸,0,公噸,0,公噸,完成核算,,,,,,,,,,,,,,,,,,,,,,,,,,,,,,
S2015390,磐豐企業有限公司,2014年第4季,0,公噸,0,公噸,0,公噸,0,公噸,完成核算,,,,,,,,,,,,,,,,,,,,,,,,,,,,,,
N3103664,福有全食品廠有限公司二廠,2014年第4季,0,公噸,0,公噸,0.001,公噸,0.072,公噸,完成核算,,,,,,,,,,,,,,,,,,,,,,,,,,,,,,
N08A7581,謙伸工業股份有限公司,2014年第4季,0.378,公噸,0,公噸,0,公噸,0.074,公噸,完成核算,,,,,,,,,,,,,,,,,,,,,,,,,,,,,,
L98A0129,樹生休閒酒莊,2014年第4季,0,公噸,0,公噸,0,公噸,0,公噸,完成核算,,,,,,,,,,,,,,,,,,,,,,,,,,,,,,
L9603130,拓璁企業有限公司,2014年第4季,0.052,公噸,0,公噸,0,公噸,0,公噸,完成核算,,,,,,,,,,,,,,,,,,,,,,,,,,,,,,
L9501257,張雲傑畜牧場,2014年第4季,0,公噸,0,公噸,0,公噸,0.008,公噸,完成核算,,,,,,,,,,,,,,,,,,,,,,,,,,,,,,
L91A0085,頂盛通國際股份有限公司,2014年第4季,0.542,公噸,0,公噸,0,公噸,0,公噸,完成核算,,,,,,,,,,,,,,,,,,,,,,,,,,,,,,
L88A0848,大榮建築鋼架股份有限公司分廠,2014年第4季,5.26,公噸,0,公噸,0,公噸,0,公噸,完成核算,,,,,,,,,,,,,,,,,,,,,,,,,,,,,,
L8806128,羅得化學製藥股份有限公司,2014年第4季,0,公噸,0,公噸,0,公噸,0.006,公噸,完成核算,,,,,,,,,,,,,,,,,,,,,,,,,,,,,,
L8802031,功億工業股份有限公司台中廠,2014年第4季,0,公噸,0,公噸,0,公噸,0.034,公噸,完成核算,,,,,,,,,,,,,,,,,,,,,,,,,,,,,,
L8801703,鈦揚企業股份有限公司,2014年第4季,0.022,公噸,0,公噸,0,公噸,0,公噸,完成核算,,,,,,,,,,,,,,,,,,,,,,,,,,,,,,
L03A0108,朝陽科技大學,2014年第4季,0,公噸,0,公噸,0,公噸,0.024,公噸,完成核算,,,,,,,,,,,,,,,,,,,,,,,,,,,,,,
L01A0514,上萌實業有限公司,2014年第4季,0,公噸,0,公噸,0,公噸,0,公噸,完成核算,,,,,,,,,,,,,,,,,,,,,,,,,,,,,,
K71B0092,希華晶體科技股份有限公司威華廠,2014年第4季,0.97,公噸,0,公噸,0,公噸,0,公噸,完成核算,,,,,,,,,,,,,,,,,,,,,,,,,,,,,,
H4209803,大樹林屠宰場,2014年第4季,0,公噸,0,公噸,0.114,公噸,0.079,公噸,完成核算,,,,,,,,,,,,,,,,,,,,,,,,,,,,,,
F0814320,日宏企業有限公司,2014年第4季,0,公噸,0,公噸,0,公噸,0.232,公噸,完成核算,,,,,,,,,,,,,,,,,,,,,,,,,,,,,,
F06A9290,精能光學股份有限公司,2014年第4季,0.582,公噸,0,公噸,0,公噸,0,公噸,完成核算,,,,,,,,,,,,,,,,,,,,,,,,,,,,,,
F04C2941,彩之坊科技股份有限公司,2014年第4季,8.72,公噸,0,公噸,0,公噸,0,公噸,完成核算,,,,,,,,,,,,,,,,,,,,,,,,,,,,,,
E56B2298,豪駿遊艇股份有限公司,2014年第4季,0.963,公噸,0,公噸,0,公噸,0,公噸,完成核算,,,,,,,,,,,,,,,,,,,,,,,,,,,,,,
E56B2268,強生遊艇股份有限公司,2014年第4季,1.389,公噸,0,公噸,0,公噸,0,公噸,完成核算,,,,,,,,,,,,,,,,,,,,,,,,,,,,,,
E5601553,東剛機器工程股份有限公司,2014年第4季,0,公噸,0,公噸,0,公噸,0.009,公噸,完成核算,,,,,,,,,,,,,,,,,,,,,,,,,,,,,,
E20A5560,安迪旅館,2014年第4季,0,公噸,0,公噸,0.001,公噸,0.001,公噸,完成核算,,,,,,,,,,,,,,,,,,,,,,,,,,,,,,
E1510480,克來旅館,2014年第4季,0,公噸,0,公噸,0,公噸,0,公噸,完成核算,,,,,,,,,,,,,,,,,,,,,,,,,,,,,,
C11A3054,東南興實業股份有限公司,2014年第4季,0,公噸,0,公噸,0,公噸,0,公噸,完成核算,,,,,,,,,,,,,,,,,,,,,,,,,,,,,,
B99A0920,優特斯工業股份有限公司,2014年第4季,0.53,公噸,0,公噸,0,公噸,0,公噸,完成核算,,,,,,,,,,,,,,,,,,,,,,,,,,,,,,
B9801961,源泰醬園,2014年第4季,0,公噸,0,公噸,0.04,公噸,0.028,公噸,完成核算,,,,,,,,,,,,,,,,,,,,,,,,,,,,,,
B9700325,合船企業有限公司,2014年第4季,1.33,公噸,0,公噸,0.001,公噸,0.008,公噸,完成核算,,,,,,,,,,,,,,,,,,,,,,,,,,,,,,
B9506256,凱得森傢俱有限公司大雅廠,2014年第4季,0.071,公噸,0,公噸,0,公噸,0,公噸,完成核算,,,,,,,,,,,,,,,,,,,,,,,,,,,,,,
B9505946,兆煒金屬工業股份有限公司,2014年第4季,1.52,公噸,0,公噸,0.095,公噸,0.066,公噸,完成核算,,,,,,,,,,,,,,,,,,,,,,,,,,,,,,
B9504636,定厚企業有限公司,2014年第4季,0.002,公噸,0,公噸,0,公噸,0,公噸,完成核算,,,,,,,,,,,,,,,,,,,,,,,,,,,,,,
B9306498,松軒塑膠企業有限公司,2014年第4季,0.237,公噸,0,公噸,0,公噸,0,公噸,完成核算,,,,,,,,,,,,,,,,,,,,,,,,,,,,,,
B9306489,立信實業股份有限公司,2014年第4季,0.383,公噸,0,公噸,0,公噸,0,公噸,完成核算,,,,,,,,,,,,,,,,,,,,,,,,,,,,,,
B9306470,達鎂塑膠實業有限公司,2014年第4季,0.039,公噸,0,公噸,0,公噸,0,公噸,完成核算,,,,,,,,,,,,,,,,,,,,,,,,,,,,,,
B9306461,湧臻實業有限公司,2014年第4季,0.027,公噸,0,公噸,0,公噸,0,公噸,完成核算,,,,,,,,,,,,,,,,,,,,,,,,,,,,,,
B9306381,林協順加工廠,2014年第4季,0,公噸,0,公噸,0,公噸,0,公噸,完成核算,,,,,,,,,,,,,,,,,,,,,,,,,,,,,,
B9304903,富隆塑膠廠,2014年第4季,0.033,公噸,0,公噸,0,公噸,0,公噸,完成核算,,,,,,,,,,,,,,,,,,,,,,,,,,,,,,
B9304305,圜鴻合板工廠,2014年第4季,1.373,公噸,0,公噸,0,公噸,0,公噸,完成核算,,,,,,,,,,,,,,,,,,,,,,,,,,,,,,
B9304234,鋐輝機械有限公司二廠,2014年第4季,0.326,公噸,0,公噸,0,公噸,0,公噸,完成核算,,,,,,,,,,,,,,,,,,,,,,,,,,,,,,
B9304207,延堅股份有限公司,2014年第4季,0.099,公噸,0,公噸,0,公噸,0,公噸,完成核算,,,,,,,,,,,,,,,,,,,,,,,,,,,,,,
B9304065,宏達科技工業社,2014年第4季,0.029,公噸,0,公噸,0,公噸,0,公噸,完成核算,,,,,,,,,,,,,,,,,,,,,,,,,,,,,,
B9302918,協源宬印刷實業社,2014年第4季,0.042,公噸,0,公噸,0,公噸,0,公噸,完成核算,,,,,,,,,,,,,,,,,,,,,,,,,,,,,,
B9203205,裕祥地板有限公司后里廠,2014年第4季,0.116,公噸,0,公噸,0,公噸,0,公噸,完成核算,,,,,,,,,,,,,,,,,,,,,,,,,,,,,,
B9202137,星月大地休閒事業股份有限公司,2014年第4季,0,公噸,0,公噸,0,公噸,0,公噸,完成核算,,,,,,,,,,,,,,,,,,,,,,,,,,,,,,
B9105213,鼎三企業股份有限公司,2014年第4季,0.091,公噸,0,公噸,0,公噸,0,公噸,完成核算,,,,,,,,,,,,,,,,,,,,,,,,,,,,,,
B8905693,上渼塑膠有限公司,2014年第4季,0,公噸,0,公噸,0,公噸,0,公噸,完成核算,,,,,,,,,,,,,,,,,,,,,,,,,,,,,,
B8905344,三榮塑膠製品工業有限公司,2014年第4季,0,公噸,0,公噸,0,公噸,0,公噸,完成核算,,,,,,,,,,,,,,,,,,,,,,,,,,,,,,
B8905335,鑫壕鋁業有限公司清水廠,2014年第4季,0.02,公噸,0,公噸,0.04,公噸,0.027,公噸,完成核算,,,,,,,,,,,,,,,,,,,,,,,,,,,,,,
B8903662,朝盛塑膠工業股份有限公司,2014年第4季,0.03,公噸,0,公噸,0,公噸,0,公噸,完成核算,,,,,,,,,,,,,,,,,,,,,,,,,,,,,,
B8804173,大新餐盒食品工廠,2014年第4季,0,公噸,0,公噸,0.001,公噸,0.072,公噸,完成核算,,,,,,,,,,,,,,,,,,,,,,,,,,,,,,
B8608162,合船企業有限公司,2014年第4季,0.681,公噸,0,公噸,0.001,公噸,0.011,公噸,完成核算,,,,,,,,,,,,,,,,,,,,,,,,,,,,,,
B8608108,燒魚子商行,2014年第4季,0,公噸,0,公噸,0,公噸,0.002,公噸,完成核算,,,,,,,,,,,,,,,,,,,,,,,,,,,,,,
B8605741,旭?工業股份有限公司,2014年第4季,0.051,公噸,0,公噸,0.1,公噸,0.068,公噸,完成核算,,,,,,,,,,,,,,,,,,,,,,,,,,,,,,
B24C2402,臺中市立黎明國民中學,2014年第4季,0,公噸,0,公噸,0,公噸,0.013,公噸,完成核算,,,,,,,,,,,,,,,,,,,,,,,,,,,,,,
B24C1731,協鴻工業股份有限公司第三廠,2014年第4季,2.341,公噸,0,公噸,0,公噸,0,公噸,完成核算,,,,,,,,,,,,,,,,,,,,,,,,,,,,,,
B23C4156,豐安紙器股份有限公司,2014年第4季,0.422,公噸,0,公噸,0,公噸,0,公噸,完成核算,,,,,,,,,,,,,,,,,,,,,,,,,,,,,,
B23A9766,安勝有限公司,2014年第4季,0.223,公噸,0,公噸,0,公噸,0,公噸,完成核算,,,,,,,,,,,,,,,,,,,,,,,,,,,,,,
B2303560,維志工業股份有限公司,2014年第4季,0,公噸,0,公噸,0,公噸,0,公噸,完成核算,,,,,,,,,,,,,,,,,,,,,,,,,,,,,,
B21A7889,臺中市立崇倫國中,2014年第4季,0,公噸,0,公噸,0,公噸,0.012,公噸,完成核算,,,,,,,,,,,,,,,,,,,,,,,,,,,,,,
B20A8585,臺中市立光明國民中學,2014年第4季,0,公噸,0,公噸,0,公噸,0.026,公噸,完成核算,,,,,,,,,,,,,,,,,,,,,,,,,,,,,,
B2005274,臺中市立向上國民中學,2014年第4季,0,公噸,0,公噸,0,公噸,0.014,公噸,完成核算,,,,,,,,,,,,,,,,,,,,,,,,,,,,,,
B0510325,連榮塗裝股份有限公司,2014年第4季,0.09,公噸,0,公噸,0,公噸,0.002,公噸,完成核算,,,,,,,,,,,,,,,,,,,,,,,,,,,,,,
B0510316,連勝塗裝有限公司,2014年第4季,0.25,公噸,0,公噸,0.001,公噸,0.014,公噸,完成核算,,,,,,,,,,,,,,,,,,,,,,,,,,,,,,
B0510307,和葦企業有限公司,2014年第4季,0,公噸,0,公噸,0.001,公噸,0.007,公噸,完成核算,,,,,,,,,,,,,,,,,,,,,,,,,,,,,,
B0510156,金岱鋁業有限公司,2014年第4季,0,公噸,0,公噸,0.028,公噸,0.019,公噸,完成核算,,,,,,,,,,,,,,,,,,,,,,,,,,,,,,
B0509975,華倫實業社,2014年第4季,0.145,公噸,0,公噸,0,公噸,0,公噸,完成核算,,,,,,,,,,,,,,,,,,,,,,,,,,,,,,
B0509199,亞紀有限公司,2014年第4季,0,公噸,0,公噸,0.03,公噸,0.004,公噸,完成核算,,,,,,,,,,,,,,,,,,,,,,,,,,,,,,
B0501175,榮泰塑膠廠,2014年第4季,0,公噸,0,公噸,0,公噸,0,公噸,完成核算,,,,,,,,,,,,,,,,,,,,,,,,,,,,,,
B0410008,梅鏡堂樹脂有限公司,2014年第4季,0.05,公噸,0,公噸,0,公噸,0,公噸,完成核算,,,,,,,,,,,,,,,,,,,,,,,,,,,,,,
B0303811,福慧生技有限公司,2014年第4季,0,公噸,0,公噸,0,公噸,0.015,公噸,完成核算,,,,,,,,,,,,,,,,,,,,,,,,,,,,,,
B0206273,崧煌實業股份有限公司,2014年第4季,11.254,公噸,0,公噸,0,公噸,0,公噸,完成核算,,,,,,,,,,,,,,,,,,,,,,,,,,,,,,
B0102743,軍霖工業股份有限公司,2014年第4季,0.599,公噸,0,公噸,0.01,公噸,0.007,公噸,完成核算,,,,,,,,,,,,,,,,,,,,,,,,,,,,,,
B0006362,伯偉彩色印刷有限公司二廠,2014年第4季,0.004,公噸,0,公噸,0,公噸,0,公噸,完成核算,,,,,,,,,,,,,,,,,,,,,,,,,,,,,,
B0006148,鼎茂昌工業股份有限公司,2014年第4季,0.024,公噸,0,公噸,0,公噸,0,公噸,完成核算,,,,,,,,,,,,,,,,,,,,,,,,,,,,,,
B0004260,元力工業社,2014年第4季,0.18,公噸,0,公噸,0,公噸,0.007,公噸,完成核算,,,,,,,,,,,,,,,,,,,,,,,,,,,,,,
B0004206,威盛木模有限公司,2014年第4季,0.006,公噸,0,公噸,0,公噸,0,公噸,完成核算,,,,,,,,,,,,,,,,,,,,,,,,,,,,,,
B0004199,大倚企業股份有限公司,2014年第4季,0.004,公噸,0,公噸,0,公噸,0,公噸,完成核算,,,,,,,,,,,,,,,,,,,,,,,,,,,,,,
V75B4033,東陽飯店有限公司台東分公司,2014年第3季,0,公噸,0,公噸,0.137,公噸,0.095,公噸,完成核算,,,,,,,,,,,,,,,,,,,,,,,,,,,,,,
V75B4023,欣豐食品行,2014年第3季,0,公噸,0,公噸,0.002,公噸,0.048,公噸,完成核算,,,,,,,,,,,,,,,,,,,,,,,,,,,,,,
V75B3916,郭秋霖汽車修理廠,2014年第3季,0.02,公噸,0,公噸,0,公噸,0,公噸,完成核算,,,,,,,,,,,,,,,,,,,,,,,,,,,,,,
S2015390,磐豐企業有限公司,2014年第3季,0,公噸,0,公噸,0.038,公噸,0.026,公噸,完成核算,,,,,,,,,,,,,,,,,,,,,,,,,,,,,,
N3103664,福有全食品廠有限公司二廠,2014年第3季,0,公噸,0,公噸,0.001,公噸,0.072,公噸,完成核算,,,,,,,,,,,,,,,,,,,,,,,,,,,,,,
N08A7581,謙伸工業股份有限公司,2014年第3季,0.378,公噸,0,公噸,0,公噸,0.056,公噸,完成核算,,,,,,,,,,,,,,,,,,,,,,,,,,,,,,
L9603130,拓璁企業有限公司,2014年第3季,0.077,公噸,0,公噸,0,公噸,0,公噸,完成核算,,,,,,,,,,,,,,,,,,,,,,,,,,,,,,
L91A0085,頂盛通國際股份有限公司,2014年第3季,0.672,公噸,0,公噸,0,公噸,0,公噸,完成核算,,,,,,,,,,,,,,,,,,,,,,,,,,,,,,
L8802031,功億工業股份有限公司台中廠,2014年第3季,0,公噸,0,公噸,0,公噸,0.029,公噸,完成核算,,,,,,,,,,,,,,,,,,,,,,,,,,,,,,
L8801703,鈦揚企業股份有限公司,2014年第3季,0.045,公噸,0,公噸,0,公噸,0,公噸,完成核算,,,,,,,,,,,,,,,,,,,,,,,,,,,,,,
L01A0514,上萌實業有限公司,2014年第3季,0,公噸,0,公噸,0,公噸,0,公噸,完成核算,,,,,,,,,,,,,,,,,,,,,,,,,,,,,,
K71B0092,希華晶體科技股份有限公司威華廠,2014年第3季,1.252,公噸,0,公噸,0,公噸,0,公噸,完成核算,,,,,,,,,,,,,,,,,,,,,,,,,,,,,,
F0814320,日宏企業有限公司,2014年第3季,0,公噸,0,公噸,0,公噸,0.044,公噸,完成核算,,,,,,,,,,,,,,,,,,,,,,,,,,,,,,
F06A9290,精能光學股份有限公司,2014年第3季,0.502,公噸,0,公噸,0,公噸,0,公噸,完成核算,,,,,,,,,,,,,,,,,,,,,,,,,,,,,,
F04C2941,彩之坊科技股份有限公司,2014年第3季,9.424,公噸,0,公噸,0,公噸,0,公噸,完成核算,,,,,,,,,,,,,,,,,,,,,,,,,,,,,,
E56B2298,豪駿遊艇股份有限公司,2014年第3季,0.858,公噸,0,公噸,0,公噸,0,公噸,完成核算,,,,,,,,,,,,,,,,,,,,,,,,,,,,,,
E56B2268,強生遊艇股份有限公司,2014年第3季,2.76,公噸,0,公噸,0,公噸,0,公噸,完成核算,,,,,,,,,,,,,,,,,,,,,,,,,,,,,,
E5601553,東剛機器工程股份有限公司,2014年第3季,0,公噸,0,公噸,0,公噸,0.003,公噸,完成核算,,,,,,,,,,,,,,,,,,,,,,,,,,,,,,
E20A5560,安迪旅館,2014年第3季,0,公噸,0,公噸,0,公噸,0,公噸,完成核算,,,,,,,,,,,,,,,,,,,,,,,,,,,,,,
E1510480,克來旅館,2014年第3季,0,公噸,0,公噸,0,公噸,0,公噸,完成核算,,,,,,,,,,,,,,,,,,,,,,,,,,,,,,
C11A3054,東南興實業股份有限公司,2014年第3季,0,公噸,0,公噸,0,公噸,0,公噸,完成核算,,,,,,,,,,,,,,,,,,,,,,,,,,,,,,
B9801961,源泰醬園,2014年第3季,0,公噸,0,公噸,0.04,公噸,0.028,公噸,完成核算,,,,,,,,,,,,,,,,,,,,,,,,,,,,,,
B9700325,合船企業有限公司,2014年第3季,0.681,公噸,0,公噸,0.001,公噸,0.007,公噸,完成核算,,,,,,,,,,,,,,,,,,,,,,,,,,,,,,
B9505946,兆煒金屬工業股份有限公司,2014年第3季,1.36,公噸,0,公噸,0.095,公噸,0.066,公噸,完成核算,,,,,,,,,,,,,,,,,,,,,,,,,,,,,,
B9504636,定厚企業有限公司,2014年第3季,0.002,公噸,0,公噸,0,公噸,0,公噸,完成核算,,,,,,,,,,,,,,,,,,,,,,,,,,,,,,
B9306381,林協順加工廠,2014年第3季,0.024,公噸,0,公噸,0,公噸,0,公噸,完成核算,,,,,,,,,,,,,,,,,,,,,,,,,,,,,,
B9304903,富隆塑膠廠,2014年第3季,0.028,公噸,0,公噸,0,公噸,0,公噸,完成核算,,,,,,,,,,,,,,,,,,,,,,,,,,,,,,
B9304305,圜鴻合板工廠,2014年第3季,1.352,公噸,0,公噸,0,公噸,0,公噸,完成核算,,,,,,,,,,,,,,,,,,,,,,,,,,,,,,
B9304234,鋐輝機械有限公司二廠,2014年第3季,0.022,公噸,0,公噸,0,公噸,0,公噸,完成核算,,,,,,,,,,,,,,,,,,,,,,,,,,,,,,
B9304207,延堅股份有限公司,2014年第3季,0.099,公噸,0,公噸,0,公噸,0,公噸,完成核算,,,,,,,,,,,,,,,,,,,,,,,,,,,,,,
B9304065,宏達科技工業社,2014年第3季,0.027,公噸,0,公噸,0,公噸,0,公噸,完成核算,,,,,,,,,,,,,,,,,,,,,,,,,,,,,,
B9203205,裕祥地板有限公司后里廠,2014年第3季,0.106,公噸,0,公噸,0,公噸,0,公噸,完成核算,,,,,,,,,,,,,,,,,,,,,,,,,,,,,,
B9105213,鼎三企業股份有限公司,2014年第3季,0.137,公噸,0,公噸,0,公噸,0,公噸,完成核算,,,,,,,,,,,,,,,,,,,,,,,,,,,,,,
B8905344,三榮塑膠製品工業有限公司,2014年第3季,0.01,公噸,0,公噸,0,公噸,0,公噸,完成核算,,,,,,,,,,,,,,,,,,,,,,,,,,,,,,
B8905335,鑫壕鋁業有限公司清水廠,2014年第3季,0.02,公噸,0,公噸,0.04,公噸,0.027,公噸,完成核算,,,,,,,,,,,,,,,,,,,,,,,,,,,,,,
B8903662,朝盛塑膠工業股份有限公司,2014年第3季,0.029,公噸,0,公噸,0,公噸,0,公噸,完成核算,,,,,,,,,,,,,,,,,,,,,,,,,,,,,,
B8804173,大新餐盒食品工廠,2014年第3季,0,公噸,0,公噸,0,公噸,0.002,公噸,完成核算,,,,,,,,,,,,,,,,,,,,,,,,,,,,,,
B8608108,燒魚子商行,2014年第3季,0,公噸,0,公噸,0,公噸,0.001,公噸,完成核算,,,,,,,,,,,,,,,,,,,,,,,,,,,,,,
B8605741,旭?工業股份有限公司,2014年第3季,0.053,公噸,0,公噸,0.105,公噸,0.071,公噸,完成核算,,,,,,,,,,,,,,,,,,,,,,,,,,,,,,
B24C1731,協鴻工業股份有限公司第三廠,2014年第3季,3.492,公噸,0,公噸,0,公噸,0,公噸,完成核算,,,,,,,,,,,,,,,,,,,,,,,,,,,,,,
B2303560,維志工業股份有限公司,2014年第3季,0,公噸,0,公噸,0,公噸,0,公噸,完成核算,,,,,,,,,,,,,,,,,,,,,,,,,,,,,,
B2005274,臺中市立向上國民中學,2014年第3季,0,公噸,0,公噸,0,公噸,0.02,公噸,完成核算,,,,,,,,,,,,,,,,,,,,,,,,,,,,,,
B0509975,華倫實業社,2014年第3季,0.151,公噸,0,公噸,0,公噸,0,公噸,完成核算,,,,,,,,,,,,,,,,,,,,,,,,,,,,,,
B0509199,亞紀有限公司,2014年第3季,0,公噸,0,公噸,0,公噸,0.004,公噸,完成核算,,,,,,,,,,,,,,,,,,,,,,,,,,,,,,
B0501175,榮泰塑膠廠,2014年第3季,0,公噸,0,公噸,0,公噸,0,公噸,完成核算,,,,,,,,,,,,,,,,,,,,,,,,,,,,,,
B0303811,福慧生技有限公司,2014年第3季,0,公噸,0,公噸,0,公噸,0.027,公噸,完成核算,,,,,,,,,,,,,,,,,,,,,,,,,,,,,,
B0102743,軍霖工業股份有限公司,2014年第3季,0.68,公噸,0,公噸,0.008,公噸,0.005,公噸,完成核算,,,,,,,,,,,,,,,,,,,,,,,,,,,,,,
B0006148,鼎茂昌工業股份有限公司,2014年第3季,0.017,公噸,0,公噸,0,公噸,0,公噸,完成核算,,,,,,,,,,,,,,,,,,,,,,,,,,,,,,
B0004260,元力工業社,2014年第3季,0.225,公噸,0,公噸,0,公噸,0.008,公噸,完成核算,,,,,,,,,,,,,,,,,,,,,,,,,,,,,,
B0004206,威盛木模有限公司,2014年第3季,0.01,公噸,0,公噸,0,公噸,0,公噸,完成核算,,,,,,,,,,,,,,,,,,,,,,,,,,,,,,
B0004199,大倚企業股份有限公司,2014年第3季,0.004,公噸,0,公噸,0,公噸,0,公噸,完成核算,,,,,,,,,,,,,,,,,,,,,,,,,,,,,,
V75B4033,東陽飯店有限公司台東分公司,2014年第2季,0,公噸,0,公噸,0.137,公噸,0.095,公噸,完成核算,,,,,,,,,,,,,,,,,,,,,,,,,,,,,,
V75B4023,欣豐食品行,2014年第2季,0,公噸,0,公噸,0.002,公噸,0.048,公噸,完成核算,,,,,,,,,,,,,,,,,,,,,,,,,,,,,,
V75B3916,郭秋霖汽車修理廠,2014年第2季,0.087,公噸,0,公噸,0,公噸,0,公噸,完成核算,,,,,,,,,,,,,,,,,,,,,,,,,,,,,,
S2015390,磐豐企業有限公司,2014年第2季,0,公噸,0,公噸,0.048,公噸,0.033,公噸,完成核算,,,,,,,,,,,,,,,,,,,,,,,,,,,,,,
N3103664,福有全食品廠有限公司二廠,2014年第2季,0,公噸,0,公噸,0.001,公噸,0.072,公噸,完成核算,,,,,,,,,,,,,,,,,,,,,,,,,,,,,,
N08A7581,謙伸工業股份有限公司,2014年第2季,0.379,公噸,0,公噸,0,公噸,0.043,公噸,完成核算,,,,,,,,,,,,,,,,,,,,,,,,,,,,,,
L9603130,拓璁企業有限公司,2014年第2季,0.004,公噸,0,公噸,0,公噸,0,公噸,完成核算,,,,,,,,,,,,,,,,,,,,,,,,,,,,,,
L91A0085,頂盛通國際股份有限公司,2014年第2季,0.42,公噸,0,公噸,0,公噸,0,公噸,完成核算,,,,,,,,,,,,,,,,,,,,,,,,,,,,,,
L8802031,功億工業股份有限公司台中廠,2014年第2季,0,公噸,0,公噸,0,公噸,0.032,公噸,完成核算,,,,,,,,,,,,,,,,,,,,,,,,,,,,,,
L8801703,鈦揚企業股份有限公司,2014年第2季,0.022,公噸,0,公噸,0,公噸,0,公噸,完成核算,,,,,,,,,,,,,,,,,,,,,,,,,,,,,,
L01A0514,上萌實業有限公司,2014年第2季,0,公噸,0,公噸,0,公噸,0,公噸,完成核算,,,,,,,,,,,,,,,,,,,,,,,,,,,,,,
K71B0092,希華晶體科技股份有限公司威華廠,2014年第2季,1.021,公噸,0,公噸,0,公噸,0,公噸,完成核算,,,,,,,,,,,,,,,,,,,,,,,,,,,,,,
F0814320,日宏企業有限公司,2014年第2季,0,公噸,0,公噸,0,公噸,0.047,公噸,完成核算,,,,,,,,,,,,,,,,,,,,,,,,,,,,,,
F06A9290,精能光學股份有限公司,2014年第2季,0.786,公噸,0,公噸,0,公噸,0,公噸,完成核算,,,,,,,,,,,,,,,,,,,,,,,,,,,,,,
F04C2941,彩之坊科技股份有限公司,2014年第2季,9.45,公噸,0,公噸,0,公噸,0,公噸,完成核算,,,,,,,,,,,,,,,,,,,,,,,,,,,,,,
E56B2298,豪駿遊艇股份有限公司,2014年第2季,0.963,公噸,0,公噸,0,公噸,0,公噸,完成核算,,,,,,,,,,,,,,,,,,,,,,,,,,,,,,
E56B2268,強生遊艇股份有限公司,2014年第2季,1.012,公噸,0,公噸,0,公噸,0,公噸,完成核算,,,,,,,,,,,,,,,,,,,,,,,,,,,,,,
E5601553,東剛機器工程股份有限公司,2014年第2季,0,公噸,0,公噸,0,公噸,0.004,公噸,完成核算,,,,,,,,,,,,,,,,,,,,,,,,,,,,,,
E1510480,克來旅館,2014年第2季,0,公噸,0,公噸,0,公噸,0,公噸,完成核算,,,,,,,,,,,,,,,,,,,,,,,,,,,,,,
C11A3054,東南興實業股份有限公司,2014年第2季,0,公噸,0,公噸,0,公噸,0,公噸,完成核算,,,,,,,,,,,,,,,,,,,,,,,,,,,,,,
B9801961,源泰醬園,2014年第2季,0,公噸,0,公噸,0.04,公噸,0.028,公噸,完成核算,,,,,,,,,,,,,,,,,,,,,,,,,,,,,,
B9304903,富隆塑膠廠,2014年第2季,0.028,公噸,0,公噸,0,公噸,0,公噸,完成核算,,,,,,,,,,,,,,,,,,,,,,,,,,,,,,
B9304234,鋐輝機械有限公司二廠,2014年第2季,0.174,公噸,0,公噸,0,公噸,0,公噸,完成核算,,,,,,,,,,,,,,,,,,,,,,,,,,,,,,
B9304207,延堅股份有限公司,2014年第2季,0.097,公噸,0,公噸,0,公噸,0,公噸,完成核算,,,,,,,,,,,,,,,,,,,,,,,,,,,,,,
B9304065,宏達科技工業社,2014年第2季,0.029,公噸,0,公噸,0,公噸,0,公噸,完成核算,,,,,,,,,,,,,,,,,,,,,,,,,,,,,,
B9203205,裕祥地板有限公司后里廠,2014年第2季,0.12,公噸,0,公噸,0,公噸,0,公噸,完成核算,,,,,,,,,,,,,,,,,,,,,,,,,,,,,,
B8905344,三榮塑膠製品工業有限公司,2014年第2季,0,公噸,0,公噸,0,公噸,0,公噸,完成核算,,,,,,,,,,,,,,,,,,,,,,,,,,,,,,
B8905335,鑫壕鋁業有限公司清水廠,2014年第2季,0.017,公噸,0,公噸,0.033,公噸,0.023,公噸,完成核算,,,,,,,,,,,,,,,,,,,,,,,,,,,,,,
B8903662,朝盛塑膠工業股份有限公司,2014年第2季,0.044,公噸,0,公噸,0,公噸,0,公噸,完成核算,,,,,,,,,,,,,,,,,,,,,,,,,,,,,,
B8804173,大新餐盒食品工廠,2014年第2季,0,公噸,0,公噸,0,公噸,0.038,公噸,完成核算,,,,,,,,,,,,,,,,,,,,,,,,,,,,,,
B24C1731,協鴻工業股份有限公司第三廠,2014年第2季,2.856,公噸,0,公噸,0,公噸,0,公噸,完成核算,,,,,,,,,,,,,,,,,,,,,,,,,,,,,,
B2303560,維志工業股份有限公司,2014年第2季,0,公噸,0,公噸,0,公噸,0,公噸,完成核算,,,,,,,,,,,,,,,,,,,,,,,,,,,,,,
B0509975,華倫實業社,2014年第2季,0.156,公噸,0,公噸,0,公噸,0,公噸,完成核算,,,,,,,,,,,,,,,,,,,,,,,,,,,,,,
B0509199,亞紀有限公司,2014年第2季,0,公噸,0,公噸,0,公噸,0.004,公噸,完成核算,,,,,,,,,,,,,,,,,,,,,,,,,,,,,,
B0303811,福慧生技有限公司,2014年第2季,0,公噸,0,公噸,0,公噸,0.012,公噸,完成核算,,,,,,,,,,,,,,,,,,,,,,,,,,,,,,
B0102743,軍霖工業股份有限公司,2014年第2季,0.62,公噸,0,公噸,0.008,公噸,0.005,公噸,完成核算,,,,,,,,,,,,,,,,,,,,,,,,,,,,,,
B0006148,鼎茂昌工業股份有限公司,2014年第2季,0.017,公噸,0,公噸,0,公噸,0,公噸,完成核算,,,,,,,,,,,,,,,,,,,,,,,,,,,,,,
B0004260,元力工業社,2014年第2季,0.248,公噸,0,公噸,0,公噸,0.009,公噸,完成核算,,,,,,,,,,,,,,,,,,,,,,,,,,,,,,
B0004206,威盛木模有限公司,2014年第2季,0.006,公噸,0,公噸,0,公噸,0,公噸,完成核算,,,,,,,,,,,,,,,,,,,,,,,,,,,,,,
B0004199,大倚企業股份有限公司,2014年第2季,0.004,公噸,0,公噸,0,公噸,0,公噸,完成核算,,,,,,,,,,,,,,,,,,,,,,,,,,,,,,
V75B4033,東陽飯店有限公司台東分公司,2014年第1季,0,公噸,0,公噸,0.211,公噸,0.146,公噸,完成核算,,,,,,,,,,,,,,,,,,,,,,,,,,,,,,
V75B4023,欣豐食品行,2014年第1季,0,公噸,0,公噸,0.002,公噸,0.047,公噸,完成核算,,,,,,,,,,,,,,,,,,,,,,,,,,,,,,
V75B3916,郭秋霖汽車修理廠,2014年第1季,0.095,公噸,0,公噸,0,公噸,0,公噸,完成核算,,,,,,,,,,,,,,,,,,,,,,,,,,,,,,
S2015390,磐豐企業有限公司,2014年第1季,0,公噸,0,公噸,0.048,公噸,0.033,公噸,完成核算,,,,,,,,,,,,,,,,,,,,,,,,,,,,,,
N3103664,福有全食品廠有限公司二廠,2014年第1季,0,公噸,0,公噸,0.001,公噸,0.072,公噸,完成核算,,,,,,,,,,,,,,,,,,,,,,,,,,,,,,
L9603130,拓璁企業有限公司,2014年第1季,0.009,公噸,0,公噸,0,公噸,0,公噸,完成核算,,,,,,,,,,,,,,,,,,,,,,,,,,,,,,
L91A0085,頂盛通國際股份有限公司,2014年第1季,0.468,公噸,0,公噸,0,公噸,0,公噸,完成核算,,,,,,,,,,,,,,,,,,,,,,,,,,,,,,
K71B0092,希華晶體科技股份有限公司威華廠,2014年第1季,0.79,公噸,0,公噸,0,公噸,0,公噸,完成核算,,,,,,,,,,,,,,,,,,,,,,,,,,,,,,
F0814320,日宏企業有限公司,2014年第1季,0,公噸,0,公噸,0,公噸,0.046,公噸,完成核算,,,,,,,,,,,,,,,,,,,,,,,,,,,,,,
F06A9290,精能光學股份有限公司,2014年第1季,0.878,公噸,0,公噸,0,公噸,0,公噸,完成核算,,,,,,,,,,,,,,,,,,,,,,,,,,,,,,
F04C2941,彩之坊科技股份有限公司,2014年第1季,7.008,公噸,0,公噸,0,公噸,0,公噸,完成核算,,,,,,,,,,,,,,,,,,,,,,,,,,,,,,
E56B2298,豪駿遊艇股份有限公司,2014年第1季,0.954,公噸,0,公噸,0,公噸,0,公噸,完成核算,,,,,,,,,,,,,,,,,,,,,,,,,,,,,,
E56B2268,強生遊艇股份有限公司,2014年第1季,0.822,公噸,0,公噸,0,公噸,0,公噸,完成核算,,,,,,,,,,,,,,,,,,,,,,,,,,,,,,
E5601553,東剛機器工程股份有限公司,2014年第1季,0,公噸,0,公噸,0,公噸,0.006,公噸,完成核算,,,,,,,,,,,,,,,,,,,,,,,,,,,,,,
C11A3054,東南興實業股份有限公司,2014年第1季,0,公噸,0,公噸,0,公噸,0,公噸,完成核算,,,,,,,,,,,,,,,,,,,,,,,,,,,,,,
B9304903,富隆塑膠廠,2014年第1季,0.028,公噸,0,公噸,0,公噸,0,公噸,完成核算,,,,,,,,,,,,,,,,,,,,,,,,,,,,,,
B8905344,三榮塑膠製品工業有限公司,2014年第1季,0,公噸,0,公噸,0,公噸,0,公噸,完成核算,,,,,,,,,,,,,,,,,,,,,,,,,,,,,,
B0509199,亞紀有限公司,2014年第1季,0,公噸,0,公噸,0,公噸,0.004,公噸,完成核算,,,,,,,,,,,,,,,,,,,,,,,,,,,,,,
V75B4033,東陽飯店有限公司台東分公司,2013年第4季,0,公噸,0,公噸,0.171,公噸,0.119,公噸,完成核算,,,,,,,,,,,,,,,,,,,,,,,,,,,,,,
V75B4023,欣豐食品行,2013年第4季,0,公噸,0,公噸,0.002,公噸,0.048,公噸,完成核算,,,,,,,,,,,,,,,,,,,,,,,,,,,,,,
V75B3916,郭秋霖汽車修理廠,2013年第4季,0.097,公噸,0,公噸,0,公噸,0,公噸,完成核算,,,,,,,,,,,,,,,,,,,,,,,,,,,,,,
S2015390,磐豐企業有限公司,2013年第4季,0,公噸,0,公噸,0.048,公噸,0.033,公噸,完成核算,,,,,,,,,,,,,,,,,,,,,,,,,,,,,,
K71B0092,希華晶體科技股份有限公司威華廠,2013年第4季,0.933,公噸,0,公噸,0,公噸,0,公噸,完成核算,,,,,,,,,,,,,,,,,,,,,,,,,,,,,,
F0814320,日宏企業有限公司,2013年第4季,0,公噸,0,公噸,0,公噸,0.047,公噸,完成核算,,,,,,,,,,,,,,,,,,,,,,,,,,,,,,
E56B2298,豪駿遊艇股份有限公司,2013年第4季,1.852,公噸,0,公噸,0,公噸,0,公噸,完成核算,,,,,,,,,,,,,,,,,,,,,,,,,,,,,,
E56B2268,強生遊艇股份有限公司,2013年第4季,1.778,公噸,0,公噸,0,公噸,0,公噸,完成核算,,,,,,,,,,,,,,,,,,,,,,,,,,,,,,
E5601553,東剛機器工程股份有限公司,2013年第4季,0,公噸,0,公噸,0,公噸,0.004,公噸,完成核算,,,,,,,,,,,,,,,,,,,,,,,,,,,,,,
C11A3054,東南興實業股份有限公司,2013年第4季,0,公噸,0.54,公噸,0,公噸,0,公噸,完成核算,,,,,,,,,,,,,,,,,,,,,,,,,,,,,,
B0509199,亞紀有限公司,2013年第4季,0,公噸,0,公噸,0,公噸,0.004,公噸,完成核算,,,,,,,,,,,,,,,,,,,,,,,,,,,,,,
V75B4033,東陽飯店有限公司台東分公司,2013年第3季,0,公噸,0,公噸,0.148,公噸,0.103,公噸,完成核算,,,,,,,,,,,,,,,,,,,,,,,,,,,,,,
V75B4023,欣豐食品行,2013年第3季,0,公噸,0,公噸,0.002,公噸,0.048,公噸,完成核算,,,,,,,,,,,,,,,,,,,,,,,,,,,,,,
V75B3916,郭秋霖汽車修理廠,2013年第3季,0.095,公噸,0,公噸,0,公噸,0,公噸,完成核算,,,,,,,,,,,,,,,,,,,,,,,,,,,,,,
S2015390,磐豐企業有限公司,2013年第3季,0,公噸,0,公噸,0.048,公噸,0.033,公噸,完成核算,,,,,,,,,,,,,,,,,,,,,,,,,,,,,,
K71B0092,希華晶體科技股份有限公司威華廠,2013年第3季,0.567,公噸,0,公噸,0,公噸,0,公噸,完成核算,,,,,,,,,,,,,,,,,,,,,,,,,,,,,,
F0814320,日宏企業有限公司,2013年第3季,0,公噸,0,公噸,0,公噸,0.033,公噸,完成核算,,,,,,,,,,,,,,,,,,,,,,,,,,,,,,
C11A3054,東南興實業股份有限公司,2013年第3季,0,公噸,2.782,公噸,0,公噸,0,公噸,完成核算,,,,,,,,,,,,,,,,,,,,,,,,,,,,,,
B9305535,恩諾基科技有限公司,2013年第3季,1.292,公噸,0,公噸,0,公噸,0,公噸,完成核算,,,,,,,,,,,,,,,,,,,,,,,,,,,,,,
V75B4033,東陽飯店有限公司台東分公司,2013年第2季,0,公噸,0,公噸,0.142,公噸,0.099,公噸,完成核算,,,,,,,,,,,,,,,,,,,,,,,,,,,,,,
V75B4023,欣豐食品行,2013年第2季,0,公噸,0,公噸,0.002,公噸,0.048,公噸,完成核算,,,,,,,,,,,,,,,,,,,,,,,,,,,,,,
V75B3916,郭秋霖汽車修理廠,2013年第2季,0.124,公噸,0,公噸,0,公噸,0,公噸,完成核算,,,,,,,,,,,,,,,,,,,,,,,,,,,,,,
S2015390,磐豐企業有限公司,2013年第2季,0,公噸,0,公噸,0.048,公噸,0.033,公噸,完成核算,,,,,,,,,,,,,,,,,,,,,,,,,,,,,,
K71B0092,希華晶體科技股份有限公司威華廠,2013年第2季,0.523,公噸,0,公噸,0,公噸,0,公噸,完成核算,,,,,,,,,,,,,,,,,,,,,,,,,,,,,,
F0814320,日宏企業有限公司,2013年第2季,0,公噸,0,公噸,0,公噸,0.052,公噸,完成核算,,,,,,,,,,,,,,,,,,,,,,,,,,,,,,
C11A3054,東南興實業股份有限公司,2013年第2季,0,公噸,2.823,公噸,0,公噸,0,公噸,完成核算,,,,,,,,,,,,,,,,,,,,,,,,,,,,,,
V75B4033,東陽飯店有限公司台東分公司,2013年第1季,0,公噸,0,公噸,0.137,公噸,0.095,公噸,完成核算,,,,,,,,,,,,,,,,,,,,,,,,,,,,,,
V75B4023,欣豐食品行,2013年第1季,0,公噸,0,公噸,0.002,公噸,0.047,公噸,完成核算,,,,,,,,,,,,,,,,,,,,,,,,,,,,,,
V75B3916,郭秋霖汽車修理廠,2013年第1季,0.013,公噸,0,公噸,0,公噸,0,公噸,完成核算,,,,,,,,,,,,,,,,,,,,,,,,,,,,,,
S2015390,磐豐企業有限公司,2013年第1季,0,公噸,0,公噸,0.048,公噸,0.033,公噸,完成核算,,,,,,,,,,,,,,,,,,,,,,,,,,,,,,
K71B0092,希華晶體科技股份有限公司威華廠,2013年第1季,0.499,公噸,0,公噸,0,公噸,0,公噸,完成核算,,,,,,,,,,,,,,,,,,,,,,,,,,,,,,
F0814320,日宏企業有限公司,2013年第1季,0,公噸,0,公噸,0,公噸,0.047,公噸,完成核算,,,,,,,,,,,,,,,,,,,,,,,,,,,,,,
C11A3054,東南興實業股份有限公司,2013年第1季,0,公噸,0.322,公噸,0,公噸,0,公噸,完成核算,,,,,,,,,,,,,,,,,,,,,,,,,,,,,,
V75B4033,東陽飯店有限公司台東分公司,2012年第4季,0,公噸,0,公噸,0.171,公噸,0.119,公噸,完成核算,,,,,,,,,,,,,,,,,,,,,,,,,,,,,,
V75B4023,欣豐食品行,2012年第4季,0,公噸,0,公噸,0.002,公噸,0.048,公噸,完成核算,,,,,,,,,,,,,,,,,,,,,,,,,,,,,,
V75B3916,郭秋霖汽車修理廠,2012年第4季,0.016,公噸,0,公噸,0,公噸,0,公噸,完成核算,,,,,,,,,,,,,,,,,,,,,,,,,,,,,,
S2015390,磐豐企業有限公司,2012年第4季,0,公噸,0,公噸,0.048,公噸,0.033,公噸,完成核算,,,,,,,,,,,,,,,,,,,,,,,,,,,,,,
F0814320,日宏企業有限公司,2012年第4季,0,公噸,0,公噸,0,公噸,0.053,公噸,完成核算,,,,,,,,,,,,,,,,,,,,,,,,,,,,,,
C11A3054,東南興實業股份有限公司,2012年第4季,0,公噸,0.575,公噸,0,公噸,0,公噸,完成核算,,,,,,,,,,,,,,,,,,,,,,,,,,,,,,
V75B4033,東陽飯店有限公司台東分公司,2012年第3季,0,公噸,0,公噸,0.125,公噸,0.087,公噸,完成核算,,,,,,,,,,,,,,,,,,,,,,,,,,,,,,
V75B4023,欣豐食品行,2012年第3季,0,公噸,0,公噸,0.002,公噸,0.048,公噸,完成核算,,,,,,,,,,,,,,,,,,,,,,,,,,,,,,
V75B3916,郭秋霖汽車修理廠,2012年第3季,0.016,公噸,0,公噸,0,公噸,0,公噸,完成核算,,,,,,,,,,,,,,,,,,,,,,,,,,,,,,
S2015390,磐豐企業有限公司,2012年第3季,0,公噸,0,公噸,0.048,公噸,0.033,公噸,完成核算,,,,,,,,,,,,,,,,,,,,,,,,,,,,,,
F0814320,日宏企業有限公司,2012年第3季,0,公噸,0,公噸,0,公噸,0.049,公噸,完成核算,,,,,,,,,,,,,,,,,,,,,,,,,,,,,,
C11A3054,東南興實業股份有限公司,2012年第3季,0,公噸,3.275,公噸,0,公噸,0,公噸,完成核算,,,,,,,,,,,,,,,,,,,,,,,,,,,,,,
V75B4033,東陽飯店有限公司台東分公司,2012年第2季,0,公噸,0,公噸,0.114,公噸,0.079,公噸,完成核算,,,,,,,,,,,,,,,,,,,,,,,,,,,,,,
V75B4023,欣豐食品行,2012年第2季,0,公噸,0,公噸,0.002,公噸,0.048,公噸,完成核算,,,,,,,,,,,,,,,,,,,,,,,,,,,,,,
V75B3916,郭秋霖汽車修理廠,2012年第2季,0.02,公噸,0,公噸,0,公噸,0,公噸,完成核算,,,,,,,,,,,,,,,,,,,,,,,,,,,,,,
S2015390,磐豐企業有限公司,2012年第2季,0,公噸,0,公噸,0.048,公噸,0.033,公噸,完成核算,,,,,,,,,,,,,,,,,,,,,,,,,,,,,,
C11A3054,東南興實業股份有限公司,2012年第2季,0,公噸,3.136,公噸,0,公噸,0,公噸,完成核算,,,,,,,,,,,,,,,,,,,,,,,,,,,,,,
V75B4033,東陽飯店有限公司台東分公司,2012年第1季,0,公噸,0,公噸,0.137,公噸,0.095,公噸,完成核算,,,,,,,,,,,,,,,,,,,,,,,,,,,,,,
V75B4023,欣豐食品行,2012年第1季,0,公噸,0,公噸,0.002,公噸,0.047,公噸,完成核算,,,,,,,,,,,,,,,,,,,,,,,,,,,,,,
V75B3916,郭秋霖汽車修理廠,2012年第1季,0.02,公噸,0,公噸,0,公噸,0,公噸,完成核算,,,,,,,,,,,,,,,,,,,,,,,,,,,,,,
S2015390,磐豐企業有限公司,2012年第1季,0,公噸,0,公噸,0.048,公噸,0.033,公噸,完成核算,,,,,,,,,,,,,,,,,,,,,,,,,,,,,,
O17M3896,力晶積成電子製造股份有限公司P3,2012年第1季,0.663,公噸,0,公噸,0,公噸,0.708,公噸,完成核算,,,,,,,,,,,,,,,,,,,,,,,,,,,,,,
C11A3054,東南興實業股份有限公司,2012年第1季,0,公噸,0.339,公噸,0,公噸,0,公噸,完成核算,,,,,,,,,,,,,,,,,,,,,,,,,,,,,,
V75B4033,東陽飯店有限公司台東分公司,2011年第4季,0,公噸,0,公噸,0.103,公噸,0.071,公噸,完成核算,,,,,,,,,,,,,,,,,,,,,,,,,,,,,,
V75B4023,欣豐食品行,2011年第4季,0,公噸,0,公噸,0.002,公噸,0.048,公噸,完成核算,,,,,,,,,,,,,,,,,,,,,,,,,,,,,,
V75B3916,郭秋霖汽車修理廠,2011年第4季,0.016,公噸,0,公噸,0,公噸,0,公噸,完成核算,,,,,,,,,,,,,,,,,,,,,,,,,,,,,,
S2015390,磐豐企業有限公司,2011年第4季,0,公噸,0,公噸,0.048,公噸,0.033,公噸,完成核算,,,,,,,,,,,,,,,,,,,,,,,,,,,,,,
C11A3054,東南興實業股份有限公司,2011年第4季,0,公噸,0.575,公噸,0,公噸,0,公噸,完成核算,,,,,,,,,,,,,,,,,,,,,,,,,,,,,,
V75B4033,東陽飯店有限公司台東分公司,2011年第3季,0,公噸,0,公噸,0.091,公噸,0.063,公噸,完成核算,,,,,,,,,,,,,,,,,,,,,,,,,,,,,,
V75B4023,欣豐食品行,2011年第3季,0,公噸,0,公噸,0.002,公噸,0.048,公噸,完成核算,,,,,,,,,,,,,,,,,,,,,,,,,,,,,,
V75B3916,郭秋霖汽車修理廠,2011年第3季,0.02,公噸,0,公噸,0,公噸,0,公噸,完成核算,,,,,,,,,,,,,,,,,,,,,,,,,,,,,,
S2015390,磐豐企業有限公司,2011年第3季,0,公噸,0,公噸,0.048,公噸,0.033,公噸,完成核算,,,,,,,,,,,,,,,,,,,,,,,,,,,,,,
C11A3054,東南興實業股份有限公司,2011年第3季,0,公噸,3.06,公噸,0,公噸,0,公噸,完成核算,,,,,,,,,,,,,,,,,,,,,,,,,,,,,,
V75B4033,東陽飯店有限公司台東分公司,2011年第2季,0,公噸,0,公噸,0.137,公噸,0.095,公噸,完成核算,,,,,,,,,,,,,,,,,,,,,,,,,,,,,,
V75B4023,欣豐食品行,2011年第2季,0,公噸,0,公噸,0.002,公噸,0.048,公噸,完成核算,,,,,,,,,,,,,,,,,,,,,,,,,,,,,,
V75B3916,郭秋霖汽車修理廠,2011年第2季,0.014,公噸,0,公噸,0,公噸,0,公噸,完成核算,,,,,,,,,,,,,,,,,,,,,,,,,,,,,,
S2015390,磐豐企業有限公司,2011年第2季,0,公噸,0,公噸,0.048,公噸,0.033,公噸,完成核算,,,,,,,,,,,,,,,,,,,,,,,,,,,,,,
C11A3054,東南興實業股份有限公司,2011年第2季,0,公噸,3.182,公噸,0,公噸,0,公噸,完成核算,,,,,,,,,,,,,,,,,,,,,,,,,,,,,,
V75B4033,東陽飯店有限公司台東分公司,2011年第1季,0,公噸,0,公噸,0.137,公噸,0.095,公噸,完成核算,,,,,,,,,,,,,,,,,,,,,,,,,,,,,,
V75B4023,欣豐食品行,2011年第1季,0,公噸,0,公噸,0.002,公噸,0.047,公噸,完成核算,,,,,,,,,,,,,,,,,,,,,,,,,,,,,,
V75B3916,郭秋霖汽車修理廠,2011年第1季,0.02,公噸,0,公噸,0,公噸,0,公噸,完成核算,,,,,,,,,,,,,,,,,,,,,,,,,,,,,,
S2015390,磐豐企業有限公司,2011年第1季,0,公噸,0,公噸,0.048,公噸,0.033,公噸,完成核算,,,,,,,,,,,,,,,,,,,,,,,,,,,,,,
C11A3054,東南興實業股份有限公司,2011年第1季,0,公噸,0.371,公噸,0,公噸,0,公噸,完成核算,,,,,,,,,,,,,,,,,,,,,,,,,,,,,,
T5704717,鍇霖企業有限公司枋寮廠,2018年第4季,0,公噸,0.046,公噸,0,公噸,0,公噸,完成核算,0,公噸,0,公噸,0,公噸,0,公噸,0,公噸,0,公噸,0,公噸,0,公噸,0,公噸,0,公噸,0,公噸,0,公噸,0,公噸,0,公噸,0,公斤
S2300821,俊鼎機械廠股份有限公司,2018年第4季,0,公噸,0.034,公噸,0,公噸,0,公噸,完成核算,0,公噸,0,公噸,0,公噸,0,公噸,0,公噸,0,公噸,0,公噸,0,公噸,0,公噸,0,公噸,0,公噸,0,公噸,0,公噸,0,公噸,0,公斤
S2201207,台灣水泥股份公司鼓山水泥製品廠仁武分廠,2018年第4季,0,公噸,0.39,公噸,0,公噸,0,公噸,完成核算,0,公噸,0,公噸,0,公噸,0,公噸,0,公噸,0,公噸,0,公噸,0,公噸,0,公噸,0,公噸,0,公噸,0,公噸,0,公噸,0,公噸,0,公斤
S2015390,磐豐企業有限公司,2018年第4季,0,公噸,0,公噸,0,公噸,0,公噸,完成核算,0,公噸,0,公噸,0,公噸,0,公噸,0,公噸,0,公噸,0,公噸,0,公噸,0,公噸,0,公噸,0,公噸,0,公噸,0,公噸,0,公噸,0,公斤
R14A1803,建文實業有限公司,2018年第4季,0,公噸,0.035,公噸,0.001,公噸,0.007,公噸,完成核算,0,公噸,0,公噸,0,公噸,0,公噸,0,公噸,0,公噸,0,公噸,0,公噸,0,公噸,0,公噸,0,公噸,0,公噸,0,公噸,0,公噸,0,公斤
N3103664,福有全食品廠有限公司二廠,2018年第4季,0,公噸,0.025,公噸,0.001,公噸,0.072,公噸,完成核算,0,公噸,0,公噸,0,公噸,0,公噸,0,公噸,0,公噸,0,公噸,0,公噸,0,公噸,0,公噸,0,公噸,0,公噸,0,公噸,0,公噸,0,公斤
L98A0129,樹生休閒酒莊,2018年第4季,0,公噸,0,公噸,0,公噸,0.001,公噸,完成核算,0,公噸,0,公噸,0,公噸,0,公噸,0,公噸,0,公噸,0,公噸,0,公噸,0,公噸,0,公噸,0,公噸,0,公噸,0,公噸,0,公噸,0,公斤
L9501257,張雲傑畜牧場,2018年第4季,0,公噸,0.003,公噸,0,公噸,0.008,公噸,完成核算,0,公噸,0,公噸,0,公噸,0,公噸,0,公噸,0,公噸,0,公噸,0,公噸,0,公噸,0,公噸,0,公噸,0,公噸,0,公噸,0,公噸,0,公斤
L88A0848,大榮建築鋼架股份有限公司分廠,2018年第4季,3.217,公噸,0,公噸,0,公噸,0,公噸,完成核算,1.462,公噸,1.125,公噸,0,公噸,0,公噸,0,公噸,0,公噸,0,公噸,0,公噸,0,公噸,0,公噸,0,公噸,0,公噸,0,公噸,0,公噸,0,公斤
L8806128,羅得化學製藥股份有限公司,2018年第4季,0,公噸,0.002,公噸,0,公噸,0.006,公噸,完成核算,0,公噸,0,公噸,0,公噸,0,公噸,0,公噸,0,公噸,0,公噸,0,公噸,0,公噸,0,公噸,0,公噸,0,公噸,0,公噸,0,公噸,0,公斤
L03A0108,朝陽科技大學,2018年第4季,0,公噸,0.008,公噸,0,公噸,0.023,公噸,完成核算,0,公噸,0,公噸,0,公噸,0,公噸,0,公噸,0,公噸,0,公噸,0,公噸,0,公噸,0,公噸,0,公噸,0,公噸,0,公噸,0,公噸,0,公斤
L0001818,杉毅木業有限公司,2018年第4季,0,公噸,0,公噸,0,公噸,0,公噸,完成核算,0,公噸,0,公噸,0,公噸,0,公噸,0,公噸,0,公噸,0,公噸,0,公噸,0,公噸,0,公噸,0,公噸,0,公噸,0,公噸,0,公噸,0,公斤
K71B0092,希華晶體科技股份有限公司威華廠,2018年第4季,1.189,公噸,0,公噸,0,公噸,0,公噸,完成核算,0,公噸,0,公噸,0,公噸,0,公噸,0,公噸,0,公噸,0,公噸,0,公噸,0,公噸,0,公噸,0,公噸,0,公噸,0,公噸,0,公噸,0,公斤
J58A2253,富和有限公司,2018年第4季,0,公噸,4.822,公噸,0,公噸,0,公噸,完成核算,0,公噸,0,公噸,0,公噸,0,公噸,0,公噸,0,公噸,0,公噸,0,公噸,0,公噸,0,公噸,0,公噸,0,公噸,0,公噸,0,公噸,0,公斤
H53A6772,聰仲企業股份有限公司,2018年第4季,0.046,公噸,0,公噸,0,公噸,0,公噸,完成核算,0,公噸,0,公噸,0,公噸,0,公噸,0,公噸,0,公噸,0,公噸,0,公噸,0,公噸,0,公噸,0,公噸,0,公噸,0,公噸,0,公噸,0,公斤
H51A0140,凱悅銘企業股份有限公司,2018年第4季,2.249,公噸,0,公噸,0,公噸,0,公噸,完成申報,0.134,公噸,0.257,公噸,0,公噸,0,公噸,0,公噸,0,公噸,0,公噸,0,公噸,0,公噸,0,公噸,0,公噸,0,公噸,0,公噸,0,公噸,0,公斤
H45B7763,寶利環保有限公司,2018年第4季,0,公噸,0,公噸,0,公噸,0,公噸,完成核算,0,公噸,0,公噸,0,公噸,0,公噸,0,公噸,0,公噸,0,公噸,0,公噸,0,公噸,0,公噸,0,公噸,0,公噸,0,公噸,0,公噸,0,公斤
H4209803,大樹林屠宰場,2018年第4季,0,公噸,0.011,公噸,0.114,公噸,0.079,公噸,完成核算,0,公噸,0,公噸,0,公噸,0,公噸,0,公噸,0,公噸,0,公噸,0,公噸,0,公噸,0,公噸,0,公噸,0,公噸,0,公噸,0,公噸,0,公斤
G3903961,罡鼎有限公司成功廠,2018年第4季,1.836,公噸,0,公噸,0,公噸,0,公噸,完成核算,1.035,公噸,0.459,公噸,0,公噸,0,公噸,0,公噸,0,公噸,0,公噸,0,公噸,0,公噸,0,公噸,0,公噸,0,公噸,0,公噸,0,公噸,0,公斤
F0902629,瑞立化學製藥股份有限公司,2018年第4季,0,公噸,0.001,公噸,0,公噸,0.004,公噸,完成核算,0,公噸,0,公噸,0,公噸,0,公噸,0,公噸,0,公噸,0,公噸,0,公噸,0,公噸,0,公噸,0,公噸,0,公噸,0,公噸,0,公噸,0,公斤
F06A9290,精能光學股份有限公司,2018年第4季,0.808,公噸,0,公噸,0,公噸,0,公噸,完成核算,0.014,公噸,0,公噸,0,公噸,0,公噸,0,公噸,0,公噸,0,公噸,0,公噸,0,公噸,0,公噸,0,公噸,0,公噸,0,公噸,0,公噸,0,公斤
F04C2941,彩之坊科技股份有限公司,2018年第4季,9.017,公噸,0,公噸,0,公噸,0,公噸,核算確認中,0.58,公噸,0,公噸,0,公噸,0,公噸,0,公噸,0,公噸,0,公噸,0,公噸,0,公噸,0,公噸,0,公噸,0,公噸,0,公噸,0,公噸,0,公斤
E56B2298,豪駿遊艇股份有限公司,2018年第4季,0,公噸,0,公噸,0,公噸,0,公噸,完成核算,0,公噸,0,公噸,0,公噸,0,公噸,0,公噸,0,公噸,0,公噸,0,公噸,0,公噸,0,公噸,0,公噸,0,公噸,0,公噸,0,公噸,0,公斤
E56B2268,強生遊艇股份有限公司,2018年第4季,1.177,公噸,0,公噸,0,公噸,0,公噸,完成核算,0.084,公噸,0.093,公噸,0,公噸,0.013,公噸,0.304,公噸,0,公噸,0,公噸,0,公噸,0,公噸,0,公噸,0,公噸,0,公噸,0,公噸,0,公噸,0,公斤
E5601553,東剛機器工程股份有限公司,2018年第4季,0,公噸,0,公噸,0,公噸,0.005,公噸,完成核算,0,公噸,0,公噸,0,公噸,0,公噸,0,公噸,0,公噸,0,公噸,0,公噸,0,公噸,0,公噸,0,公噸,0,公噸,0,公噸,0,公噸,0,公斤
E3100786,盈益船舶有限公司,2018年第4季,1.223,公噸,0,公噸,0,公噸,0,公噸,完成核算,0,公噸,0,公噸,0,公噸,0,公噸,1.169,公噸,0,公噸,0,公噸,0,公噸,0,公噸,0,公噸,0,公噸,0,公噸,0,公噸,0,公噸,0,公斤
B99A0920,優特斯工業股份有限公司,2018年第4季,0.507,公噸,0.002,公噸,0,公噸,0,公噸,完成核算,0,公噸,0,公噸,0,公噸,0,公噸,0,公噸,0,公噸,0,公噸,0,公噸,0,公噸,0,公噸,0,公噸,0,公噸,0,公噸,0,公噸,0,公斤
B9801970,絳銓工業有限公司,2018年第4季,0.81,公噸,0.008,公噸,0.086,公噸,0.059,公噸,完成核算,0.007,公噸,0.007,公噸,0,公噸,0,公噸,0,公噸,0,公噸,0,公噸,0,公噸,0,公噸,0,公噸,0,公噸,0,公噸,0,公噸,0,公噸,0,公斤
B9600795,超吉有限公司,2018年第4季,0,公噸,0.026,公噸,0,公噸,0,公噸,完成核算,0,公噸,0,公噸,0,公噸,0,公噸,0,公噸,0,公噸,0,公噸,0,公噸,0,公噸,0,公噸,0,公噸,0,公噸,0,公噸,0,公噸,0,公斤
B9506256,凱得森傢俱有限公司大雅廠,2018年第4季,0.077,公噸,0,公噸,0,公噸,0,公噸,完成核算,0,公噸,0,公噸,0,公噸,0,公噸,0,公噸,0,公噸,0,公噸,0,公噸,0,公噸,0,公噸,0,公噸,0,公噸,0,公噸,0,公噸,0,公斤
B9506229,明琦彩色印刷股份有限公司二廠,2018年第4季,0.373,公噸,0,公噸,0,公噸,0,公噸,完成核算,0.05,公噸,0.064,公噸,0,公噸,0,公噸,0,公噸,0,公噸,0,公噸,0,公噸,0,公噸,0,公噸,0,公噸,0,公噸,0,公噸,0,公噸,0,公斤
B9504592,連發木器有限公司,2018年第4季,0,公噸,0,公噸,0,公噸,0,公噸,完成核算,0,公噸,0,公噸,0,公噸,0,公噸,0,公噸,0,公噸,0,公噸,0,公噸,0,公噸,0,公噸,0,公噸,0,公噸,0,公噸,0,公噸,0,公斤
B9504565,詮益木業有限公司,2018年第4季,0,公噸,0.002,公噸,0,公噸,0,公噸,完成核算,0,公噸,0,公噸,0,公噸,0,公噸,0,公噸,0,公噸,0,公噸,0,公噸,0,公噸,0,公噸,0,公噸,0,公噸,0,公噸,0,公噸,0,公斤
B9306498,松軒塑膠企業有限公司,2018年第4季,0.259,公噸,0.002,公噸,0,公噸,0,公噸,完成核算,0,公噸,0,公噸,0,公噸,0,公噸,0,公噸,0,公噸,0,公噸,0,公噸,0,公噸,0,公噸,0,公噸,0,公噸,0,公噸,0,公噸,0,公斤
B9306489,立信實業股份有限公司,2018年第4季,0.312,公噸,0,公噸,0,公噸,0,公噸,完成核算,0,公噸,0,公噸,0,公噸,0,公噸,0,公噸,0,公噸,0,公噸,0,公噸,0,公噸,0,公噸,0,公噸,0,公噸,0,公噸,0,公噸,0,公斤
B9306470,達鎂塑膠實業有限公司,2018年第4季,0.032,公噸,0,公噸,0,公噸,0,公噸,完成核算,0,公噸,0,公噸,0,公噸,0,公噸,0,公噸,0,公噸,0,公噸,0,公噸,0,公噸,0,公噸,0,公噸,0,公噸,0,公噸,0,公噸,0,公斤
B9306461,湧臻實業有限公司,2018年第4季,0.044,公噸,0,公噸,0,公噸,0,公噸,完成核算,0,公噸,0,公噸,0,公噸,0,公噸,0,公噸,0,公噸,0,公噸,0,公噸,0,公噸,0,公噸,0,公噸,0,公噸,0,公噸,0,公噸,0,公斤
B9306434,祝噯吃實業有限公司,2018年第4季,0,公噸,0.002,公噸,0.004,公噸,0.054,公噸,完成核算,0,公噸,0,公噸,0,公噸,0,公噸,0,公噸,0,公噸,0,公噸,0,公噸,0,公噸,0,公噸,0,公噸,0,公噸,0,公噸,0,公噸,0,公斤
B9306425,昌鴻工業股份有限公司,2018年第4季,4.297,公噸,0,公噸,0,公噸,0,公噸,完成核算,1.743,公噸,1.668,公噸,0,公噸,0,公噸,0,公噸,0,公噸,0,公噸,0,公噸,0,公噸,0,公噸,0,公噸,0,公噸,0,公噸,0,公噸,0,公斤
B9306407,政吉商行,2018年第4季,0,公噸,0.001,公噸,0.01,公噸,0.007,公噸,完成核算,0,公噸,0,公噸,0,公噸,0,公噸,0,公噸,0,公噸,0,公噸,0,公噸,0,公噸,0,公噸,0,公噸,0,公噸,0,公噸,0,公噸,0,公斤
B9306390,明德工業有限公司,2018年第4季,0.059,公噸,0,公噸,0,公噸,0,公噸,完成核算,0.011,公噸,0.003,公噸,0,公噸,0,公噸,0,公噸,0,公噸,0,公噸,0,公噸,0,公噸,0,公噸,0,公噸,0,公噸,0,公噸,0,公噸,0,公斤
B9306381,林協順加工廠,2018年第4季,0,公噸,0,公噸,0,公噸,0,公噸,完成核算,0,公噸,0,公噸,0,公噸,0,公噸,0,公噸,0,公噸,0,公噸,0,公噸,0,公噸,0,公噸,0,公噸,0,公噸,0,公噸,0,公噸,0,公斤
B9304332,寶麗行,2018年第4季,0.284,公噸,0,公噸,0,公噸,0,公噸,完成核算,0,公噸,0.284,公噸,0,公噸,0,公噸,0,公噸,0,公噸,0,公噸,0,公噸,0,公噸,0,公噸,0,公噸,0,公噸,0,公噸,0,公噸,0,公斤
B9304305,圜鴻合板工廠,2018年第4季,1.86,公噸,0,公噸,0,公噸,0,公噸,完成核算,0,公噸,0,公噸,0,公噸,0,公噸,0,公噸,0,公噸,0,公噸,0,公噸,0,公噸,0,公噸,0,公噸,0,公噸,0,公噸,0,公噸,0,公斤
B9302918,協源宬印刷實業社,2018年第4季,0.04,公噸,0,公噸,0,公噸,0,公噸,完成核算,0.018,公噸,0.004,公噸,0,公噸,0,公噸,0,公噸,0,公噸,0,公噸,0,公噸,0,公噸,0,公噸,0,公噸,0,公噸,0,公噸,0,公噸,0,公斤
B9202137,星月大地休閒事業股份有限公司,2018年第4季,0,公噸,0,公噸,0,公噸,0,公噸,完成核算,0,公噸,0,公噸,0,公噸,0,公噸,0,公噸,0,公噸,0,公噸,0,公噸,0,公噸,0,公噸,0,公噸,0,公噸,0,公噸,0,公噸,0,公斤
B9105213,鼎三企業股份有限公司,2018年第4季,0.056,公噸,0,公噸,0,公噸,0,公噸,完成核算,0,公噸,0,公噸,0,公噸,0,公噸,0,公噸,0,公噸,0,公噸,0,公噸,0,公噸,0,公噸,0,公噸,0,公噸,0,公噸,0,公噸,0,公斤
B9103264,建新國際股份有限公司,2018年第4季,0,公噸,4.718,公噸,0,公噸,0,公噸,完成核算,0,公噸,0,公噸,0,公噸,0,公噸,0,公噸,0,公噸,0,公噸,0,公噸,0,公噸,0,公噸,0,公噸,0,公噸,0,公噸,0,公噸,0,公斤
B8905693,上渼塑膠有限公司,2018年第4季,1.721,公噸,0,公噸,0,公噸,0,公噸,完成核算,0.757,公噸,0.103,公噸,0,公噸,0,公噸,0,公噸,0,公噸,0,公噸,0,公噸,0,公噸,0,公噸,0,公噸,0,公噸,0,公噸,0,公噸,0,公斤
B8608162,合船企業有限公司,2018年第4季,0.436,公噸,0,公噸,0.001,公噸,0.011,公噸,完成核算,0,公噸,0.073,公噸,0,公噸,0,公噸,0,公噸,0,公噸,0,公噸,0,公噸,0,公噸,0,公噸,0,公噸,0,公噸,0,公噸,0,公噸,0,公斤
B8608135,東隆印刷有限公司,2018年第4季,0,公噸,0,公噸,0,公噸,0,公噸,完成核算,0,公噸,0,公噸,0,公噸,0,公噸,0,公噸,0,公噸,0,公噸,0,公噸,0,公噸,0,公噸,0,公噸,0,公噸,0,公噸,0,公噸,0,公斤
B8608108,燒魚子商行,2018年第4季,0,公噸,0,公噸,0,公噸,0.001,公噸,完成核算,0,公噸,0,公噸,0,公噸,0,公噸,0,公噸,0,公噸,0,公噸,0,公噸,0,公噸,0,公噸,0,公噸,0,公噸,0,公噸,0,公噸,0,公斤
B8607834,辰崟有限公司,2018年第4季,0.072,公噸,0,公噸,0,公噸,0,公噸,完成核算,0,公噸,0,公噸,0,公噸,0,公噸,0,公噸,0,公噸,0,公噸,0,公噸,0,公噸,0,公噸,0,公噸,0,公噸,0,公噸,0,公噸,0,公斤
B8605741,旭?工業股份有限公司,2018年第4季,0.065,公噸,0.097,公噸,0.127,公噸,0.087,公噸,完成核算,0,公噸,0,公噸,0,公噸,0,公噸,0,公噸,0,公噸,0,公噸,0,公噸,0,公噸,0,公噸,0,公噸,0,公噸,0,公噸,0,公噸,0.002,公斤
B24C2402,臺中市立黎明國民中學,2018年第4季,0,公噸,0.005,公噸,0,公噸,0.013,公噸,完成核算,0,公噸,0,公噸,0,公噸,0,公噸,0,公噸,0,公噸,0,公噸,0,公噸,0,公噸,0,公噸,0,公噸,0,公噸,0,公噸,0,公噸,0,公斤
