MeasureId,MeasureLocation,MeasureDate,County,Township,MeasureAddress,RadiatorTypeName,PowerDensityMax,ItemUnit,Legal
C00868,北寧路2號對面,2019-10-22,基隆市,中正區,北寧路2號對面,落地型變壓器,1.12,mG,True
C00867,信一路16號對面,2019-07-05,基隆市,信義區,信一路16號對面,落地型變壓器,9.8,mG,True
F01498,蘆洲中山一路基地台,2019-10-25,新北市,蘆洲區,中山一路417號,手機基地臺,0.004613,mW/cm<sup>2</sup>,True
C00849,信二路268號(衛生福利部基隆醫院),2019-12-03,基隆市,信義區,信二路268號,無線區域網路(Wi-Fi),1.2E-07,mW/cm<sup>2</sup>,True
C00848,信二路176號(基隆市地政事務所),2019-12-03,基隆市,信義區,信二路176號,無線區域網路(Wi-Fi),1.9E-07,mW/cm<sup>2</sup>,True
A01361,大同區延平北路2段202樓頂廣播電臺,2019-12-17,臺北市,大同區,延平北路2段202號,FM廣播電臺,0.008,mW/cm<sup>2</sup>,True
A01360,中正區杭州南路15-1號廣播電臺,2019-12-17,臺北市,中正區,杭州南路一段15之一號,FM廣播電臺,0.0089,mW/cm<sup>2</sup>,True
C00847,信二路157號(基隆市稅務局信義分局),2019-12-03,基隆市,信義區,信二路157號,無線區域網路(Wi-Fi),2.5E-07,mW/cm<sup>2</sup>,True
C00872,北寧路242之2號對面,2019-10-22,基隆市,中正區,北寧路242-2號對面,落地型變壓器,0.36,mG,True
A01362,中正區羅斯福路2段100號頂樓屋凸廣播電臺,2019-12-16,臺北市,中正區,羅斯福路二段100號,FM廣播電臺,0.0111,mW/cm<sup>2</sup>,True
C00871,北寧路252巷6之10號對面,2019-10-22,基隆市,中正區,北寧路252巷6-10號對面,落地型變壓器,0.47,mG,True
C00870,北寧路69-1號圓環旁,2019-10-22,基隆市,中正區,北寧路69-1號,落地型變壓器,1.02,mG,True
C00869,北寧路69-1號旁,2019-10-22,基隆市,中正區,北寧路69-1號旁,落地型變壓器,0.58,mG,True
C00865,東信路324號對面,2019-07-05,基隆市,信義區,東信路324號對面,落地型變壓器,6.2,mG,True
C00861,東信路314號對面,2019-06-28,基隆市,信義區,東信路314號對面,落地型變壓器,10.8,mG,True
C00860,東信路294號對面,2019-06-28,基隆市,信義區,東信路294號對面,落地型變壓器,11.4,mG,True
F01504,亞洲廣播電臺(三峽無線電廣播廣播站),2019-11-29,新北市,三峽區,中埔段224-3號,FM廣播電臺,0.01175,mW/cm<sup>2</sup>,True
C00845,東勢街2號(暖暖區公所),2019-12-18,基隆市,暖暖區,東勢街2號,無線區域網路(Wi-Fi),2E-07,mW/cm<sup>2</sup>,True
C00842,觀海街136.138號(全家便利商店),2019-12-02,基隆市,中正區,觀海街136.138號,無線區域網路(Wi-Fi),2E-07,mW/cm<sup>2</sup>,True
C00840,愛四路56號(全家便利商店),2019-12-02,基隆市,仁愛區,愛四路56號,無線區域網路(Wi-Fi),3.4E-05,mW/cm<sup>2</sup>,True
C00839,過港路254號(全家便利商店),2019-12-02,基隆市,暖暖區,過港路254號,無線區域網路(Wi-Fi),2E-07,mW/cm<sup>2</sup>,True
C00838,源遠路189號(全家便利商店),2019-12-02,基隆市,暖暖區,源遠路189號,無線區域網路(Wi-Fi),1.2E-07,mW/cm<sup>2</sup>,True
C00837,碇內街188-9號(全家便利商店),2019-12-02,基隆市,暖暖區,碇內街188-9號,無線區域網路(Wi-Fi),2E-07,mW/cm<sup>2</sup>,True
F01495,泰山楓江路基地台,2019-10-23,新北市,泰山區,楓江路110號,手機基地臺,0.007848,mW/cm<sup>2</sup>,True
C00846,信二路178號(信義郵局),2019-12-03,基隆市,信義區,信二路178號,無線區域網路(Wi-Fi),1.7E-07,mW/cm<sup>2</sup>,True
Q10369,水上鄉龍德村旁基地台手機基地台,2019-12-12,嘉義縣,水上鄉,水上鄉龍德村旁,手機基地臺,0.0014,mW/cm<sup>2</sup>,True
Q10368,水上鄉中庄村中庄281號旁手機基地台,2019-12-18,嘉義縣,太保市,水上鄉中庄村中庄281號旁,手機基地臺,0.0007,mW/cm<sup>2</sup>,True
C00844,信二路236-3號(全家便利商店),2019-12-02,基隆市,信義區,信二路236-3號,無線區域網路(Wi-Fi),2E-07,mW/cm<sup>2</sup>,True
F01484,中和變電所,2019-10-25,新北市,中和區,南工路1號,變電所,32.02,mG,True
C00841,義二路34號(全家便利商店),2019-12-02,基隆市,中正區,義二路34號,無線區域網路(Wi-Fi),2E-07,mW/cm<sup>2</sup>,True
C00835,暖暖街163號(全家便利商店),2019-12-02,基隆市,暖暖區,暖暖街163號,無線區域網路(Wi-Fi),2E-07,mW/cm<sup>2</sup>,True
Q10367,太保市管事厝5號旁電線桿基地台,2019-12-11,嘉義縣,太保市,太保市管事厝5號旁,手機基地臺,0.0124,mW/cm<sup>2</sup>,True
F01482,埔墘變電所,2019-10-24,新北市,板橋區,三民路二段249號,變電所,50.19,mG,True
Q10363,六腳鄉雙涵堤防1+500K處手機基地台,2019-12-11,嘉義縣,六腳鄉,六腳鄉雙涵堤防1+500K,手機基地臺,0.0005,mW/cm<sup>2</sup>,True
F01481,景星變電所,2019-10-24,新北市,板橋區,四川路一段287號,變電所,15.17,mG,True
F01480,社后變電所,2019-10-24,新北市,板橋區,幸福里16鄰新海路135巷2號,變電所,12.71,mG,True
F01479,江翠變電所,2019-10-24,新北市,板橋區,雙十路3段25號,變電所,15.6,mG,True
J01034,竹北市莊敬七街與勝利十二街口_落地型變電箱量測,2019-11-04,新竹縣,竹北市,莊敬七街與勝利十二街口,落地型變壓器,2.155,mG,True
J01033,竹北市十興路一段616號_落地型變電箱量測,2019-11-04,新竹縣,竹北市,十興路一段616號,落地型變壓器,3.388,mG,True
J01032,竹北市十興二街與嘉興一街口_落地型變電箱量測,2019-11-04,新竹縣,竹北市,十興二街與嘉興一街口,落地型變壓器,3.613,mG,True
J01031,竹北市十興三街與嘉興一街口_落地型變電箱量測,2019-11-04,新竹縣,竹北市,十興三街與嘉興一街口,落地型變壓器,2.723,mG,True
T00738,培正托兒所旁落地型變壓器,2019-12-10,屏東縣,屏東市,民學路東段91號,落地型變壓器,94.6,mG,True
T00734,上上牙醫前落地型變壓器,2019-12-17,屏東縣,屏東市,民學路38號,落地型變壓器,30.6,mG,True
J01030,竹北市十興三街與嘉興路口_落地型變電箱量測,2019-11-04,新竹縣,竹北市,十興三街與嘉興路口,落地型變壓器,3.661,mG,True
J01029,竹北市十興五街與嘉興三街口_落地型變電箱量測,2019-11-04,新竹縣,竹北市,十興五街與嘉興三街口,落地型變壓器,1.882,mG,True
J01028,竹北市十興路一段257號對面_落地型變電箱量測,2019-11-04,新竹縣,竹北市,十興路一段257號對面,落地型變壓器,2.966,mG,True
J01027,竹北市十興路一段237號對面_落地型變電箱量測,2019-11-04,新竹縣,竹北市,十興路一段237號對面,落地型變壓器,2.4,mG,True
F01485,信南變電所,2019-10-25,新北市,中和區,景福里和平街33號,變電所,2.577,mG,True
C00836,暖暖街461號(全家便利商店),2019-12-02,基隆市,暖暖區,暖暖街461號,無線區域網路(Wi-Fi),3E-07,mW/cm<sup>2</sup>,True
Q10366,太保市前潭里加走埤基手機基地台,2019-12-11,嘉義縣,太保市,太保市前潭里加走埤旁,手機基地臺,0.00249,mW/cm<sup>2</sup>,True
Q10365,太保市空軍基地後方手機基地台,2019-12-18,嘉義縣,太保市,太保市空軍基地後方,手機基地臺,0.0036,mW/cm<sup>2</sup>,True
T00737,民學路15巷口落地型變壓器,2019-12-10,屏東縣,屏東市,民學路15號,落地型變壓器,57.9,mG,True
F01478,茄冬變電所,2019-10-24,新北市,汐止區,茄苳路183號,變電所,16.85,mG,True
F01476,南港變電所,2019-10-22,新北市,汐止區,樟樹里12鄰大同路一段275號,變電所,26.53,mG,True
J01026,竹北市環北路243巷10號對面_落地型變電箱量測,2019-11-04,新竹縣,竹北市,環北路243巷10號對面,落地型變壓器,3.279,mG,True
F01483,秀朗變電所,2019-10-25,新北市,永和區,永元里1鄰秀朗路二段40號,變電所,17.5,mG,True
Q10364,太保市東勢寮福興宮旁手機基地台,2019-12-11,嘉義縣,太保市,太保市東勢寮福興宮旁,手機基地臺,0.0229,mW/cm<sup>2</sup>,True
J01039,竹北市中正東路51號前_落地型變電箱量測,2019-11-05,新竹縣,竹北市,中正東路51號前,落地型變壓器,2.758,mG,True
J01038,竹北市文采街183號左前方_落地型變電箱量測,2019-11-05,新竹縣,竹北市,文采街183號左前方,落地型變壓器,3.002,mG,True
J01037,竹北市三民路417號前_落地型變電箱量測,2019-11-05,新竹縣,竹北市,三民路417號前,落地型變壓器,3.124,mG,True
J01036,竹北市勝利十一路113號前_落地型變電箱量測,2019-11-04,新竹縣,竹北市,勝利十一路113號前,落地型變壓器,2.834,mG,True
J01035,竹北市勝利十一路121號前_落地型變電箱量測,2019-11-04,新竹縣,竹北市,勝利十一路121號前,落地型變壓器,2.324,mG,True
T00736,中正國中大門西測落地型變壓器,2019-12-10,屏東縣,屏東市,民學路2號,落地型變壓器,5.6,mG,True
T00735,民學路16、41巷口落地型變壓器,2019-12-17,屏東縣,屏東市,民學路16號,落地型變壓器,26.3,mG,True
T00733,名學軒前落地型變壓器,2019-12-10,屏東縣,屏東市,民學路58巷10號,落地型變壓器,12.8,mG,True
F01477,汐止變電所,2019-10-23,新北市,汐止區,八連里5鄰八連路1段208號,變電所,40.58,mG,True
A01358,大安區和平東路2段24號12樓廣播電臺,2019-12-09,臺北市,大安區,和平東路二段24號12樓,FM廣播電臺,0.0089,mW/cm<sup>2</sup>,True
T00732,民學路84號對面落地型變壓器,2019-12-10,屏東縣,屏東市,民學路84號,落地型變壓器,26.4,mG,True
T00731,填寫報告名稱(例如:大樓世紀基地台量測)，最多50個中文字屏榮高中大門前落地型變壓器,2019-12-10,屏東縣,屏東市,民學路100號,落地型變壓器,2.6,mG,True
F01474,興珍變電所,2019-10-22,新北市,五股區,興珍村1鄰五權路42號,變電所,8.756,mG,True
F01473,宏安變電所,2019-10-22,新北市,泰山區,義仁村30鄰文程路161號,變電所,24.77,mG,True
F01472,東林變電所,2019-10-22,新北市,林口區,工二區工四路20-1號,變電所,6.091,mG,True
F01471,樹林變電所,2019-10-21,新北市,樹林區,備前街130號,變電所,17.92,mG,True
F01470,樹安變電所,2019-10-21,新北市,樹林區,大安路84號,變電所,26.65,mG,True
J01022,竹北中正西路1783號旁_落地型變電箱量測,2019-11-04,新竹縣,竹北市,中正西路1783號,落地型變壓器,5.011,mG,True
J01021,竹北中正西路1562號旁_落地型變電箱量測,2019-11-04,新竹縣,竹北市,中正西路1562號,落地型變壓器,5.538,mG,True
F01469,樹德變電所,2019-10-21,新北市,樹林區,羌寮里18鄰中正路280號,變電所,33.34,mG,True
F01467,介壽變電所,2019-10-21,新北市,三峽區,介壽路一段422號,變電所,13.94,mG,True
J01016,全家便利商店_竹北縣政店_無線區域網路(Wi-Fi)量測,2019-12-03,新竹縣,竹北市,縣政二路396號,無線區域網路(Wi-Fi),3.371252E-06,mW/cm<sup>2</sup>,True
J01020,竹北中正西路1841號旁_落地型變電箱量測,2019-11-04,新竹縣,竹北市,中正西路1841號,落地型變壓器,5.067,mG,True
J01019,7-11便利商店_昌春門市_無線區域網路(Wi-Fi)量測,2019-12-03,新竹縣,竹東鎮,長春路三段26號,無線區域網路(Wi-Fi),1.203144E-06,mW/cm<sup>2</sup>,True
J01018,全家便利商店_上舜門市_無線區域網路(Wi-Fi)量測,2019-12-03,新竹縣,竹東鎮,光明路261號,無線區域網路(Wi-Fi),1.861021E-06,mW/cm<sup>2</sup>,True
J01017,竹東鎮竹美路二段266號旁基地台量測,2019-12-03,新竹縣,竹東鎮,竹美路二段266號,手機基地臺,3.540587E-06,mW/cm<sup>2</sup>,True
J01015,竹北市興隆大橋旁基地台量測,2019-12-03,新竹縣,竹北市,興隆大橋旁,手機基地臺,4.477894E-06,mW/cm<sup>2</sup>,True
P10439,斗南鎮新南里_手機基地台,2019-11-12,雲林縣,斗南鎮,斗南鎮新南里,手機基地臺,0.00103,mW/cm<sup>2</sup>,True
P10438,褒忠鄉龍岩村_手機基地台,2019-11-28,雲林縣,褒忠鄉,褒忠鄉龍岩村,手機基地臺,0.00663,mW/cm<sup>2</sup>,True
P10437,土庫鎮后埔里_手機基地台,2019-11-25,雲林縣,土庫鎮,土庫鎮后埔里,手機基地臺,0.00477,mW/cm<sup>2</sup>,True
P10430,北港鎮台糖冰品部中央公路右側_落地型變壓器(K0915 DA9493),2019-11-25,雲林縣,北港鎮,北港鎮台糖冰品部中央公路右側,落地型變壓器,1.536,mG,True
P10427,斗南鎮西伯里之2_手機基地台,2019-11-21,雲林縣,斗南鎮,斗南鎮西伯里,手機基地臺,0.00566,mW/cm<sup>2</sup>,True
F01466,三鶯變電所,2019-10-21,新北市,三峽區,中正路一段6 4 號,變電所,11.24,mG,True
P10435,元長鄉下寮村_手機基地台,2019-11-25,雲林縣,元長鄉,元長鄉下寮村,手機基地臺,0.00587,mW/cm<sup>2</sup>,True
P10434,北港鎮北港運動公園旁_落地型變壓器(K0916 HE90),2019-11-25,雲林縣,北港鎮,北港鎮北港運動公園旁,落地型變壓器,1.706,mG,True
P10433,北港鎮鎮立圖書館前_落地型變壓器(K1017 AA55),2019-11-25,雲林縣,北港鎮,北港鎮北辰路2-5號前,落地型變壓器,1.261,mG,True
P10431,北港鎮麥當勞南側_落地型變壓器(K0915 FD01),2019-11-25,雲林縣,北港鎮,雲林縣北港鎮華南路60號,落地型變壓器,6.139,mG,True
P10429,虎尾鎮東屯里_手機基地台,2019-11-21,雲林縣,虎尾鎮,虎尾鎮東屯里,手機基地臺,0.0019,mW/cm<sup>2</sup>,True
P10428,土庫鎮78線快速道路東巷入口_手機基地台,2019-11-21,雲林縣,土庫鎮,土庫鎮78線快速道路東巷入口,手機基地臺,0.00156,mW/cm<sup>2</sup>,True
P10426,斗南鎮西伯里之1_手機基地台,2019-11-29,雲林縣,斗南鎮,斗南鎮西伯里,手機基地臺,0.00432,mW/cm<sup>2</sup>,True
P10425,斗南鎮林子里_手機基地台,2019-11-21,雲林縣,斗南鎮,斗南鎮林子里,手機基地臺,0.00251,mW/cm<sup>2</sup>,True
P10422,古坑鄉永光村_手機基地台,2019-11-14,雲林縣,古坑鄉,古坑鄉永光村,手機基地臺,0.00156,mW/cm<sup>2</sup>,True
P10421,斗六市明德里_手機基地台,2019-11-14,雲林縣,斗六市,斗六市明德里,手機基地臺,0.0043,mW/cm<sup>2</sup>,True
P10440,大埤鄉尚義村_手機基地台,2019-11-12,雲林縣,大埤鄉,大埤鄉尚義村,手機基地臺,0.00037,mW/cm<sup>2</sup>,True
P10424,古坑鄉牧蜂故事館後方_手機基地台,2019-11-14,雲林縣,古坑鄉,古坑鄉牧蜂故事館後方,手機基地臺,0.00323,mW/cm<sup>2</sup>,True
P10423,古坑鄉永昌村_手機基地台,2019-11-14,雲林縣,古坑鄉,古坑鄉永昌村,手機基地臺,0.00057,mW/cm<sup>2</sup>,True
U10609,周耳鼻喉科wi-fi量測,2019-11-26,花蓮縣,花蓮市,中山路747號,無線區域網路(Wi-Fi),0.0003,mW/cm<sup>2</sup>,True
U10608,花市農會信用部自強分部wi-fi量測,2019-11-26,花蓮縣,花蓮市,富國路20號,無線區域網路(Wi-Fi),0.0018,mW/cm<sup>2</sup>,True
U10607,花蓮市中山路547-2號(全家)wi-fi量測,2019-11-26,花蓮縣,花蓮市,中山路547-2號,無線區域網路(Wi-Fi),0.0028,mW/cm<sup>2</sup>,True
U10606,花蓮市農會花商分部,2019-11-26,花蓮縣,花蓮市,中山路547號,無線區域網路(Wi-Fi),0.0004,mW/cm<sup>2</sup>,True
U10605,海星高中wi-fi量測,2019-11-26,花蓮縣,新城鄉,嘉新路36號,無線區域網路(Wi-Fi),0.0003,mW/cm<sup>2</sup>,True
P10418,斗南鎮延平路二段601號前_落地型變壓器(K3237 BC12),2019-11-01,雲林縣,斗南鎮,斗南鎮延平路二段601號,落地型變壓器,6.083,mG,True
J01013,7-11便利商店_宏橋門市_無線區域網路(Wi-Fi)量測,2019-10-29,新竹縣,湖口鄉,工業一路7號,無線區域網路(Wi-Fi),2.596432E-06,mW/cm<sup>2</sup>,True
F01475,五股變電所,2019-10-22,新北市,五股區,工商路123號,變電所,25.72,mG,True
J01025,竹北市環北路二段529號對面_落地型變電箱量測,2019-11-04,新竹縣,竹北市,環北路二段529號,落地型變壓器,4.194,mG,True
Q10361,飛碟民生展望電台 [90.5MHz],2019-10-28,嘉義縣,民雄鄉,虎尾寮31號,FM廣播電臺,0.00465,mW/cm<sup>2</sup>,True
P10415,西螺鎮健民跆拳道館旁_落地型變壓器(K3165A CE38),2019-10-31,雲林縣,西螺鎮,西螺鎮光復東路51號旁,落地型變壓器,3.47,mG,True
F01468,鶯北變電所,2019-10-21,新北市,樹林區,民和巷13號,變電所,20.99,mG,True
J01023,竹北中正西路1377號旁_落地型變電箱量測,2019-11-04,新竹縣,竹北市,中正西路1377號,落地型變壓器,3.192,mG,True
C00843,觀海街61號(全家便利商店),2019-12-02,基隆市,中正區,觀海街61號,無線區域網路(Wi-Fi),2E-07,mW/cm<sup>2</sup>,True
J01024,竹北中正西路1538號旁_落地型變電箱量測,2019-11-04,新竹縣,竹北市,中正西路1538號,落地型變壓器,4.054,mG,True
J01012,OK便利商店_關西東光店_無線區域網路(Wi-Fi)量測,2019-10-31,新竹縣,關西鎮,十六張111號,無線區域網路(Wi-Fi),2.589218E-06,mW/cm<sup>2</sup>,True
J01011,7-11便利商店_新庄子門市_無線區域網路(Wi-Fi)量測,2019-10-29,新竹縣,新豐鄉,建興路二段752號,無線區域網路(Wi-Fi),1.89993E-06,mW/cm<sup>2</sup>,True
J01010,7-11便利商店_冠華門市_無線區域網路(Wi-Fi)量測,2019-11-04,新竹縣,新豐鄉,圓山148之2號,無線區域網路(Wi-Fi),1.937162E-06,mW/cm<sup>2</sup>,True
J01009,7-11便利商店_源威門市_無線區域網路(Wi-Fi)量測,2019-11-04,新竹縣,湖口鄉,光華路666號,無線區域網路(Wi-Fi),1.918501E-06,mW/cm<sup>2</sup>,True
J01008,7-11便利商店_湖口門市_無線區域網路(Wi-Fi)量測,2019-10-29,新竹縣,湖口鄉,中正路一段36號,無線區域網路(Wi-Fi),1.830588E-06,mW/cm<sup>2</sup>,True
J01007,7-11便利商店_湖山門市_無線區域網路(Wi-Fi)量測,2019-10-29,新竹縣,湖口鄉,中山路三段489號,無線區域網路(Wi-Fi),2.510527E-06,mW/cm<sup>2</sup>,True
J01005,7-11便利商店_菓族門市_無線區域網路(Wi-Fi)量測,2019-10-28,新竹縣,竹東鎮,民族路66號,無線區域網路(Wi-Fi),2.214567E-06,mW/cm<sup>2</sup>,True
J01004,7-11便利商店_寶山門市_無線區域網路(Wi-Fi)量測,2019-10-28,新竹縣,竹東鎮,中興路三段173號,無線區域網路(Wi-Fi),2.589218E-06,mW/cm<sup>2</sup>,True
J01003,7-11便利商店_四重埔門市_無線區域網路(Wi-Fi)量測,2019-10-28,新竹縣,竹東鎮,中興路一段157號,無線區域網路(Wi-Fi),1.826549E-06,mW/cm<sup>2</sup>,True
J01002,7-11便利商店_新縣福門市_無線區域網路(Wi-Fi)量測,2019-10-29,新竹縣,竹北市,縣政二路414號,無線區域網路(Wi-Fi),2.00636E-06,mW/cm<sup>2</sup>,True
J01001,全家便利商店_竹北台元店_無線區域網路(Wi-Fi)量測,2019-10-29,新竹縣,竹北市,博愛街523號,無線區域網路(Wi-Fi),2.458741E-06,mW/cm<sup>2</sup>,True
J01000,7-11便利商店_十興門市_無線區域網路(Wi-Fi)量測,2019-10-30,新竹縣,竹北市,莊敬北路130號,無線區域網路(Wi-Fi),1.930932E-06,mW/cm<sup>2</sup>,True
J00999,7-11便利商店_鐵興門市_無線區域網路(Wi-Fi)量測,2019-10-28,新竹縣,竹北市,文興路一段246號248號一樓,無線區域網路(Wi-Fi),1.930932E-06,mW/cm<sup>2</sup>,True
J00998,7-11便利商店_竹北門市_無線區域網路(Wi-Fi)量測,2019-10-29,新竹縣,竹北市,中正東路194號,無線區域網路(Wi-Fi),3.335701E-06,mW/cm<sup>2</sup>,True
A01357,文山區木柵路4段6-8號前變電箱,2019-11-08,臺北市,文山區,木柵路4段6-8號,落地型變壓器,5.2,mG,True
A01354,文山區木柵路4段8號對面人行道上變電箱,2019-11-08,臺北市,文山區,木柵路4段8號,落地型變壓器,6.8,mG,True
P10408,西螺鎮大園里社區活動中心東側旁_落地型變壓器(K3165B GE67),2019-10-31,雲林縣,西螺鎮,西螺鎮大園里社區活動中心東側旁,落地型變壓器,0.919,mG,True
A01350,文山區木柵路4段123號前變電箱,2019-11-08,臺北市,文山區,木柵路4段123號,落地型變壓器,12,mG,True
P10406,虎尾鎮成和三街與成和五街路口_落地型變壓器(K2846 EC96),2019-10-04,雲林縣,虎尾鎮,虎尾鎮成和三街與成和五街路口,落地型變壓器,2.68,mG,True
P10405,虎尾鎮成德五街98號門外_落地型變壓器(K2846 GC29),2019-10-04,雲林縣,虎尾鎮,虎尾鎮成德五街98號門外,落地型變壓器,12.11,mG,True
P10404,虎尾鎮成德街55號隔壁_落地型變壓器(K2846 GC92),2019-10-04,雲林縣,虎尾鎮,虎尾鎮成德街55號隔壁,落地型變壓器,2.15,mG,True
P10403,虎尾鎮大成街與成德五街路口_落地型變壓器(K2846 HB5750),2019-10-04,雲林縣,虎尾鎮,虎尾鎮大成街與成德五街路口,落地型變壓器,8.39,mG,True
P10401,虎尾鎮大順街與大裕街路口_落地型變壓器(K2945 BD84),2019-10-04,雲林縣,虎尾鎮,虎尾鎮大順街與大裕街路口,落地型變壓器,5.01,mG,True
A01351,文山區木柵路4段119號前變電箱,2019-11-08,臺北市,文山區,木柵路4段119號,落地型變壓器,9.4,mG,True
M10294,全家-草狀元門市,2019-11-14,南投縣,草屯鎮,南投縣草屯鎮草溪路605號,無線區域網路(Wi-Fi),1.8E-05,mW/cm<sup>2</sup>,True
P10407,北港鎮北辰派出所外_落地型變壓器(K0918 ED4038),2019-10-30,雲林縣,北港鎮,北港鎮北辰派出所外,落地型變壓器,13.18,mG,True
M10292,中興新村-牌樓,2019-11-14,南投縣,南投市,南投縣南投市中興新村省府路11號(附近),無線區域網路(Wi-Fi),3E-07,mW/cm<sup>2</sup>,True
I00772,中山路645號旁落地型變壓器,2019-09-18,嘉義市,東區,中山路645號,落地型變壓器,1.587,mG,True
I00771,光彩街595號前落地型變壓器,2019-09-18,嘉義市,東區,光彩街595號,落地型變壓器,18.56,mG,True
M10291,南投縣草屯鎮草溪路212之28號對面,2019-11-14,南投縣,草屯鎮,南投縣草屯鎮草溪路212之28號對面,落地型變壓器,5.63,mG,True
B01180,全球之聲廣播電臺,2019-11-05,臺中市,新社區,七分段七分小段地號277-2,FM廣播電臺,0.01,mW/cm<sup>2</sup>,True
X10291,湖西鄉湖東村基地台-1,2019-09-24,澎湖縣,湖西鄉,湖東村,手機基地臺,0.056,mW/cm<sup>2</sup>,True
A01356,文山區木柵路4段10號對面人行道上變電箱,2019-11-08,臺北市,文山區,木柵路4段10號,落地型變壓器,5.6,mG,True
A01352,文山區木柵路4段77號(木柵高工)前變電箱,2019-11-08,臺北市,文山區,木柵路4段77號,落地型變壓器,3.5,mG,True
I00773,中山路621號旁落地型變壓器,2019-09-18,嘉義市,東區,中山路621號,落地型變壓器,0.93,mG,True
P10402,虎尾鎮大成十六街11號門外_落地型變壓器(K2846 HB9261),2019-10-04,雲林縣,虎尾鎮,虎尾鎮大成十六街11號門外,落地型變壓器,3.39,mG,True
P10400,虎尾鎮大裕街69號門外_落地型變壓器(K2945 CE33),2019-10-04,雲林縣,虎尾鎮,虎尾鎮大裕街69號門外,落地型變壓器,0.62,mG,True
P10399,虎尾鎮大裕街73號隔壁_落地型變壓器(K2945 BD30),2019-10-04,雲林縣,虎尾鎮,虎尾鎮大裕街73號隔壁,落地型變壓器,10.92,mG,True
X10285,馬公市鎖港巨國企業-基地台,2019-09-20,澎湖縣,馬公市,鎖港里1923號,手機基地臺,0.125,mW/cm<sup>2</sup>,True
P10398,斗南鎮公論路5號門外_落地型變壓器(K3243 CB6905),2019-10-04,雲林縣,斗南鎮,斗南鎮公論路5號門外,落地型變壓器,10.11,mG,True
B01179,復興新社廣播電臺臺中調頻臺,2019-11-05,臺中市,新社區,永源里井北街17號,FM廣播電臺,0.01,mW/cm<sup>2</sup>,True
B01178,天天廣播電臺股份有限公司,2019-11-05,臺中市,北屯區,大坑段818地號,FM廣播電臺,0.015,mW/cm<sup>2</sup>,True
X10292,湖西鄉公所前中華電信-基地台,2019-09-24,澎湖縣,湖西鄉,湖西村77-16號,手機基地臺,0.097,mW/cm<sup>2</sup>,True
X10290,澎20鄉道湖西鄉隘門沙灘中華電信基地台,2019-09-24,澎湖縣,湖西鄉,隘門村60號,手機基地臺,0.096,mW/cm<sup>2</sup>,True
X10289,澎7鄉道白沙鄉遠傳電信-基地台,2019-09-23,澎湖縣,白沙鄉,澎7鄉道白沙鄉遠傳電信,手機基地臺,0.102,mW/cm<sup>2</sup>,True
U10596,中山路與明心街口全家 wi-fi 量測,2019-10-29,花蓮縣,花蓮市,中山路406-2號,無線區域網路(Wi-Fi),0.023,mW/cm<sup>2</sup>,True
U10595,志學車站wi-fi 量測,2019-10-23,花蓮縣,壽豐鄉,志學村中正路1號,無線區域網路(Wi-Fi),0.0015,mW/cm<sup>2</sup>,True
U10594,中國廣播公司花蓮廣播電台量測,2019-10-23,花蓮縣,壽豐鄉,賀田段41地號,FM廣播電臺,0.0001302,mW/cm<sup>2</sup>,True
B01177,篤行國小,2019-10-23,臺中市,北區,篤行路321號,學校極低頻設施,33.45,mG,True
X10288,白沙鄉中華電信基地台,2019-09-23,澎湖縣,西嶼鄉,赤崁村357-2號,手機基地臺,0.019,mW/cm<sup>2</sup>,True
X10287,西嶼山麗山莊入口前-基地台,2019-09-23,澎湖縣,西嶼鄉,山麗山莊入口前,手機基地臺,0.019,mW/cm<sup>2</sup>,True
X10286,西嶼燈塔入口處基地台,2019-09-23,澎湖縣,西嶼鄉,西嶼燈塔入口處,手機基地臺,0.069,mW/cm<sup>2</sup>,True
X10284,馬公市山水-基地台,2019-09-20,澎湖縣,馬公市,山水里300號旁,手機基地臺,0.027,mW/cm<sup>2</sup>,True
H01312,中壢區內定二街998號手機基地台量測,2019-10-28,桃園市,桃園區,中壢區內定二街998號,手機基地臺,0.0012,mW/cm<sup>2</sup>,True
N01081,彰化縣芬園鄉德興段62-1地號(中部調頻廣播電臺),2019-10-08,彰化縣,芬園鄉,德興段62-1地號,FM廣播電臺,0.0556,mW/cm<sup>2</sup>,True
M10270,昇輝汽車修配廠旁,2019-08-27,南投縣,草屯鎮,南投縣草屯鎮草溪路670號,落地型變壓器,17.36,mG,True
M10269,竹山郵局,2019-09-04,南投縣,竹山鎮,南投縣竹山鎮前山路一段2號,無線區域網路(Wi-Fi),6.9E-06,mW/cm<sup>2</sup>,True
M10268,向山咖啡廳-台灣惠蓀咖啡,2019-08-26,南投縣,魚池鄉,南投縣魚池鄉中山路599號,無線區域網路(Wi-Fi),6.7E-06,mW/cm<sup>2</sup>,True
M10267,九族文化村服務台,2019-08-26,南投縣,魚池鄉,南投縣魚池鄉金天巷45號,無線區域網路(Wi-Fi),4.9E-06,mW/cm<sup>2</sup>,True
M10266,臺鐵局水里站候車室,2019-08-22,南投縣,水里鄉,南投縣水里鄉水里村民生路440號,無線區域網路(Wi-Fi),2E-07,mW/cm<sup>2</sup>,True
M10265,埔里郵局,2019-08-22,南投縣,南投市,南投縣埔里鎮南昌街284號,無線區域網路(Wi-Fi),1.1E-06,mW/cm<sup>2</sup>,True
M10264,玉山國家公園水里遊客中心,2019-08-22,南投縣,南投市,南投縣水里鄉中山路一段515號,無線區域網路(Wi-Fi),6.1E-06,mW/cm<sup>2</sup>,True
M10263,7-11瑞峰門市,2019-08-22,南投縣,南投市,南投縣水里鄉中山路一段540號,無線區域網路(Wi-Fi),1.6E-06,mW/cm<sup>2</sup>,True
M10262,全家夯番薯門市,2019-08-02,南投縣,南投市,南投縣竹山鎮集山路三段129號,無線區域網路(Wi-Fi),3.8E-06,mW/cm<sup>2</sup>,True
M10261,7-11名間門市,2019-08-02,南投縣,南投市,南投縣名間鄉彰南路71之5號,無線區域網路(Wi-Fi),4E-07,mW/cm<sup>2</sup>,True
Q10357,水上鄉中華路66號前落地形變電箱,2019-08-29,嘉義縣,水上鄉,水上鄉中華路66號前,落地型變壓器,8.546,mG,True
Q10356,水上鄉吳竹街108號前落地形電電箱,2019-08-29,嘉義縣,水上鄉,水上鄉吳竹街108號前,落地型變壓器,59.58,mG,True
Q10355,水上鄉吳竹街128號前落地型變壓器,2019-08-28,嘉義縣,水上鄉,水上鄉吳竹街128號,落地型變壓器,2.97,mG,True
Q10354,水上鄉中興路155號對面落地形變電箱,2019-08-28,嘉義縣,水上鄉,填寫門牌地址(若無完整地址，請描述地點)，最多100個中文字水上鄉中興路155號對面落,落地型變壓器,1.4,mG,True
Q10353,朴子市小槺榔36之25號對面桿上變電箱,2019-08-21,嘉義縣,朴子市,朴子市小槺榔36之25號對面,站臺式變壓器,0.309,mG,True
B01161,豐原高商旁落地型變壓器,2019-10-17,臺中市,豐原區,圓環南路50號,落地型變壓器,1.032,mG,True
B01173,臺中市立圖書館潭子分館旁落地型變壓器,2019-10-17,臺中市,潭子區,中山路二段399號,落地型變壓器,19.99,mG,True
H01298,蘆竹區大竹陸橋旁基地台量測,2019-09-25,桃園市,桃園區,蘆竹區大竹陸橋旁,手機基地臺,0.005,mW/cm<sup>2</sup>,True
N01082,彰化縣芬園鄉德興段107地號 (靉友之聲調頻廣播電臺),2019-10-08,彰化縣,芬園鄉,德興段107地號,FM廣播電臺,0.0015,mW/cm<sup>2</sup>,True
A01342,仙渡E/S電磁場檢測報告,2019-08-28,臺北市,北投區,立德路一號,變電所,12.1,mG,True
M10272,草屯鎮東山路4號旁,2019-10-02,南投縣,草屯鎮,草屯鎮東山路4號,落地型變壓器,19.67,mG,True
M10271,草屯鎮民代表會前,2019-08-27,南投縣,草屯鎮,草屯鎮草溪路888號,落地型變壓器,2.55,mG,True
A01337,中正區中華路1段45號右前方變電箱,2019-10-03,臺北市,中正區,中華路1段45號,落地型變壓器,2.5,mG,True
P10397,斗南鎮小東工業區大榮貨運門口_落地型變壓器(K3243 EB7724),2019-10-04,雲林縣,斗南鎮,大榮貨運門口,落地型變壓器,13.57,mG,True
V01023,台東縣和平段1109地號,2019-10-28,臺東縣,台東市,和平段1109地號,手機基地臺,0.00161,mW/cm<sup>2</sup>,True
H01311,楊梅區快速路五段跨越橋一號旁手機基地台量測,2019-10-28,桃園市,桃園區,楊梅區快速路五段,手機基地臺,0.0049,mW/cm<sup>2</sup>,True
P10396,元長鄉工業區_手機基地台,2019-09-05,雲林縣,元長鄉,元長鄉工業區,手機基地臺,6.1E-07,mW/cm<sup>2</sup>,True
Q10359,水上鄉農會前落地形變電箱,2019-08-29,嘉義縣,水上鄉,水上鄉中興路560號,落地型變壓器,16.49,mG,True
A01341,中正區中華路1段59號前公話亭無線網路,2019-10-03,臺北市,中正區,中華路1段59號,無線區域網路(Wi-Fi),0.0008,mW/cm<sup>2</sup>,True
A01339,中正區中華路1段77號前公話亭無線網路,2019-10-03,臺北市,中正區,中華路1段77號,無線區域網路(Wi-Fi),0.0022,mW/cm<sup>2</sup>,True
A01338,中正區中華路1段25-3號前變電箱,2019-10-03,臺北市,中正區,中華路1段25-3號,落地型變壓器,23.4,mG,True
Q10350,朴子市太子大道上近信義二路空地旁落地形變電箱,2019-10-05,嘉義縣,太保市,朴子市太子大道上近信義二路空地旁,落地型變壓器,1.543,mG,True
Q10349,朴子市太子大道上與信義一路口空地旁落地形變電箱,2019-08-16,嘉義縣,朴子市,朴子市太子大道上與信義一路口空地旁,落地型變壓器,47.98,mG,True
N01083,"彰化縣員林市中山南路38,40號(萊爾富)",2019-10-08,彰化縣,員林鎮,"中山南路38,40號",無線區域網路(Wi-Fi),0.0036,mW/cm<sup>2</sup>,True
V01001,關山鎮火車站前方,2019-10-15,臺東縣,關山鎮,民權路1-2號,落地型變壓器,8.98,mG,True
N01080,彰化縣芬園鄉德興段726地號 (關懷廣播電臺),2019-10-08,彰化縣,芬園鄉,德興段726地號,FM廣播電臺,0.0042,mW/cm<sup>2</sup>,True
F01463,二重D/S電磁場檢測報告,2019-08-29,新北市,三重區,中興北街14之1號,變電所,44,mG,True
Q10358,水上鄉中華路上全家超商(中興店)旁落地形變電箱,2019-08-29,嘉義縣,水上鄉,水上鄉中華路7號旁,落地型變壓器,46.96,mG,True
V01000,教育廣播電台卑南發射台,2019-10-07,臺東縣,卑南鄉,美農村高台57號,FM廣播電臺,0.00973,mW/cm<sup>2</sup>,True
Q10352,朴子市雙溪口248之5號對面落地形變電箱,2019-08-21,嘉義縣,太保市,朴子市雙溪口248之5號對面,落地型變壓器,3.724,mG,True
Q10351,朴子市嘉85縣道0K+500處落地形變電箱,2019-08-21,嘉義縣,朴子市,朴子市嘉85縣道0K+500處,落地型變壓器,4.539,mG,True
A01340,中正區中華路1段152號前公話亭無線網路,2019-10-03,臺北市,中正區,中華路1段152號,無線區域網路(Wi-Fi),0.002,mW/cm<sup>2</sup>,True
Q10347,朴子市太子大道上空地旁近168縣道落地形變電箱,2019-08-09,嘉義縣,朴子市,朴子市太子大道上空地旁,落地型變壓器,2.676,mG,True
Q10346,朴子市太子大道上近168縣道長庚醫院旁落地形變電箱,2019-08-09,嘉義縣,朴子市,朴子市太子大道上近168縣道長庚醫院旁,落地型變壓器,1.765,mG,True
A01336,中正區中華路1段174號前變電箱,2019-10-03,臺北市,中正區,中華路1段174號,落地型變壓器,3,mG,True
A01335,中正區中華路1段53號前變電箱,2019-10-03,臺北市,中正區,中華路1段53號,落地型變壓器,3.7,mG,True
N01076,彰化師範大學進德校區旁落地型變壓器,2019-09-26,彰化縣,彰化市,進德路1號,落地型變壓器,7.21,mG,True
Q10345,朴子市太子大道上近信義二路長庚大學旁落地形變電箱,2019-08-09,嘉義縣,朴子市,朴子市太子大道上近信義二路長庚大學旁,落地型變壓器,1.975,mG,True
T00729,仁愛路162號前落地型變壓器,2019-10-03,屏東縣,屏東市,仁愛路162號,落地型變壓器,54.8,mG,True
T00727,雅堂眼鏡前落地型變壓器,2019-09-19,屏東縣,屏東市,仁愛路134號,落地型變壓器,7,mG,True
T00728,高明聯合中醫診所前落地型變壓器,2019-09-19,屏東縣,屏東市,填寫門牌地址(若無完整地址，請描述地點)，最多100個中文字仁愛路79-3號,落地型變壓器,60.1,mG,True
T00725,仁愛路與126巷口落地型變壓器,2019-09-19,屏東縣,屏東市,仁愛路132號,落地型變壓器,18.2,mG,True
N01079,彰化縣彰化市健興路1號 (彰化縣環境保護局),2019-09-26,彰化縣,彰化市,健興路1號,無線區域網路(Wi-Fi),0.005,mW/cm<sup>2</sup>,True
N01078,彰化高中旁落地型變壓器,2019-09-26,彰化縣,彰化市,中興路78號,落地型變壓器,6.29,mG,True
N01077,泰和國小旁落地型變壓器,2019-09-26,彰化縣,彰化市,泰和路二段145巷1號,落地型變壓器,2.55,mG,True
T00724,濟世中醫南落地型變壓器,2019-09-19,屏東縣,屏東市,自由路379號,落地型變壓器,55.4,mG,True
T00723,濟世中醫北落地型變壓,2019-09-19,屏東縣,屏東市,自由路379號,落地型變壓器,8.8,mG,True
E01287,HE108-09-002 (FM警廣播電臺),2019-09-02,高雄市,左營區,高雄市左營區重仁路50-1號附近,FM廣播電臺,0.0004,mW/cm<sup>2</sup>,True
M10240,南投市仁愛路142號前,2019-07-18,南投縣,南投市,南投市仁愛路142號前,落地型變壓器,10.84,mG,True
X10269,白沙鄉民眾服務社前落地型變電器,2019-06-13,澎湖縣,白沙鄉,民眾服務社,落地型變壓器,18,mG,True
H01310,大溪區慈康路607號對面手機基地台量測,2019-10-28,桃園市,桃園區,大溪區慈康路607號對面,手機基地臺,0.0007,mW/cm<sup>2</sup>,True
H01309,龍潭區楊銅路二段862號,2019-10-28,桃園市,桃園區,龍潭區楊銅路二段862號,手機基地臺,0.0031,mW/cm<sup>2</sup>,True
H01308,環宇廣播電台,2019-10-28,桃園市,龍潭區,楊銅路2段792號,FM廣播電臺,0.0123,mW/cm<sup>2</sup>,True
V01020,富岡慈惠堂前基地台-內,2019-10-25,臺東縣,卑南鄉,富岡慈惠堂前基地台,手機基地臺,0.00252,mW/cm<sup>2</sup>,True
V01019,台東縣卑南鄉富山村12鄰杉原21號,2019-10-25,臺東縣,卑南鄉,富山村12鄰杉原21號,手機基地臺,0.00433,mW/cm<sup>2</sup>,True
V01018,都蘭段9999地號,2019-10-25,臺東縣,東河鄉,都蘭段9999地號,手機基地臺,0.00337,mW/cm<sup>2</sup>,True
V01017,北都蘭段388地號,2019-10-25,臺東縣,東河鄉,北都蘭段388地號,手機基地臺,0.00291,mW/cm<sup>2</sup>,True
V01016,北八里段888地號,2019-10-25,臺東縣,東河鄉,北八里段888地號,手機基地臺,0.00082,mW/cm<sup>2</sup>,True
B01175,文心國小,2019-10-16,臺中市,北屯區,文心路四段575號,學校極低頻設施,3.613,mG,True
X10283,馬公市風櫃里基地台,2019-09-20,澎湖縣,馬公市,風櫃里基地台,手機基地臺,0.079,mW/cm<sup>2</sup>,True
M10290,鹿谷全家鹿谷農會門市,2019-10-22,南投縣,鹿谷鄉,南投縣鹿谷鄉中正路二段77號,無線區域網路(Wi-Fi),1.6E-06,mW/cm<sup>2</sup>,True
M10289,益源超市,2019-10-15,南投縣,竹山鎮,南投縣竹山鎮集山路三段29號,無線區域網路(Wi-Fi),3E-06,mW/cm<sup>2</sup>,True
M10288,私立旺旺珠心算短期補習班旁,2019-10-02,南投縣,草屯鎮,南投縣草屯鎮平等街116號,落地型變壓器,2.86,mG,True
H01307,IC之音調頻廣播電台,2019-10-28,桃園市,楊梅區,楊梅區大北坑街1段1號,FM廣播電臺,0.0281,mW/cm<sup>2</sup>,True
V01024,台東縣和平段1085地號,2019-10-28,臺東縣,台東市,和平段1085地號,手機基地臺,0.00068,mW/cm<sup>2</sup>,True
M10287,南投縣名間鄉小崎巷3號前,2019-10-15,南投縣,名間鄉,南投縣名間鄉小崎巷3號,落地型變壓器,8.71,mG,True
M10286,翔禾大飯店旁,2019-10-15,南投縣,名間鄉,南投縣名間鄉董門巷2號,落地型變壓器,6.75,mG,True
M10285,南投縣竹山鎮延平路6巷1號後方,2019-10-15,南投縣,竹山鎮,南投縣竹山鎮延平路6巷1號,落地型變壓器,1.85,mG,True
V01022,台東縣和平段1087地號,2019-10-28,臺東縣,台東市,和平段1087地號,手機基地臺,0.00142,mW/cm<sup>2</sup>,True
B01174,臺中市北區北屯路45號(全家),2019-10-17,臺中市,北區,北屯路45號,無線區域網路(Wi-Fi),0.006,mW/cm<sup>2</sup>,True
B01162,健行國小旁落地形變壓器,2019-10-17,臺中市,北區,健行路666號,落地型變壓器,1.635,mG,True
V01013,台東高商側門旁落地型變壓器2,2019-10-24,臺東縣,台東市,正氣路440號,落地型變壓器,5.25,mG,True
U10593,吉安鄉戶政事務所wi-fi 量測,2019-10-21,花蓮縣,吉安鄉,吉安鄉戶政事務所,無線區域網路(Wi-Fi),0.0024,mW/cm<sup>2</sup>,True
U10592,吉安鄉調解委員會wi-fi 量測,2019-10-21,花蓮縣,吉安鄉,吉安鄉調解委員會,無線區域網路(Wi-Fi),0.0003,mW/cm<sup>2</sup>,True
B01167,臺中市潭子區勝利路289號(全家),2019-10-17,臺中市,潭子區,勝利路289號,無線區域網路(Wi-Fi),0.002,mW/cm<sup>2</sup>,True
B01169,豐東國中旁落地型變壓器,2019-10-17,臺中市,豐原區,豐東路75號,落地型變壓器,23.16,mG,True
B01168,臺中市豐原區圓環南路76號(全家),2019-10-17,臺中市,豐原區,圓環南路76號,無線區域網路(Wi-Fi),0.002,mW/cm<sup>2</sup>,True
B01160,臺中市潭子區雅潭路一段60號(7-11),2019-10-17,臺中市,潭子區,雅潭路一段60號,無線區域網路(Wi-Fi),0.002,mW/cm<sup>2</sup>,True
B01159,潭秀國中旁落地型變壓器,2019-10-17,臺中市,潭子區,雅潭路一段175號,落地型變壓器,6.7,mG,True
M10284,竹山東埔蚋郵局南投25支局,2019-10-15,南投縣,竹山鎮,南投縣竹山鎮集山路三段99號,落地型變壓器,5.56,mG,True
B01176,健行國小,2019-10-17,臺中市,北區,健行路666號,學校極低頻設施,29.54,mG,True
H01305,鄉親廣播電台,2019-08-27,桃園市,桃園區,桃園區中正路1247號,FM廣播電臺,0.0004,mW/cm<sup>2</sup>,True
H01296,桃園區南平路411號前落地型變壓器量測,2019-08-27,桃園市,桃園區,南平路411號前,落地型變壓器,19.6,mG,True
H01295,桃園區中寧街50巷1號旁落地型變壓器量測,2019-08-27,桃園市,桃園區,中寧街50巷1號,落地型變壓器,4.9,mG,True
H01294,鄉親廣播電台,2019-08-27,桃園市,桃園區,中正路1247號21樓,FM廣播電臺,0.0004,mW/cm<sup>2</sup>,True
V01008,中華路一段357號,2019-10-16,臺東縣,台東市,中華路一段357號,落地型變壓器,24.31,mG,True
V01007,中山路49號(舊榮民服務處前方),2019-10-16,臺東縣,台東市,中山路49號,落地型變壓器,2.65,mG,True
V01006,中山路382號(郵局前方),2019-10-16,臺東縣,台東市,中山路382號,落地型變壓器,17.99,mG,True
V01021,富岡慈惠堂前基地台-外,2019-10-25,臺東縣,卑南鄉,富岡慈惠堂前基地台-外,手機基地臺,0.00231,mW/cm<sup>2</sup>,True
H01304,美聲廣播電台,2019-08-27,桃園市,桃園區,桃園區中平路98號,FM廣播電臺,0.008,mW/cm<sup>2</sup>,True
V01012,台東高商側門旁落地型變壓器1,2019-10-24,臺東縣,台東市,正氣路440號,落地型變壓器,6.98,mG,True
V01005,中華路一段445號(湯姆熊前方),2019-10-16,臺東縣,台東市,中華路一段445號,落地型變壓器,23.02,mG,True
V01015,台東卑南國小側門落地型變壓器,2019-10-24,臺東縣,台東市,更生北路317號,落地型變壓器,11.11,mG,True
V01014,台東卑南國小側門旁,2019-10-24,臺東縣,台東市,更生北路317號,落地型變壓器,0.66,mG,True
H01300,桃園捷運A16橫山站射頻量測,2019-09-26,桃園市,桃園區,桃園捷運A16橫山站,無線區域網路(Wi-Fi),0.073,mW/cm<sup>2</sup>,True
B01170,臺中市豐原區豐東路122號(全家),2019-10-17,臺中市,豐原區,豐東路122號,無線區域網路(Wi-Fi),0.002,mW/cm<sup>2</sup>,True
V01004,中華路一段542號(7-11旁),2019-10-16,臺東縣,台東市,中華路一段542號,落地型變壓器,7.74,mG,True
V01003,新生路93號前方,2019-10-16,臺東縣,台東市,新生路93號,落地型變壓器,23.57,mG,True
V01002,太麻里鄉民權路70號旁,2019-10-16,臺東縣,太麻里鄉,民權路70號,落地型變壓器,7.58,mG,True
B01156,三光國中,2019-10-07,臺中市,北屯區,三光一街77號,學校極低頻設施,21.77,mG,True
A01333,松山區光復南路4號斜前方(光復郵局前面)變電箱,2019-09-24,臺北市,松山區,光復南路4號,落地型變壓器,34.1,mG,True
A01332,松山區光復北路1號前變電箱,2019-09-24,臺北市,松山區,光復北路1號,落地型變壓器,41.8,mG,True
D01125,臺南市永康區小東路689之98號(臺南之聲廣播電臺),2019-09-19,臺南市,永康區,小東路689號之98  (19樓),FM廣播電臺,0.0028,mW/cm<sup>2</sup>,True
D01120,臺南市東區中華東路二段77號17樓(古都廣播電台量測),2019-09-19,臺南市,東區,中華東路二段77號17樓,FM廣播電臺,0.002,mW/cm<sup>2</sup>,True
U10590,新城鄉鄉公所wi-fi 量測,2019-09-16,花蓮縣,新城鄉,新城鄉鄉公所,無線區域網路(Wi-Fi),0.001,mW/cm<sup>2</sup>,True
U10589,新城鄉北埔村嘉里三街47號wi-fi 量測,2019-09-16,花蓮縣,新城鄉,北埔村嘉里三街47號,無線區域網路(Wi-Fi),0.0017,mW/cm<sup>2</sup>,True
E01289,HE108-09-004,2019-09-09,高雄市,鳥松區,高雄市鳥松區大埤路29-61號13樓A棟-1,手機基地臺,0.0143,mW/cm<sup>2</sup>,True
U10588,新城鄉樹人街2號(新秀農會)wi-fi量測,2019-09-16,花蓮縣,新城鄉,樹人街2號,無線區域網路(Wi-Fi),0.0002,mW/cm<sup>2</sup>,True
U10587,新城鄉北埔郵局wi-fi量測,2019-09-16,花蓮縣,新城鄉,光復路578號,無線區域網路(Wi-Fi),0.0013,mW/cm<sup>2</sup>,True
I00767,中山路7號前落地型變壓器,2019-07-23,嘉義市,東區,中山路7號前,落地型變壓器,8.963,mG,True
I00770,光彩街585號斜對面落地型變壓器,2019-09-18,嘉義市,東區,光彩街585號,落地型變壓器,29.73,mG,True
D01122,臺南市永康區復興路139號(漢聲廣播電臺),2019-09-19,臺南市,永康區,復興路139號,AM廣播電臺,19.5,V/m,True
O01133,新竹市香山圖書館 I taiwan WIFI量測,2019-09-17,新竹市,香山區,新竹市香山圖書館,無線區域網路(Wi-Fi),0.0453,mW/cm<sup>2</sup>,True
I00769,仁愛路421號前落地型變壓器,2019-09-19,嘉義市,東區,仁愛路421號,落地型變壓器,28.8,mG,True
E01290,HE108-09-005,2019-09-09,高雄市,鳥松區,高雄市鳥松區大埤路29-61號13樓A棟-2,手機基地臺,0.0074,mW/cm<sup>2</sup>,True
U10591,中國廣播公司花蓮廣播電台量測,2019-09-27,花蓮縣,花蓮市,松園街96號,FM廣播電臺,0.0073,mW/cm<sup>2</sup>,True
O01132,新竹市台鐵三姓橋車站WIFI量測,2019-09-04,新竹市,香山區,新竹市元培街32巷30號,無線區域網路(Wi-Fi),0.00018,mW/cm<sup>2</sup>,True
A01331,松山區八德路4段245巷32弄1號前變電箱,2019-09-24,臺北市,松山區,八德路4段245巷32弄1號,落地型變壓器,15.2,mG,True
D01124,臺南市永康區中華路1號(領袖廣播電臺),2019-09-19,臺南市,永康區,中華路1號25樓,FM廣播電臺,0.0028,mW/cm<sup>2</sup>,True
A01330,松山區光復北路95號旁變電箱,2019-09-24,臺北市,松山區,光復北路95號,落地型變壓器,32.1,mG,True
K00743,苗栗縣頭屋鄉頭屋村尖豐路135-2號全家便利商店頭屋双龍店,2019-08-16,苗栗縣,頭屋鄉,頭屋村尖豐路135-2號全家便利商店頭屋双龍店,無線區域網路(Wi-Fi),0.001173,mW/cm<sup>2</sup>,True
K00742,苗栗縣頭屋鄉象山路239-1號統一超商象山門市WIFI,2019-07-30,苗栗縣,頭屋鄉,象山路239-1號統一超商象山門市WIFI,無線區域網路(Wi-Fi),0.005262,mW/cm<sup>2</sup>,True
K00741,苗栗縣頭份市民族路196號全家双民店WIFI免費無線分享,2019-07-24,苗栗縣,頭份鎮,民族路196號全家双民店WIFI免費無線分享,無線區域網路(Wi-Fi),0.006425,mW/cm<sup>2</sup>,True
K00740,苗栗縣頭份市中正一路356號全家上公園店WIFI免費無線分享,2019-07-24,苗栗縣,頭份鎮,中正一路356號全家上公園店WIFI免費無線分享,無線區域網路(Wi-Fi),0.003958,mW/cm<sup>2</sup>,True
K00739,苗栗縣造橋鄉朝陽路127號全家造橋朝陽店WIFI,2019-07-30,苗栗縣,造橋鄉,朝陽路127號全家造橋朝陽店WIFI,無線區域網路(Wi-Fi),0.004952,mW/cm<sup>2</sup>,True
K00738,苗栗縣造橋鄉造橋村平仁路54號WIFI區域免費無線上網,2019-07-30,苗栗縣,造橋鄉,造橋村平仁路54號WIFI區域免費無線上網,無線區域網路(Wi-Fi),0.001815,mW/cm<sup>2</sup>,True
P10381,元長鄉卓運村手機基地台量測,2019-09-24,雲林縣,元長鄉,卓運村,手機基地臺,2.4E-07,mW/cm<sup>2</sup>,True
O01134,新竹市文化局前廣場左側I taiwan WIFI量測,2019-09-17,新竹市,東區,新竹市文化局,無線區域網路(Wi-Fi),0.00061,mW/cm<sup>2</sup>,True
I00768,仁愛路433號前落地型變壓器,2019-09-19,嘉義市,東區,仁愛路433號,落地型變壓器,6.128,mG,True
E01288,HE108-09-003,2019-09-02,高雄市,左營區,高雄市左營區文府路356巷1號11樓頂,手機基地臺,0.0931,mW/cm<sup>2</sup>,True
O01131,新竹市文化局圖書館鹽水分館WIFI量測,2019-09-04,新竹市,香山區,新竹市長興街262巷38號,無線區域網路(Wi-Fi),0.00012,mW/cm<sup>2</sup>,True
K00733,高鐵苗栗站(後龍鎮高鐵三路268號1樓5號們穿廊),2019-08-07,苗栗縣,後龍鎮,高鐵苗栗站(後龍鎮高鐵三路268號1樓5號們穿廊),無線區域網路(Wi-Fi),0.005392,mW/cm<sup>2</sup>,True
K00732,苗栗縣體育場正門,2019-06-17,苗栗縣,苗栗市,苗栗縣體育場正門,無線區域網路(Wi-Fi),0.004035,mW/cm<sup>2</sup>,True
K00731,苗栗縣後龍鎮高鐵三路268號(高鐵苗栗站二樓月台驗票管制站上方),2019-06-19,苗栗縣,苗栗市,苗栗縣後龍鎮高鐵三路268號(高鐵苗栗站二樓月台驗票管制站上方),無線區域網路(Wi-Fi),0.005385,mW/cm<sup>2</sup>,True
K00737,苗栗縣造橋鄉造橋村平仁路53-1號WIFI區域免費無線上網,2019-07-30,苗栗縣,造橋鄉,造橋村平仁路53-1號WIFI區域免費無線上網,無線區域網路(Wi-Fi),0.005152,mW/cm<sup>2</sup>,True
K00736,苗栗縣竹南鎮環市路1段16號WIFI區域免費無線上網,2019-07-24,苗栗縣,竹南鎮,環市路1段16號WIFI區域免費無線上網,無線區域網路(Wi-Fi),0.009921,mW/cm<sup>2</sup>,True
K00735,苗栗縣竹南鎮開元路412號WIFI區域免費無線上網,2019-07-24,苗栗縣,竹南鎮,開元路412號WIFI區域免費無線上網,無線區域網路(Wi-Fi),0.003548,mW/cm<sup>2</sup>,True
K00734,苗栗縣竹南鎮中山路162號WIFI區域免費無線上網,2019-07-24,苗栗縣,竹南鎮,中山路162號WIFI區域免費無線上網,無線區域網路(Wi-Fi),0.006325,mW/cm<sup>2</sup>,True
K00730,苗栗縣後龍鎮高鐵三路268號(高鐵苗栗站1樓全家便利商店轉角),2019-08-07,苗栗縣,後龍鎮,苗栗縣後龍鎮高鐵三路268號(高鐵苗栗站1樓全家便利商店轉角),無線區域網路(Wi-Fi),0.00538,mW/cm<sup>2</sup>,True
K00729,苗栗縣立體育場北門,2019-06-17,苗栗縣,苗栗市,苗栗縣立體育場北門,無線區域網路(Wi-Fi),0.0027,mW/cm<sup>2</sup>,True
K00728,苗栗市經國路4段79號(苗栗縣立體育場東門),2019-06-17,苗栗縣,苗栗市,苗栗市經國路4段79號(苗栗縣立體育場東門),無線區域網路(Wi-Fi),0.3011,mW/cm<sup>2</sup>,True
K00727,苗栗市經國路4段79號(苗栗縣立體育場西門),2019-06-17,苗栗縣,苗栗市,苗栗市經國路4段79號(苗栗縣立體育場西門),無線區域網路(Wi-Fi),0.005299,mW/cm<sup>2</sup>,True
V00996,太麻里街200號前方落地型變壓器,2019-08-30,臺東縣,太麻里鄉,太麻里街200號,落地型變壓器,11.69,mG,True
K00726,苗栗市中華路673號(全家便利商店),2019-06-19,苗栗縣,苗栗市,苗栗市中華路673號(全家便利商店),無線區域網路(Wi-Fi),0.005361,mW/cm<sup>2</sup>,True
V00998,太麻里鄉派出所,2019-08-30,臺東縣,太麻里鄉,太麻里街142號,落地型變壓器,8.58,mG,True
V00997,太麻里街13-2號前方,2019-08-30,臺東縣,太麻里鄉,太麻里街13-2號,落地型變壓器,7.84,mG,True
K00724,後龍鎮高鐵一路66號(台鐵豐富站),2019-08-07,苗栗縣,苗栗市,後龍鎮高鐵一路66號(台鐵豐富站),無線區域網路(Wi-Fi),0.005308,mW/cm<sup>2</sup>,True
K00725,苗栗市中華路273號(7-11便利商店),2019-06-19,苗栗縣,苗栗市,苗栗市中華路273號(7-11便利商店),無線區域網路(Wi-Fi),0.005232,mW/cm<sup>2</sup>,True
E01286,HE108-09-001,2019-09-02,高雄市,仁武區,高雄市仁武區高楠公路21號,手機基地臺,0.0018,mW/cm<sup>2</sup>,True
E01236,LE108-03-003,2019-03-11,高雄市,苓雅區,高雄市苓雅區和平-路33號附近,落地型變壓器,24.19,mG,True
I00765,民生南路850巷3號對面,2019-08-23,嘉義市,東區,民生南路850巷3號,落地型變壓器,11.27,mG,True
M10256,南投縣竹山鎮大明路666號(雲林國小校門口),2019-08-02,南投縣,南投市,南投縣竹山鎮大明路666號,落地型變壓器,2.85,mG,True
M10255,南投縣竹山鎮集山路３段227、229號(全聯竹山集山店),2019-08-02,南投縣,南投市,南投縣竹山鎮集山路3段227、229號,落地型變壓器,43.7,mG,True
M10254,南投縣柴油排煙檢測站對面,2019-07-29,南投縣,南投市,南投縣柴油排煙檢測站對面,落地型變壓器,1.39,mG,True
M10253,南投縣柴油車排煙檢測站斜對面,2019-07-29,南投縣,南投市,南投縣柴油車排煙檢測站對面,落地型變壓器,1.37,mG,True
M10252,環山路與府西路路口(內政部中部辦公室地方督導科一股後方),2019-07-25,南投縣,南投市,環山路與府西路路口,落地型變壓器,7.03,mG,True
M10248,山城廣播電台,2019-07-10,南投縣,南投市,八卦路870巷29-3號,FM廣播電臺,2.83E-05,mW/cm<sup>2</sup>,True
M10247,省都廣播電台,2019-07-10,南投縣,南投市,鳳鳴路31號,FM廣播電臺,8.8E-05,mW/cm<sup>2</sup>,True
M10246,南投廣播電台(華視),2019-07-04,南投縣,南投市,鳳山里八卦路1381巷21號,FM廣播電臺,5.9E-06,mW/cm<sup>2</sup>,True
M10244,南投市大庄路與樂利路口,2019-07-29,南投縣,南投市,南投市大庄路與樂利路口,落地型變壓器,1.47,mG,True
Q10343,朴子市故宮大道上與太子大道交接口落地形變電箱,2019-08-09,嘉義縣,太保市,.朴子市故宮大道上與太子大道交接口,落地型變壓器,2.195,mG,True
Q10342,朴子市嘉朴路西段上近故宮大道空地旁落地形變電箱,2019-08-09,嘉義縣,朴子市,23.468469 120.290590,落地型變壓器,1.157,mG,True
U10585,吉安郵局WI-FI量測,2019-08-14,花蓮縣,吉安鄉,吉安郵局,無線區域網路(Wi-Fi),0.0024,mW/cm<sup>2</sup>,True
U10584,吉安鄉公所WI-FI量測,2019-08-09,花蓮縣,吉安鄉,吉安鄉公所,無線區域網路(Wi-Fi),0.0004,mW/cm<sup>2</sup>,True
U10583,吉安鄉福興路232之1號(全家)WI-FI量測,2019-08-09,花蓮縣,吉安鄉,福興路232之1號(全家),無線區域網路(Wi-Fi),0.0022,mW/cm<sup>2</sup>,True
N01070,員林市立圖書館第一分館對面落地型變壓器,2019-08-22,彰化縣,員林鎮,三民街2-1號,落地型變壓器,24.66,mG,True
M10238,南投市仁愛路100號對面,2019-07-18,南投縣,南投市,南投市仁愛路100號對面,落地型變壓器,14.9,mG,True
E01277,HE108-08-001,2019-08-01,高雄市,小港區,高雄市小港區鳳林路116號5樓頂,手機基地臺,0.0361,mW/cm<sup>2</sup>,True
U10586,國立教育廣播電台花蓮分台量測,2019-08-22,花蓮縣,花蓮市,民享里東興路457號,FM廣播電臺,0.0391,mW/cm<sup>2</sup>,True
V00995,卑南鄉初鹿段351地號-3,2019-08-27,臺東縣,卑南鄉,初鹿段351地號,手機基地臺,0.00235,mW/cm<sup>2</sup>,True
M10259,7-11豐億門市,2019-08-08,南投縣,南投市,南投縣南投市彰南路一段573號,無線區域網路(Wi-Fi),2E-06,mW/cm<sup>2</sup>,True
M10258,7-11大智門市,2019-07-29,南投縣,南投市,南投縣竹山鎮自強路176號,無線區域網路(Wi-Fi),1.25E-05,mW/cm<sup>2</sup>,True
M10257,7-11竹秀門市,2019-07-29,南投縣,南投市,南投縣竹山鎮集山路二段58號,無線區域網路(Wi-Fi),8.1E-06,mW/cm<sup>2</sup>,True
E01281,HE108-08-005,2019-08-20,高雄市,苓雅區,高雄市苓雅區大順三路183號12樓頂B棟,手機基地臺,0.0465,mW/cm<sup>2</sup>,True
E01280,HE108-08-004,2019-08-14,高雄市,苓雅區,高雄市苓雅區大順三路183號12樓頂A棟,手機基地臺,0.0417,mW/cm<sup>2</sup>,True
M10251,營北路(台灣省政資料館後方),2019-07-25,南投縣,南投市,南投縣南投市營北路與省府路口,落地型變壓器,4.76,mG,True
V00994,卑南鄉初鹿段351地號-2,2019-08-27,臺東縣,卑南鄉,初鹿段351地號,手機基地臺,0.00286,mW/cm<sup>2</sup>,True
V00993,卑南鄉初鹿段351地號-1,2019-08-27,臺東縣,卑南鄉,初鹿段351地號,手機基地臺,0.00246,mW/cm<sup>2</sup>,True
V00992,卑南鄉初鹿段3857地號,2019-08-27,臺東縣,卑南鄉,卑南鄉初鹿段3857地號,手機基地臺,0.00115,mW/cm<sup>2</sup>,True
V00991,卑南鄉下賓朗段0635-0000地號,2019-08-27,臺東縣,卑南鄉,下賓朗段0635-0000地號,手機基地臺,0.00124,mW/cm<sup>2</sup>,True
V00990,卑南鄉賓朗段307-4地號,2019-08-27,臺東縣,卑南鄉,賓朗段307-4地號,手機基地臺,0.00198,mW/cm<sup>2</sup>,True
Q10344,朴子市太子大道上與故宮大道口落地形變電箱,2019-08-09,嘉義縣,太保市,朴子市太子大道上與故宮大道口,落地型變壓器,1.8,mG,True
E01285,HE108-08-008 (AM高雄廣播電臺),2019-08-21,高雄市,鼓山區,新疆路90號,AM廣播電臺,8.67,V/m,True
E01283,HE108-08-007,2019-08-21,高雄市,三民區,高雄市三民區克武路76號,手機基地臺,0.0036,mW/cm<sup>2</sup>,True
E01284,HE108-08-006,2019-08-21,高雄市,三民區,高雄市三民區克武路72號,手機基地臺,0.0058,mW/cm<sup>2</sup>,True
N01069,員林市公所對面落地型變壓器,2019-08-22,彰化縣,員林鎮,三民街18號,落地型變壓器,3.94,mG,True
I00766,中山路19號前落地型變壓器,2019-08-26,嘉義市,東區,中山路19號,落地型變壓器,2.32,mG,True
M10241,國立南投特殊教育學校側門旁,2019-07-18,南投縣,南投市,國立南投特殊教育學校,落地型變壓器,8.88,mG,True
H01263,新屋變電所,2019-07-24,桃園市,新屋區,新華路一段48號,變電所,43.8,mG,True
N01068,國立北斗家商旁落地型變壓器,2019-08-22,彰化縣,北斗鎮,大道里學府路50號,落地型變壓器,7.72,mG,True
N01067,北斗國小旁落地型變壓器,2019-08-22,彰化縣,北斗鎮,文苑路一段32號,落地型變壓器,4.69,mG,True
M10250,虎山登山步道入口(台灣省政府後方),2019-07-25,南投縣,南投市,南投縣南投市虎山登山步道,落地型變壓器,0.85,mG,True
N01066,新民國小旁落地型變壓器,2019-08-22,彰化縣,田中鎮,公館路320號,落地型變壓器,7.19,mG,True
M10245,歡喜之聲廣播電台,2019-07-04,南投縣,南投市,八卦路1447巷28弄19號,FM廣播電臺,4.1E-06,mW/cm<sup>2</sup>,True
E01279,HE108-08-003,2019-08-09,高雄市,苓雅區,高雄市苓雅區意誠路7號11樓-B棟,手機基地臺,0.0172,mW/cm<sup>2</sup>,True
E01278,HE108-08-002,2019-08-09,高雄市,苓雅區,高雄市苓雅區意誠路7號11樓-A棟,手機基地臺,0.0093,mW/cm<sup>2</sup>,True
U10582,花蓮港務局郵局wi-fi量測,2019-08-09,花蓮縣,花蓮市,花蓮港務局郵局,無線區域網路(Wi-Fi),0.0002,mW/cm<sup>2</sup>,True
H01260,新屋區東興路二段888號對面基地台量測,2019-07-24,桃園市,新屋區,東興路二段888號對面,手機基地臺,0.0008,mW/cm<sup>2</sup>,True
Q10341,太保市祥和一路東段47號前落地形變電箱,2019-08-09,嘉義縣,太保市,太保市祥和一路東段47號前,落地型變壓器,9.484,mG,True
H01262,笨港變電所,2019-08-05,桃園市,新屋區,笨港村榕樹下6鄰36號,變電所,34,mG,True
Q10340,祥和國小附屬幼兒園門口落地形變電箱(N0890),2019-05-29,嘉義縣,太保市,祥和二路西段祥和國小附屬幼兒園門口(左側),落地型變壓器,2.9,mG,True
Q10339,祥和國小附屬幼兒園門口落地形變電箱(N0790B),2019-05-29,嘉義縣,朴子市,祥和二路西段祥和國小附屬幼兒園門口(右側),落地型變壓器,3.024,mG,True
E01252,LE108-05-003,2019-05-29,高雄市,苓雅區,高雄市苓雅區武昌路200號附近,落地型變壓器,2.923,mG,True
E01239,LE108-04-001,2019-04-02,高雄市,小港區,高雄市小港區鳳陽街2號附近,落地型變壓器,111.91,mG,True
H01257,桃園區長沙街與陽明二街交叉口落地型變壓器量測,2019-06-27,桃園市,桃園區,長沙街與陽明二街交叉口,落地型變壓器,10.5,mG,True
X10266,西嶼鄉合界村7-11前落地型變電器,2019-06-12,澎湖縣,西嶼鄉,合界村7-11前,落地型變壓器,11.2,mG,True
X10260,馬公市新生路51號對面落地型變電器,2019-06-04,澎湖縣,馬公市,新生路51號,落地型變壓器,43.9,mG,True
N01063,彰化縣員林市三民街18號 (電話亭Wi-Fi),2019-07-12,彰化縣,員林鎮,三民街18號,無線區域網路(Wi-Fi),0.6706,mW/cm<sup>2</sup>,True
X10272,馬公市捐血站對面落地型變電器,2019-07-05,澎湖縣,馬公市,中山路62號,落地型變壓器,26.9,mG,True
X10271,馬公市長進餐廳前落地型變電器,2019-07-05,澎湖縣,馬公市,民族路9號,落地型變壓器,15.3,mG,True
X10267,白沙鄉赤崁活動中心前落地型變電器,2019-06-13,澎湖縣,白沙鄉,赤崁社區活動中心,落地型變壓器,36.5,mG,True
N01062,彰化縣員林市中山路二段216號 (7-11),2019-07-12,彰化縣,員林鎮,中山路二段216號,無線區域網路(Wi-Fi),0.029,mW/cm<sup>2</sup>,True
D01119,臺南市北區育德一街292號(小北棒球場東北側)落地型變壓器量測(P9793、BB2724),2019-07-23,臺南市,北區,臺南市北區育德一街292號,落地型變壓器,21.69,mG,True
D01118,臺南市北區北成路345號(正德公園西側)落地型變壓器量測(P9693、GD44),2019-07-23,臺南市,北區,臺南市北區北成路345號,落地型變壓器,52.39,mG,True
D01117,臺南市北區中華北路二段194巷(順德公園東北側)落地型變壓器量測(P9693、GE91),2019-07-23,臺南市,北區,臺南市北區中華北路二段194巷,落地型變壓器,18.48,mG,True
D01116,臺南市北區北成路212號(鄭子寮福安宮東側)落地型變壓器量測(P9793、DE09),2019-07-23,臺南市,北區,臺南市北區北成路212號,落地型變壓器,3.785,mG,True
P10378,中華電信麥寮服務中心_落地型變壓器(K0454 BD2108),2019-07-09,雲林縣,麥寮鄉,雲林縣麥寮鄉光復南路342號,落地型變壓器,24.18,mG,True
D01115,臺南市北區中華北路二段268號(福安公園西北側)落地型變壓器量測(P9794、DA88),2019-07-23,臺南市,北區,臺南市北區中華北路二段268號,落地型變壓器,2.892,mG,True
X10278,馬公市澎湖科技大學前落地型變電器,2019-07-05,澎湖縣,馬公市,六合路300號,落地型變壓器,22.1,mG,True
X10277,馬公市第一銀行旁落地型變電器,2019-07-05,澎湖縣,馬公市,北辰街,落地型變壓器,52.3,mG,True
D01114,臺南市北區育成路301號對面(鄭子寮公園西側)落地型變壓器量測(P9793、BE25),2019-07-23,臺南市,北區,臺南市北區育成路301號,落地型變壓器,1.966,mG,True
D01113,臺南市北區開南街(開元振興公園北側)落地型變壓器量測(P9991、CA58),2019-07-23,臺南市,北區,臺南市北區開南街,落地型變壓器,25.92,mG,True
X10276,馬公市光復路133號前落地型變電器,2019-07-05,澎湖縣,馬公市,光復路133號,落地型變壓器,41.1,mG,True
H01256,大湳變電所,2019-06-27,桃園市,八德區,富榮街15號,變電所,65.1,mG,True
H01254,八德區建國路與福僑街交叉口落地型變壓器量測,2019-06-27,桃園市,八德區,建國路與福僑街交叉口,落地型變壓器,20.9,mG,True
X10264,西嶼鄉池西村179-2號旁落地型變電器,2019-06-12,澎湖縣,西嶼鄉,池西村179-2號,落地型變壓器,23.6,mG,True
B01152,臺中市南區五權南一路52號(萊爾富),2019-07-09,臺中市,南區,五權南一路52號,無線區域網路(Wi-Fi),0.003,mW/cm<sup>2</sup>,True
X10263,湖西鄉南寮村41-6號前落地型變電器,2019-06-11,澎湖縣,湖西鄉,南寮村41-6號前,落地型變壓器,7.9,mG,True
D01112,臺南市南區新興路533巷21號西側(陽光國宅A區東側)落地型變壓器量測(P9483、GD22),2019-07-09,臺南市,南區,臺南市南區新興路533巷21號西側,落地型變壓器,35.74,mG,True
X10259,馬公市城隍廟旁落地型變電器,2019-06-04,澎湖縣,馬公市,建國路11號,落地型變壓器,5.7,mG,True
X10275,馬公市新生路135號對面落地型變電器,2019-07-05,澎湖縣,馬公市,新生路135號,落地型變壓器,10,mG,True
X10274,馬公市土地銀行旁落地型變電器,2019-07-05,澎湖縣,馬公市,民福路旁,落地型變壓器,31.5,mG,True
X10273,馬公市第一衛生所對面落地型變電器,2019-07-05,澎湖縣,馬公市,樹德路36號,落地型變壓器,7.7,mG,True
H01255,廣興變電所,2019-06-27,桃園市,八德區,建國路1000號,變電所,53.3,mG,True
U10581,新城鄉北埔車站WI-FI量測,2019-07-19,花蓮縣,新城鄉,北埔火車站,無線區域網路(Wi-Fi),0.0028,mW/cm<sup>2</sup>,True
U10580,花蓮縣吉安車站WI-FI量測,2019-07-19,花蓮縣,吉安鄉,吉安車站,無線區域網路(Wi-Fi),0.0012,mW/cm<sup>2</sup>,True
U10579,花蓮市花蓮火車站後站WI-FI量測,2019-07-19,花蓮縣,花蓮市,花蓮市花蓮後火車站,無線區域網路(Wi-Fi),0.0013,mW/cm<sup>2</sup>,True
X10270,白沙鄉赤崁村140-1號前落地型變電器,2019-06-13,澎湖縣,白沙鄉,赤崁村140-1號,落地型變壓器,2.3,mG,True
D01110,臺南市南區新建路及新建路23巷交叉路口(公兒15公園)落地型變壓器量測(P9482、ED45),2019-07-09,臺南市,南區,臺南市南區新建路及新建路23巷交叉口,落地型變壓器,5.786,mG,True
U10574,花蓮市府前路354號旁落地型變壓器量測,2019-06-28,花蓮縣,花蓮市,花蓮市府前路354號旁,落地型變壓器,9.9,mG,True
U10573,中興路243號對面落地型變壓器量測,2019-06-28,花蓮縣,花蓮市,中興路243號對面,落地型變壓器,28.5,mG,True
U10572,花蓮市府前路27號旁落地型變壓器量測,2019-06-28,花蓮縣,花蓮市,府前路27號旁,落地型變壓器,13.1,mG,True
U10571,建國路二段與明仁一街51巷口落地型變壓器量測,2019-06-27,花蓮縣,花蓮市,建國路二段與明仁一街51巷口,落地型變壓器,1.5,mG,True
P10380,麥寮鄉中華路158號之6旁_落地型變壓器(K0456 FA9888),2019-07-09,雲林縣,麥寮鄉,麥寮鄉中華路158號之6,落地型變壓器,10.87,mG,True
X10265,西嶼鄉竹灣活動中心後落地型變電器,2019-06-12,澎湖縣,西嶼鄉,竹灣活動中心後,落地型變壓器,19,mG,True
U10577,花蓮市中山路426號WI-FI(7-11),2019-07-17,花蓮縣,花蓮市,中山路426號(7-11),無線區域網路(Wi-Fi),0.0028,mW/cm<sup>2</sup>,True
X10251,馬公市中正路多那之旁落地型變電器,2019-03-06,澎湖縣,馬公市,中正路多那之旁,落地型變壓器,17.8,mG,True
X10268,白沙鄉白沙農會落地型變電器,2019-06-13,澎湖縣,白沙鄉,白沙農會,落地型變壓器,9,mG,True
X10262,湖西鄉衛生所旁落地型變電器,2019-06-11,澎湖縣,湖西鄉,湖西衛生所旁,落地型變壓器,13.4,mG,True
X10261,湖西鄉隘門空軍基地旁落地型變電器,2019-06-11,澎湖縣,湖西鄉,隘門空軍基地旁,落地型變壓器,14.1,mG,True
X10258,馬公市漁會信用部旁落地型變電器,2019-06-04,澎湖縣,馬公市,馬公市海埔路33號前,落地型變壓器,36.8,mG,True
X10257,馬公市市公所前落地型變電器,2019-06-04,澎湖縣,馬公市,永福街市公所前,落地型變壓器,11.8,mG,True
X10256,馬公市文澳市場旁落地型變電器,2019-06-04,澎湖縣,馬公市,文德路,落地型變壓器,2.7,mG,True
E01272,HE108-07-002,2019-07-10,高雄市,苓雅區,高雄市苓雅區大順三路218號8樓頂(B棟),手機基地臺,0.0194,mW/cm<sup>2</sup>,True
E01271,HE108-07-001,2019-07-10,高雄市,苓雅區,高雄市苓雅區大順三路218號8樓頂(A棟),手機基地臺,0.0167,mW/cm<sup>2</sup>,True
N01064,彰化縣員林市員鹿路192號 (OK),2019-07-12,彰化縣,員林鎮,員鹿路192號,無線區域網路(Wi-Fi),6E-05,mW/cm<sup>2</sup>,True
B01150,建功國小旁落地型變壓器,2019-07-09,臺中市,北屯區,軍和街43號,落地型變壓器,33.67,mG,True
B01149,建功公園旁落地型變壓器,2019-07-09,臺中市,北屯區,建功公園,落地型變壓器,9.6,mG,True
U10578,FM警察廣播電臺交通網花蓮分臺非游離輻射檢測報告,2019-07-17,花蓮縣,花蓮市,府前路21-2號,FM廣播電臺,0.0052,mW/cm<sup>2</sup>,True
X10253,馬公市第一衛生所旁落地型變電器,2019-03-06,澎湖縣,馬公市,馬公市第一衛生所旁,落地型變壓器,1.7,mG,True
X10252,馬公市氣象站旁落地型變電器,2019-03-06,澎湖縣,馬公市,馬公市民族路氣象站旁,落地型變壓器,0.6,mG,True
X10250,馬公市文光國中旁落地型變電器,2019-03-06,澎湖縣,馬公市,馬公市陽明路206號對面,落地型變壓器,110.9,mG,True
X10249,馬公市澎水旁公園前落地型變電器,2019-03-06,澎湖縣,馬公市,馬公市民族路78號對面,落地型變壓器,12.1,mG,True
B01148,臺中市南區五權南路527號(7-11),2019-07-09,臺中市,南區,五權南路527號,無線區域網路(Wi-Fi),0.009,mW/cm<sup>2</sup>,True
U10576,軒轅路36號旁落地型變壓器量測,2019-06-28,花蓮縣,花蓮市,軒轅路36號旁,落地型變壓器,11.2,mG,True
E01270,HE108-06-003,2019-06-28,高雄市,苓雅區,高雄市苓雅區三多二路171號13F,手機基地臺,0.0842,mW/cm<sup>2</sup>,True
D01109,臺南市南區新建路(開南里活動中心東南側)落地型變壓器量測(P9481、EC28),2019-07-09,臺南市,南區,臺南市南區新建路,落地型變壓器,16.49,mG,True
D01108,臺南市南區中華南路二段南華公園(新興國宅公車站牌東側)落地型變壓器量測(P9480、GE5802),2019-07-09,臺南市,南區,臺南市南區中華南路二段南華公園,落地型變壓器,40.54,mG,True
X10255,澎湖縣成功國民小學,2019-07-03,澎湖縣,湖西鄉,成功村1之4號,學校極低頻設施,30.9,mG,True
P10377,台電麥寮服務所_落地型變壓器(K0455 ED35),2019-07-09,雲林縣,麥寮鄉,雲林縣麥寮鄉中華路85號,落地型變壓器,19.8,mG,True
D01106,臺南市南區鯤鯓路(臺南市政府警察局交通警察大隊北側)落地型變壓器量測(P9480、EB89),2019-07-09,臺南市,南區,臺南市南區鯤鯓路27號,落地型變壓器,47.21,mG,True
X10254,澎湖縣嵵裡國民小學,2019-06-24,澎湖縣,馬公市,嵵裡里114號,學校極低頻設施,2.9,mG,True
B01140,崇光國小旁落地型變壓器,2019-06-22,臺中市,大里區,大明路181號,落地型變壓器,31.9,mG,True
B01139,益成幼兒園旁落地型變壓器,2019-06-22,臺中市,大里區,益民路一段498號,落地型變壓器,20.94,mG,True
D01102,臺南市中西區(政府警察局第二分局博愛派出所)落地型變壓器量測(P9787、HD29),2019-06-17,臺南市,中西區,臺南市中西區興華街45號,落地型變壓器,94.22,mG,True
D01101,臺南市東區東寧路(東寧運動公園)落地型變壓器量測(P9987、FC2001),2019-06-17,臺南市,東區,臺南市東區東寧路東寧運動公園,落地型變壓器,1.852,mG,True
E01269,HE108-06-002 (FM港都廣播電臺),2019-06-26,高雄市,三民區,民族一路80號46樓之一,FM廣播電臺,0.0016,mW/cm<sup>2</sup>,True
E01268,HE108-06-001(FM南臺灣之聲廣播電臺),2019-06-26,高雄市,苓雅區,新光路38號38樓之一,FM廣播電臺,0.0027,mW/cm<sup>2</sup>,True
D01103,臺南市中西區興華街(郵局臺南3支局)落地型變壓器量測(P9787、HD18),2019-06-17,臺南市,中西區,臺南市中西區興華街37號,落地型變壓器,11.35,mG,True
O01125,新竹市天府路一段落地型變壓器量測,2019-06-18,新竹市,北區,新竹市天府路一段與中清路路口,落地型變壓器,5.25,mG,True
O01123,新竹市金農路落地型變壓器量測,2019-06-18,新竹市,北區,新竹市金農路與金農路42巷,落地型變壓器,12.45,mG,True
B01138,臺中市大里區大明路168號(全家),2019-06-22,臺中市,大里區,大明路168號,無線區域網路(Wi-Fi),0.002,mW/cm<sup>2</sup>,True
B01137,臺中市大里區大明路238號(7-11),2019-06-22,臺中市,大里區,大里區大明路238號,無線區域網路(Wi-Fi),0.002,mW/cm<sup>2</sup>,True
D01100,臺南市東區東寧路229號(寶雅臺南東寧店)落地型變壓器量測(P9987、GB46),2019-06-17,臺南市,東區,臺南市東區東寧路229號,落地型變壓器,2.208,mG,True
O01119,新竹市北大路與府後街路口落地型變壓器量測,2019-06-18,新竹市,北區,新竹市北大路與府後街路口,落地型變壓器,10.57,mG,True
O01118,新竹市文化街與世界街路口落地型變壓器量測,2019-06-18,新竹市,東區,新竹市文化街與世界街路口,落地型變壓器,8.21,mG,True
D01099,臺南市善化區文正社區發展協會(光復路邊)落地型變壓器量測(N0719、ED70),2019-06-13,臺南市,善化區,臺南市善化區文正社區發展協會(光復路邊),落地型變壓器,30.915,mG,True
D01098,臺南市東區東明里活動中心外(偏南側)落地型變壓器量測(P9988、HD44),2019-06-13,臺南市,東區,臺南市東區東安路262-1號,落地型變壓器,18.65,mG,True
D01096,臺南市善化區文昌社區活動中心外(靠近文昌路35巷)落地型變壓器量測(N0817、BD32),2019-06-13,臺南市,善化區,臺南市善化區文昌里光復路175-1號(靠近文昌路35巷),落地型變壓器,1.15,mG,True
B01134,尤麗卡幼兒園旁落地型變壓器,2019-06-06,臺中市,太平區,太順路900號,落地型變壓器,4.23,mG,True
B01133,信義國小旁落地型變壓器,2019-06-06,臺中市,南區,五權南路325號,落地型變壓器,0.99,mG,True
E01253,HE108-05-004 (FM金聲廣播電臺),2019-05-31,高雄市,苓雅區,高雄市苓雅區光華ㄧ路206號25樓附近,FM廣播電臺,0.0014,mW/cm<sup>2</sup>,True
B01136,臺中市太平區新興路85-1號(7-11),2019-06-22,臺中市,太平區,新興路85-1號,無線區域網路(Wi-Fi),0.002,mW/cm<sup>2</sup>,True
O01130,新竹市中正路416號變電所量測,2019-06-18,新竹市,北區,中正路416號,變電所,10.68,mG,True
O01129,新竹市北大路與演藝路路口落地型變壓器量測,2019-06-18,新竹市,北區,新竹市北大路與演藝路路口,落地型變壓器,11.58,mG,True
O01128,新竹市東大路二段與演藝路口落地型變壓器量測,2019-06-18,新竹市,東區,新竹市東大路二段與演藝路口,落地型變壓器,4.39,mG,True
O01127,新竹市北大路人文年代咖啡前落地型變壓器量測,2019-06-18,新竹市,東區,新竹市北大路人文年代咖啡前,落地型變壓器,65.45,mG,True
O01126,新竹市文化街74號對面落地型變壓器量測,2019-06-18,新竹市,東區,新竹市文化街74號對面,落地型變壓器,23.86,mG,True
B01135,臺中市太平區新興路312號(7-11),2019-06-06,臺中市,太平區,新興路312號,無線區域網路(Wi-Fi),0.004,mW/cm<sup>2</sup>,True
N01057,彰化縣花壇鄉番花路5號 (萊爾富),2019-06-05,彰化縣,花壇鄉,番花路5號,無線區域網路(Wi-Fi),0.0023,mW/cm<sup>2</sup>,True
U10570,球崙二路270號旁落地型變壓器量測,2019-05-27,花蓮縣,花蓮市,球崙二路270號旁,落地型變壓器,39.3,mG,True
N01056,彰化縣溪湖鎮向上路22號 (OK),2019-05-21,彰化縣,溪湖鎮,向上路22號,無線區域網路(Wi-Fi),0.0012,mW/cm<sup>2</sup>,True
B01132,山海屯青少年之聲廣播電台,2019-05-29,臺中市,南屯區,春社里14鄰中台路650-1號,FM廣播電臺,0.19,mW/cm<sup>2</sup>,True
U10569,國聯一路13號前落地型變壓器量測,2019-05-22,花蓮縣,花蓮市,國聯一路13號前,落地型變壓器,14.7,mG,True
U10568,介壽一街5號前落地型變壓器量測,2019-05-22,花蓮縣,花蓮市,介壽一街5號前,落地型變壓器,30.3,mG,True
O01114,新竹市延平路二段811巷口落地型變壓器量測,2019-05-17,新竹市,香山區,新竹市延平路二段811巷口,落地型變壓器,8.42,mG,True
O01113,新竹市香山區延平路二段963號對面落地型變壓器量測,2019-05-17,新竹市,東區,新竹市香山區延平路二段963號對面(益欣貨運對面),落地型變壓器,6.99,mG,True
I00763,中山路400號前落地型變壓器,2019-05-10,嘉義市,東區,中山路400號,落地型變壓器,8.304,mG,True
D01094,臺南市善化區15鄰550號東北方附近,2019-05-14,臺南市,善化區,臺南市善化區15鄰550號東北方附近,手機基地臺,7.9E-06,mW/cm<sup>2</sup>,True
U10567,北埔路與建國街口落地型變壓器量測,2019-05-09,花蓮縣,新城鄉,北埔路與建國街口,落地型變壓器,2.5,mG,True
D01095,臺南市麻豆區國道1號及麻學路一段交叉路段附近,2019-04-25,臺南市,麻豆區,臺南市麻豆區國道1號及麻學路一段交叉路段附近,手機基地臺,0.000103,mW/cm<sup>2</sup>,True
V00987,知本廣播電台,2019-05-22,臺東縣,台東市,四維路三段59巷8號12樓之10,FM廣播電臺,0.01745,mW/cm<sup>2</sup>,True
B01128,大仁國小旁落地型變壓器,2019-05-22,臺中市,西屯區,重慶路200號,落地型變壓器,21.62,mG,True
D01088,臺南市善化區臺灣中油直營站(茄拔站)東南方附近,2019-05-14,臺南市,善化區,臺南市善化區臺灣中油直營站(茄拔站),手機基地臺,6.7E-06,mW/cm<sup>2</sup>,True
D01087,臺南市善化區臺灣中油直營(茄拔站)北方附近,2019-05-14,臺南市,善化區,臺南市善化區臺灣中油直營(茄拔站),手機基地臺,1.2E-05,mW/cm<sup>2</sup>,True
D01085,臺南市善化區臺19甲線南溪尾巴士站附近,2019-05-14,臺南市,善化區,臺南市善化區臺19甲線南溪尾巴士站,手機基地臺,1.12E-05,mW/cm<sup>2</sup>,True
D01084,臺南市善化區善化糖廠門市部西北方附近,2019-05-14,臺南市,善化區,臺南市善化區善化糖廠門市部西北方附近,手機基地臺,9.7E-06,mW/cm<sup>2</sup>,True
D01083,臺南市善化區陽明路及嘉南大圳善化支線交叉路段附近,2019-05-14,臺南市,善化區,臺南市善化區陽明路,手機基地臺,1.12E-05,mW/cm<sup>2</sup>,True
E01249,HE108-05-001 (AM復興廣播電臺),2019-05-17,高雄市,鳥松區,澄清路819號,AM廣播電臺,11.2,V/m,True
E01248,LE108-05-002,2019-05-14,高雄市,苓雅區,高雄市苓雅區五權街19號附近,落地型變壓器,22.142,mG,True
E01247,LE108-05-001,2019-05-08,高雄市,苓雅區,高雄市苓雅區三多二路100號附近,落地型變壓器,21.75,mG,True
O01102,新竹市育英路落地型變壓器量測,2019-05-13,新竹市,北區,新竹市育英路72號前(近天公壇),落地型變壓器,5.36,mG,True
O01100,新竹市中華路四段226巷頂埔國小前落地型變壓器量測,2019-05-13,新竹市,香山區,新竹市中華路四段226巷頂埔國小前,落地型變壓器,1.79,mG,True
O01099,新竹市中山路640巷落地型變壓器量測,2019-05-13,新竹市,香山區,新竹市中山路640巷270號前,落地型變壓器,2.36,mG,True
O01098,新竹市中華路四段與華北路路口落地型變壓器量測,2019-05-13,新竹市,香山區,新竹市中華路四段與華北路路口,落地型變壓器,10.96,mG,True
U10566,華興街120巷11-2號旁落地型變壓器量測,2019-05-07,花蓮縣,花蓮市,華興街120巷11-2號旁,落地型變壓器,17.2,mG,True
N01055,彰化縣溪湖鎮員鹿路二段130號 (7-11),2019-05-21,彰化縣,溪湖鎮,員鹿路二段130號,無線區域網路(Wi-Fi),0.0019,mW/cm<sup>2</sup>,True
N01054,溪湖國中旁落地型變壓器,2019-05-21,彰化縣,溪湖鎮,彰水路四段60號,落地型變壓器,5.39,mG,True
N01053,湖東國小前落地型變壓器,2019-05-21,彰化縣,溪湖鎮,大溪路二段423號,落地型變壓器,38.23,mG,True
N01052,村上國小旁落地型變壓器,2019-05-21,彰化縣,大村鄉,中山路二段242號,落地型變壓器,16.78,mG,True
I00764,中山路390號前落地型變壓器,2019-05-10,嘉義市,東區,中山路390號,落地型變壓器,23.55,mG,True
O01116,新竹市延平路二段落地型變壓器量測,2019-05-17,新竹市,香山區,新竹市延平路二段(近海巡署北部分署第八岸巡隊),落地型變壓器,7.98,mG,True
D01093,臺南市六甲區龜子港21號山隆加油站(六甲站)東北方附近,2019-05-09,臺南市,六甲區,臺南市六甲區龜子港21號山隆加油站(六甲站),手機基地臺,5.7E-06,mW/cm<sup>2</sup>,True
O01106,新竹市中山路500號對面落地型變壓器量測,2019-05-15,新竹市,北區,新竹市中山路500號對面,落地型變壓器,5.89,mG,True
O01105,新竹市頂埔路落地型變壓器量測,2019-05-15,新竹市,香山區,新竹市頂埔路與景觀大道路口,落地型變壓器,2.09,mG,True
O01107,新竹市牛埔路237巷口落地型變壓器量測,2019-05-15,新竹市,香山區,新竹市牛埔路237巷口,落地型變壓器,10.23,mG,True
O01103,新竹市香山區育德街行政大樓前落地型變壓器量測,2019-05-15,新竹市,香山區,新竹市香山區育德街行政大樓前,落地型變壓器,2.98,mG,True
O01095,新竹市中華路4段與台灣玻璃對面落地型變壓器量測,2019-05-13,新竹市,香山區,新竹市中華路4段與台灣玻璃對面,落地型變壓器,3.4,mG,True
O01115,新竹市延平路二段865號對面落地型變壓器量測,2019-05-17,新竹市,香山區,新竹市延平路二段865號對面,落地型變壓器,5.53,mG,True
O01117,新竹市香山區延平路二段華江街路口量測,2019-05-17,新竹市,香山區,新竹市香山區延平路二段華江街路口,落地型變壓器,12.58,mG,True
O01111,新竹市延平路二段865巷口落地型變壓器量測,2019-05-17,新竹市,香山區,新竹市延平路二段865巷口(空軍圍牆旁),落地型變壓器,4.89,mG,True
O01110,新竹市延平路二段681號前落地型變壓器量測,2019-05-17,新竹市,香山區,新竹市延平路二段681號前(指澤宮前),落地型變壓器,12.85,mG,True
O01109,新竹市延平路二段落地型變壓器,2019-05-17,新竹市,香山區,新竹市延平路二段與浸水北街路口,落地型變壓器,11.96,mG,True
E01251,HE108-05-002,2019-05-17,高雄市,鳥松區,高雄市鳥松區大埤路27號15樓頂(A棟),手機基地臺,0.0065,mW/cm<sup>2</sup>,True
B01131,臺中市南屯區永春東一路719號(全家),2019-05-22,臺中市,南屯區,永春東一路719號,無線區域網路(Wi-Fi),1.8E-05,mW/cm<sup>2</sup>,True
B01130,臺中市南屯區豐樂里永春東路860號(7-11),2019-05-22,臺中市,南屯區,豐樂里永春東路860號,無線區域網路(Wi-Fi),8E-06,mW/cm<sup>2</sup>,True
D01092,臺南市新營區太子宮西方埤子底西方附近,2019-05-09,臺南市,新營區,臺南市新營區太子宮西方埤子底,手機基地臺,6.3E-06,mW/cm<sup>2</sup>,True
D01090,臺南市東區縱貫公路大同機場路口公車站旁,2019-04-09,臺南市,東區,臺南市東區縱貫公路大同機場路口公車站旁,手機基地臺,8.3E-06,mW/cm<sup>2</sup>,True
B01129,漢口國中旁落地型變壓器,2019-05-22,臺中市,西屯區,漢口路一段54-1號,落地型變壓器,7.552,mG,True
V00988,台東縣四維路三段11號17樓,2019-05-22,臺東縣,台東市,四維路三段11號頂樓,手機基地臺,0.01805,mW/cm<sup>2</sup>,True
O01101,新竹市頂埔路與經國路三段92巷落地型變壓器量測,2019-05-13,新竹市,北區,新竹市頂埔路與經國路三段92巷,落地型變壓器,5.38,mG,True
D01080,臺南市新營區太北街140-21號太子國中西方附近,2019-05-09,臺南市,新營區,臺南市新營區太北街140-21號,手機基地臺,5.9E-06,mW/cm<sup>2</sup>,True
O01094,新竹市中華路五段與中華路208巷路口落地型變壓器量測,2019-05-13,新竹市,香山區,新竹市中華路五段與中華路208巷路口,落地型變壓器,3.79,mG,True
O01093,新竹市中華路五段320巷對面落地型變壓器量測,2019-05-13,新竹市,香山區,新竹市中華路五段320巷對面,落地型變壓器,7.02,mG,True
O01092,新竹市中華路五段350號對面落地型變壓器量,2019-05-13,新竹市,香山區,新竹市中華路五段350號對面,落地型變壓器,7.88,mG,True
O01108,新竹市中華路五段648巷對面落地形變壓量測,2019-05-13,新竹市,香山區,新竹市中華路五段648巷對面,落地型變壓器,7.2,mG,True
O01090,新竹市中華路與五福路口落地型變壓器量測,2019-05-13,新竹市,香山區,新竹市中華路六段與五福路路口(天橋下),落地型變壓器,7.8,mG,True
I00758,中山路336號前落地型變壓器,2019-05-10,嘉義市,東區,中山路336號,落地型變壓器,1.866,mG,True
D01079,臺南市麻豆區176縣道台糖文正加油站對面,2019-04-25,臺南市,麻豆區,臺南市麻豆區176縣道台糖文正加油站對面,手機基地臺,2.13E-05,mW/cm<sup>2</sup>,True
E01250,HE108-05-003 (AM正聲廣播電臺),2019-05-22,高雄市,仁武區,高雄市鳥松區澄清路819號附近,AM廣播電臺,12.05,V/m,True
O01097,新竹市中華路4段與東華路路口落地型變壓器量測,2019-05-13,新竹市,香山區,新竹市中華路4段與東華路路口,落地型變壓器,23,mG,True
A01325,中正區中華路一段198號前方公話亭無線網路,2019-04-23,臺北市,中正區,中華路一段198號,無線區域網路(Wi-Fi),0.001,mW/cm<sup>2</sup>,True
A01324,中正區中華路一段192號前方公話亭無線網路,2019-04-23,臺北市,中正區,中華路一段192號,無線區域網路(Wi-Fi),0.0015,mW/cm<sup>2</sup>,True
A01323,中正區中華路一段180號前方公話亭無線網路,2019-04-23,臺北市,中正區,中華路一段180號,無線區域網路(Wi-Fi),0.0036,mW/cm<sup>2</sup>,True
A01322,中正區中華路一段166號前方公話亭無線網路,2019-04-23,臺北市,中正區,中華路一段166號,無線區域網路(Wi-Fi),0.001,mW/cm<sup>2</sup>,True
A01321,中正區中華路一段158號左前方公話亭無線網路,2019-04-23,臺北市,中正區,中華路一段158號,無線區域網路(Wi-Fi),0.0042,mW/cm<sup>2</sup>,True
A01320,中正區成都路1號前公話亭無線網路,2019-04-23,臺北市,中正區,成都路1號,無線區域網路(Wi-Fi),0.0093,mW/cm<sup>2</sup>,True
A01319,中正區中華路一段150號前公話亭無線網路,2019-04-23,臺北市,中正區,中華路一段150號,無線區域網路(Wi-Fi),0.0009,mW/cm<sup>2</sup>,True
A01318,中正區中華路一段144號之3前公話亭無線網路,2019-04-23,臺北市,中正區,中華路一段144號,無線區域網路(Wi-Fi),0.0005,mW/cm<sup>2</sup>,True
A01317,中正區中華路一段144號之2前公話亭無線網路,2019-04-23,臺北市,中正區,中華路一段144號,無線區域網路(Wi-Fi),0.0007,mW/cm<sup>2</sup>,True
O01096,新竹市牛埔南路102之6號對面落地型變壓器量測,2019-05-15,新竹市,香山區,新竹市牛埔南路102之6號對面,落地型變壓器,3.2,mG,True
N01049,彰化縣彰化市民族路163號（7-11）,2019-04-17,彰化縣,彰化市,民族路163號,無線區域網路(Wi-Fi),0.0011,mW/cm<sup>2</sup>,True
D01070,臺南市關廟區關新路二段567號斜對面,2019-04-18,臺南市,關廟區,臺南市關廟區關新路二段567號斜對面,手機基地臺,2.7E-05,mW/cm<sup>2</sup>,True
D01069,臺南市新化區省道20號跟省道39號交叉路口,2019-04-18,臺南市,新化區,臺南市新化區省道20號跟省道39號交叉路口,手機基地臺,9.9E-06,mW/cm<sup>2</sup>,True
O01089,新竹市中華路與香山聯絡道落地型變壓器量測,2019-05-13,新竹市,香山區,新竹市中華路六段與香山聯絡道路口,落地型變壓器,7.58,mG,True
V00986,台東之聲廣播電台,2019-05-22,臺東縣,台東市,四維路三段11號16樓樓頂,FM廣播電臺,0.01613,mW/cm<sup>2</sup>,True
I00762,中山路378號前落地型變壓器,2019-05-10,嘉義市,東區,中山路378號,落地型變壓器,45.52,mG,True
I00761,中山路372號前落地型變壓器,2019-05-10,嘉義市,東區,中山路372號,落地型變壓器,45.14,mG,True
I00759,中山路360號前落地型變壓器,2019-05-15,嘉義市,東區,中山路360號,落地型變壓器,12.63,mG,True
V00985,漢聲,2019-05-15,臺東縣,台東市,鯉魚山營區,FM廣播電臺,0.01539,mW/cm<sup>2</sup>,True
U10565,富吉路與富裕六街口落地型變壓器量測,2019-04-26,花蓮縣,花蓮市,富吉路與富裕六街口,落地型變壓器,29.3,mG,True
U10564,尚志路29號之1前落地型變壓器量測,2019-04-26,花蓮縣,花蓮市,尚志路29號之1前,落地型變壓器,14.1,mG,True
U10563,尚志路19號旁落地型變壓器量測,2019-04-26,花蓮縣,花蓮市,尚志路19號旁,落地型變壓器,10,mG,True
U10560,美工路13號旁落地型變壓器量測,2019-03-28,花蓮縣,花蓮市,美工路13號旁,落地型變壓器,2.3,mG,True
U10559,北興路落地型變壓器量測,2019-03-28,花蓮縣,花蓮市,北興路,落地型變壓器,0.9,mG,True
U10558,海岸路與南海六街口落地型變壓器量測,2019-03-27,花蓮縣,吉安鄉,海岸路與南海六街口,落地型變壓器,4.9,mG,True
U10557,軒轅路與三民街口落地型變壓器量測,2019-03-22,花蓮縣,花蓮市,軒轅路與三民街口,落地型變壓器,8.3,mG,True
U10562,國盛六街45號前落地型變壓器量測,2019-04-25,花蓮縣,花蓮市,國盛六街45號前,落地型變壓器,12.1,mG,True
U10561,國民八街與國盛三街口落地型變壓器量測,2019-04-25,花蓮縣,花蓮市,國民八街與國盛三街口,落地型變壓器,38.3,mG,True
E01245,LE108-04-002,2019-04-12,高雄市,前鎮區,高雄市前鎮區德昌路345號附近,落地型變壓器,18.708,mG,True
H01253,中壢區環北路368號前落地型變壓器量測,2019-04-25,桃園市,中壢區,環北路368號,落地型變壓器,3.1,mG,True
H01252,中壢區環北路390號落地型變壓器量測,2019-04-25,桃園市,中壢區,環北路390號,落地型變壓器,23.7,mG,True
H01251,中壢區六合路8號前落地型變壓器量測,2019-04-25,桃園市,中壢區,六合路8號,落地型變壓器,50.2,mG,True
D01076,臺南市官田區臺84線及省道1號交叉路段附近,2019-04-25,臺南市,官田區,臺南市官田區臺84線及省道1號交叉路段附近,手機基地臺,7.1E-06,mW/cm<sup>2</sup>,True
H01250,內壢變電所,2019-04-25,桃園市,中壢區,遠揚街28號,變電所,73.7,mG,True
H01249,興國變電所,2019-04-25,桃園市,中壢區,新生路425號,變電所,26.7,mG,True
N01039,彰化縣福興鄉彰水路284號(OK),2019-03-05,彰化縣,福興鄉,彰水路284號,無線區域網路(Wi-Fi),0.0022,mW/cm<sup>2</sup>,True
N01038,彰化縣秀水鄉民生街960號(7-11),2019-03-05,彰化縣,秀水鄉,民生街960號,無線區域網路(Wi-Fi),0.0005,mW/cm<sup>2</sup>,True
N01040,彰化縣福興鄉彰水路60號 (7-11),2019-03-05,彰化縣,福興鄉,彰水路60號,無線區域網路(Wi-Fi),0.0016,mW/cm<sup>2</sup>,True
B01124,弘光科技大學,2019-04-24,臺中市,沙鹿區,台灣大道六段1018號,學校極低頻設施,4.722,mG,True
A01327,中正區中華路一段178號之1右前方變電箱,2019-04-23,臺北市,中正區,中華路一段178號,落地型變壓器,19.5,mG,True
B01125,成功國小,2019-04-29,臺中市,東區,旱溪西路一段300號,學校極低頻設施,24.59,mG,True
N01048,彰化縣和美鎮彰新路二段163號（全家）,2019-04-17,彰化縣,和美鎮,彰新路二段163號,無線區域網路(Wi-Fi),0.0004,mW/cm<sup>2</sup>,True
A01326,中正區中華路一段180號前變電箱,2019-04-23,臺北市,中正區,中華路一段180號,落地型變壓器,7.6,mG,True
N01047,新庄國小前落地型變壓器,2019-04-17,彰化縣,和美鎮,彰新路二段500號,落地型變壓器,33.32,mG,True
N01046,彰興國中前落地型變壓器,2019-04-17,彰化縣,彰化市,埔西街107號,落地型變壓器,13.19,mG,True
D01071,臺南市關廟區國道3號里程數354公里附近,2019-04-18,臺南市,關廟區,臺南市關廟區國道3號里程數354公里附近,手機基地臺,6.6E-06,mW/cm<sup>2</sup>,True
B01123,萬和國中旁落地型變壓器,2019-04-17,臺中市,南屯區,永春東路885號,落地型變壓器,6.68,mG,True
E01237,LE108-03-004,2019-03-20,高雄市,苓雅區,高雄市苓雅區三多二路102號,落地型變壓器,2.292,mG,True
B01122,新光國小旁落地型變壓器,2019-04-17,臺中市,太平區,新興路200號,落地型變壓器,7.56,mG,True
B01121,忠明高中,2019-04-10,臺中市,西區,博館路166號,學校極低頻設施,17.4,mG,True
H01247,桃園區莊敬路二段369號前落地型變壓器量測,2019-03-27,桃園市,桃園區,桃園區莊敬路二段369號,落地型變壓器,9.5,mG,True
H01246,東埔變電所,2019-03-27,桃園市,桃園區,力行路148號,變電所,46.9,mG,True
H01245,桃園區三元街47巷口落地型變壓器量測,2019-03-27,桃園市,桃園區,桃園區三元街47巷,落地型變壓器,2.3,mG,True
H01244,青溪變電所,2019-03-27,桃園市,桃園區,三民路一段386號,變電所,24.7,mG,True
B01112,台中市東區東光園路142號(7-11),2019-02-22,臺中市,東區,東光園路142號,無線區域網路(Wi-Fi),2E-06,mW/cm<sup>2</sup>,True
N01043,秀水國小前落地型變壓器,2019-03-20,彰化縣,秀水鄉,安東村中山路257號,落地型變壓器,4.34,mG,True
N01041,鹿港國小旁落地型變壓器,2019-03-20,彰化縣,鹿港鎮,三民路192號,落地型變壓器,5.04,mG,True
B01109,台中市西屯區成都路368號(全家),2019-02-22,臺中市,西屯區,成都路368號,無線區域網路(Wi-Fi),2E-06,mW/cm<sup>2</sup>,True
H01243,嶺頂變電所,2019-03-27,桃園市,龜山區,茶專路42號,變電所,41.9,mG,True
H01242,頂湖變電所,2019-03-27,桃園市,龜山區,大華村頂湖路72號,變電所,47.2,mG,True
D01068,臺南市仁德區中正路一段656巷,2019-04-09,臺南市,仁德區,臺南市仁德區中正路一段656巷,手機基地臺,1.52E-05,mW/cm<sup>2</sup>,True
N01051,花壇國小旁落地型變壓器,2019-05-21,彰化縣,花壇鄉,學前路108號,落地型變壓器,37.26,mG,True
A01316,中正區中華路一段92號旁公話亭無線網路,2019-03-28,臺北市,中正區,中華路一段92號,無線區域網路(Wi-Fi),0.0048,mW/cm<sup>2</sup>,True
A01315,中正區中華路一段82號旁公話亭無線網路,2019-03-28,臺北市,中正區,中華路一段82號,無線區域網路(Wi-Fi),0.0021,mW/cm<sup>2</sup>,True
A01313,中正區中華路一段14號旁變電箱,2019-03-28,臺北市,中正區,中華路一段14號,落地型變壓器,12.9,mG,True
A01314,中正區中華路一段66號旁,2019-03-28,臺北市,中正區,中華路一段66號,落地型變壓器,40.1,mG,True
E01238,LE108-03-005,2019-03-22,高雄市,小港區,高雄市小港區中山四路33號附近,落地型變壓器,55.602,mG,True
E01234,LE108-03-002,2019-03-06,高雄市,苓雅區,高雄市苓雅區福德三路111號附近,落地型變壓器,27.022,mG,True
A01311,大安區新生南路一段99號旁變電箱,2019-02-20,臺北市,大安區,新生南路一段99號,落地型變壓器,7.2,mG,True
A01310,大安區仁愛路三段7-3號旁公話亭無線網路,2019-02-20,臺北市,大安區,仁愛路三段7-3號,無線區域網路(Wi-Fi),0.0006,mW/cm<sup>2</sup>,True
U10556,海濱街與光華街口落地型變壓器量測,2019-03-22,花蓮縣,花蓮市,海濱街與光華街口,落地型變壓器,20.6,mG,True
N01044,秀水高工旁落地型變壓器,2019-03-20,彰化縣,秀水鄉,中山路364號,落地型變壓器,16.4,mG,True
E01233,LE108-03-001,2019-03-06,高雄市,新興區,高雄市新興區五福二路3號附近,落地型變壓器,6.077,mG,True
N01036,彰化縣員林鎮員大路一段75號 (全家),2019-03-05,彰化縣,員林鎮,員大路一段75號,無線區域網路(Wi-Fi),0.0007,mW/cm<sup>2</sup>,True
N01042,和美高中旁落地型變壓器,2019-03-20,彰化縣,和美鎮,西園路31號,落地型變壓器,25.93,mG,True
E01232,LE108-02-003,2019-02-19,高雄市,鳳山區,高雄市鳳山區文龍路63號附近,落地型變壓器,7.476,mG,True
E01230,LE108-02-001,2019-02-13,高雄市,鳳山區,高雄市鳳山區文鳳路69號附近,落地型變壓器,45.213,mG,True
U10555,南濱路一段與華北二路口落地型變壓器量測,2019-02-22,花蓮縣,吉安鄉,南濱路一段與華北二路口,落地型變壓器,3.8,mG,True
U10554,華中路與華工三路口落地型變壓器量測,2019-02-22,花蓮縣,吉安鄉,華中路與華工三路口,落地型變壓器,2.7,mG,True
U10553,華工六路90巷19號旁落地型變壓器量測,2019-02-22,花蓮縣,吉安鄉,華工六路90巷19號旁,落地型變壓器,8.3,mG,True
U10552,華工六路92巷100號旁落地型變壓器量測,2019-02-22,花蓮縣,吉安鄉,華工六路92巷100號旁,落地型變壓器,32.6,mG,True
A01309,大安區仁愛路四段85號前變電箱,2019-02-20,臺北市,中山區,仁愛路四段85號,落地型變壓器,1.8,mG,True
V00982,台東縣成功鎮都歷路160之1(信義國小圍牆旁),2019-02-26,臺東縣,成功鎮,都歷路160之1號,落地型變壓器,2.86,mG,True
V00981,台東縣成功鎮石傘路64號旁,2019-02-26,臺東縣,成功鎮,石傘路64號,落地型變壓器,3.23,mG,True
V00980,台東縣消防局東河分隊-落地型變壓器,2019-02-26,臺東縣,東河鄉,東河村南東河369號,落地型變壓器,1.92,mG,True
E01227,LE108-01-006,2019-01-21,高雄市,三民區,高雄市三民區同盟二路215號附近,落地型變壓器,3.023,mG,True
B01108,台中市西區公館路136號(7-11),2019-01-25,臺中市,西區,公館路136號,無線區域網路(Wi-Fi),0.003,mW/cm<sup>2</sup>,True
B01107,台中市西區林森路80號(7-11),2019-01-25,臺中市,西區,林森路80號,無線區域網路(Wi-Fi),0.008,mW/cm<sup>2</sup>,True
F01437,中幅變電所,2018-11-26,新北市,萬里區,中幅路115號,變電所,20.11,mG,True
F01436,頂坪變電所,2018-08-21,新北市,瑞芳區,頂坪路30號,變電所,12.16,mG,True
F01435,瑞芳變電所,2018-08-21,新北市,瑞芳區,明燈路一段45巷20號,變電所,94.85,mG,True
F01430,迴龍變電所,2018-08-22,新北市,泰山區,壽山路104號,變電所,24.15,mG,True
F01429,泰山變電所,2018-08-22,新北市,泰山區,明志路1段97號,變電所,5.208,mG,True
F01428,金山變電所,2018-11-26,新北市,金山區,中正路151號,變電所,9.415,mG,True
F01427,坪林變電所,2018-11-26,新北市,坪林區,水柳腳124-1號,變電所,4.724,mG,True
F01426,橋東變電所,2018-08-21,新北市,汐止區,橋東里建成路59巷6號,變電所,4.727,mG,True
F01425,八連變電所,2018-08-21,新北市,汐止區,南陽路130號,變電所,13.11,mG,True
E01231,LE108-02-002,2019-02-14,高雄市,小港區,高雄市小港區明義街2號附近,落地型變壓器,4.674,mG,True
B01114,台中市東區大振街31號(全家),2019-02-22,臺中市,東區,大振街31號,無線區域網路(Wi-Fi),2E-06,mW/cm<sup>2</sup>,True
B01113,台中市西屯區河南路二段14號(7-11),2019-02-22,臺中市,西屯區,河南路二段14號,無線區域網路(Wi-Fi),4E-06,mW/cm<sup>2</sup>,True
E01229,LE108-01-008,2019-01-24,高雄市,小港區,高雄市小港區中山四路2號附近,落地型變壓器,16.898,mG,True
E01228,LE108-01-007,2019-01-23,高雄市,三民區,高雄市三民區黃興路213號附近,落地型變壓器,29.403,mG,True
E01226,LE108-01-005,2019-01-19,高雄市,苓雅區,高雄市苓雅區四維一路202號附近,落地型變壓器,5.39,mG,True
V00978,台東市更生路126號前方,2019-01-29,臺東縣,台東市,更生路126號,落地型變壓器,12.92,mG,True
E01225,LE108-01-004,2019-01-16,高雄市,前鎮區,高雄市前鎮區明鳳七街1號,落地型變壓器,15.01,mG,True
B01103,台中市東區大智路359號(大智國小),2019-01-17,臺中市,東區,台中市東區大智路359號,落地型變壓器,3.71,mG,True
B01104,台中市東區仁和路330號(東峰國中),2019-01-17,臺中市,東區,仁和路330號,落地型變壓器,9.77,mG,True
F01434,深澳變電所,2018-08-21,新北市,瑞芳區,台電新村26號,變電所,10.86,mG,True
F01424,菁桐變電所,2018-08-16,新北市,平溪區,雙菁路50號,變電所,119.4,mG,True
F01432,深美變電所,2018-08-16,新北市,深坑區,昇高村北深路一段249巷6號,變電所,32.19,mG,True
F01431,深坑變電所,2018-08-16,新北市,深坑區,北深路2段68號,變電所,17.21,mG,True
A01308,大安區仁愛路四段29號旁公話亭無線網路,2019-02-20,臺北市,大安區,仁愛路四段29號,無線區域網路(Wi-Fi),0.02,mW/cm<sup>2</sup>,True
F01439,鶯南變電所,2018-11-26,新北市,新莊區,中正三路2號,變電所,16.93,mG,True
F01438,柑園變電所,2018-08-15,新北市,樹林區,學成路800號,變電所,15.9,mG,True
U10551,東興三街落地型變壓器量測,2019-02-13,花蓮縣,花蓮市,東興三街,落地型變壓器,8.1,mG,True
N01034,彰化師範大學寶山校區旁落地型變壓器,2019-01-25,彰化縣,彰化市,師大路2號,落地型變壓器,35.98,mG,True
V00979,台東市南京路123號前方,2019-01-29,臺東縣,台東市,南京路123號,落地型變壓器,8.41,mG,True
E01224,LE108-01-003,2019-01-14,高雄市,苓雅區,高雄市苓雅區明德街157號附近,落地型變壓器,35.378,mG,True
E01223,LE108-01-002,2019-01-09,高雄市,新興區,高雄市新興區六合一路95號附近,落地型變壓器,14.028,mG,True
B01101,台中市南區國光路261號(國光國小),2019-01-17,臺中市,南區,台中市南區國光路261號,落地型變壓器,19.46,mG,True
F01433,雙溪變電所,2018-08-16,新北市,雙溪區,中正路60號,變電所,8.423,mG,True
F01423,板橋E/S變電所,2018-08-13,新北市,土城區,峰廷里1鄰延吉街111巷15號,變電所,9.597,mG,True
F01422,極低頻非屬原子能游離輻射檢測結果報告,2018-11-26,新北市,永和區,豫溪街193號,變電所,35.26,mG,True
F01421,隆恩變電所,2018-08-15,新北市,三峽區,隆恩街241號,變電所,28.88,mG,True
F01420,介壽變電所,2018-08-15,新北市,三峽區,介壽路一段422號,變電所,16.63,mG,True
N01033,彰化師範大學創新育成大樓旁落地型變壓器,2019-01-25,彰化縣,彰化市,師大路2號,落地型變壓器,6.69,mG,True
F01419,重新變電所,2018-08-22,新北市,三重區,菜寮里18鄰光明路60號,變電所,9.838,mG,True
T00722,屏東公園體育館勝利路側落地型變壓器,2018-12-22,屏東縣,屏東市,屏東市 勝利路24-2號,落地型變壓器,49.6,mG,True
T00721,屏東極限運動場落地型變壓,2018-12-22,屏東縣,屏東市,屏東市 中山路73-3號,落地型變壓器,58,mG,True
T00709,公園東路32號前落地型變壓器,2018-12-26,屏東縣,屏東市,屏東市公園東路32號,落地型變壓器,19.4,mG,True
I00757,中山路440號前落地型變壓器,2018-12-28,嘉義市,東區,中山路440號,落地型變壓器,5.997,mG,True
I00756,中山路476號前落地型變壓器,2018-12-28,嘉義市,東區,中山路476號,落地型變壓器,16.27,mG,True
T00708,公園東路63號旁落地型變壓器,2018-12-26,屏東縣,屏東市,屏東市公園東路63號,落地型變壓器,15.8,mG,True
I00755,中山路375號前落地型變壓器中山路551號前,2018-12-28,嘉義市,東區,中山路551號,落地型變壓器,12.67,mG,True
I00754,中山路527號前落地型變壓器,2018-12-28,嘉義市,東區,中山路527號,落地型變壓器,2.303,mG,True
T00720,屏東唐榮國小(正門)落地型變壓器,2018-12-22,屏東縣,屏東市,屏東市 中山路41號,落地型變壓器,7.5,mG,True
T00719,青創聚落西側落地型變壓器,2018-12-22,屏東縣,屏東市,屏東市 勝利路97號,落地型變壓器,46.6,mG,True
T00718,明正國中(側門)落地型變壓器,2018-12-22,屏東縣,屏東市,屏東市 仁愛路113號,落地型變壓器,38.8,mG,True
T00712,廣州街33號旁落地型變壓器,2018-12-28,屏東縣,屏東市,屏東市廣州街33號,落地型變壓器,5,mG,True
T00711,一ㄚ霞鴨肉店前落地型變壓器,2018-12-28,屏東縣,屏東市,屏東市公園東路84-3號,落地型變壓器,45.4,mG,True
T00710,祈安佛堂前落地型變壓器,2018-12-28,屏東縣,屏東市,屏東市公園東路135號,落地型變壓器,30.1,mG,True
I00753,北榮街56巷與北榮街口落地型變壓器,2018-12-21,嘉義市,東區,北榮街56巷,落地型變壓器,6.998,mG,True
T00707,木川崌餐廳旁落地型變壓器,2018-12-26,屏東縣,屏東市,屏東市公園東路45號,落地型變壓器,35.5,mG,True
I00752,文化路169號前落地型變壓器,2018-12-21,嘉義市,東區,文化路169號,落地型變壓器,4.102,mG,True
I00751,圓環大鐘下落地型變壓器,2018-12-28,嘉義市,東區,公明路418號,落地型變壓器,0.499,mG,True
T00705,新光銀行東園分行旁落地型變壓器,2018-12-26,屏東縣,屏東市,屏東市廣東路63號,落地型變壓器,24.9,mG,True
I00736,文化路19之2對面落地型變壓器,2018-12-22,嘉義市,東區,文化路19之2,落地型變壓器,12.27,mG,True
T00706,台灣菸酒屏東營業所落地型變壓器,2018-12-26,屏東縣,屏東市,屏東市林森路17號,落地型變壓器,58.1,mG,True
T00699,屏東大學林森校區西側落地型變壓器,2018-12-26,屏東縣,屏東市,汕頭街32號,落地型變壓器,59.3,mG,True
I00747,中山路465號前落地型變壓器,2018-12-25,嘉義市,東區,中山路465號,落地型變壓器,18.14,mG,True
I00746,中山路427號前落地型變壓器,2018-12-25,嘉義市,東區,中山路427號,落地型變壓器,2.741,mG,True
Q10335,民雄鄉西昌村竹子腳7之38號前手機基地台,2018-11-21,嘉義縣,民雄鄉,民雄鄉西昌村竹子腳7之38號前,手機基地臺,0.00097,mW/cm<sup>2</sup>,True
Q10334,東石鄉港墘公車站旁桿上型變電箱,2018-11-26,嘉義縣,東石鄉,東石鄉港墘公車站旁,站臺式變壓器,3.77,mG,True
I00735,文化路17之5號對面落地型變壓器,2018-12-21,嘉義市,東區,文化路17之5號,落地型變壓器,11.48,mG,True
I00727,中山路239號前落地型變壓器,2018-12-21,嘉義市,東區,中山路239號,落地型變壓器,4.215,mG,True
T00717,P-bike屏東書院站落地型變壓器,2018-12-22,屏東縣,屏東市,屏東市 勝利路44號,落地型變壓器,49.6,mG,True
T00716,環球網際網路公園店前西側落地型變壓器,2018-12-29,屏東縣,屏東市,屏東市公園東路50號,落地型變壓器,38,mG,True
T00715,淡喜堂前東側落地型變壓器,2018-12-28,屏東縣,屏東市,屏東市公園東路20號,落地型變壓器,10.2,mG,True
T00714,淡喜堂前東側落地型變壓器,2018-12-28,屏東縣,屏東市,屏東市公園東路20號,落地型變壓器,7.7,mG,True
T00713,八大昌文具行前落地型變壓器,2018-12-28,屏東縣,屏東市,屏東市公園東路9號,落地型變壓器,20.3,mG,True
T00703,水源街36號對面落地型變壓器,2018-12-26,屏東縣,屏東市,屏東市水源街36號,落地型變壓器,8.6,mG,True
T00702,自來水屏東營運所西側落地型變壓器,2018-12-26,屏東縣,屏東市,屏東市水源街20號,落地型變壓器,21.3,mG,True
T00701,廣州街19號前落地型變壓器,2018-12-26,屏東縣,屏東市,屏東市廣州街19號,落地型變壓器,23.7,mG,True
T00700,屏東大學院長宿舍旁落地型變壓器,2018-12-26,屏東縣,屏東市,屏東市廣州街20號,落地型變壓器,42.2,mG,True
F01418,板橋P/S變電所,2018-08-13,新北市,土城區,峰廷里1鄰金城路三段204號,變電所,54.03,mG,True
F01417,頂埔變電所,2018-08-13,新北市,土城區,沛陂里8鄰中興路1號,變電所,14.75,mG,True
I00734,文化路加油站前落地型變壓器,2018-12-21,嘉義市,東區,文化路17之5號,落地型變壓器,13.83,mG,True
I00733,中山路190號前落地型變壓器,2018-12-21,嘉義市,東區,中山路190號,落地型變壓器,0.589,mG,True
I00732,中山路208號前落地型變壓器,2018-12-21,嘉義市,東區,中山路208號,落地型變壓器,3.73,mG,True
I00731,中山路248號前落地型變壓器,2018-12-21,嘉義市,東區,中山路248號,落地型變壓器,0.741,mG,True
I00730,中山路279號前落地型變壓器,2018-12-21,嘉義市,東區,中山路279號,落地型變壓器,3.909,mG,True
I00729,中山路271號前落地型變壓器,2018-12-21,嘉義市,東區,中山路271號,落地型變壓器,9.181,mG,True
I00726,中山路217號前落地型變壓器,2018-12-19,嘉義市,東區,中山路217號,落地型變壓器,6.46,mG,True
T00682,屏東市青創聚落眷戀coffee落地型變壓器,2018-03-28,屏東縣,屏東市,青島街85號,落地型變壓器,20.1,mG,True
T00677,屏東縣立棒球場落地型變壓器,2018-03-26,屏東縣,屏東市,棒球路1號,落地型變壓器,5.2,mG,True
T00665,衛生福利部屏東醫院落地型變壓器,2018-03-20,屏東縣,屏東市,屏東市自由路270號,落地型變壓器,56.4,mG,True
T00679,屏東大學林森校區落地型變壓器,2018-03-27,屏東縣,屏東市,屏東市林森路1號,落地型變壓器,8.7,mG,True
T00671,中華電信屏東門市落地型變壓器,2018-03-25,屏東縣,屏東市,屏東市民生路343號,落地型變壓器,11.6,mG,True
T00666,屏東市崇大新城落地型變壓器,2018-03-22,屏東縣,屏東市,華盛街62-7號,落地型變壓器,4.8,mG,True
T00664,屏東縣立明正國民中學,2018-02-15,屏東縣,屏東市,大連路70號,落地型變壓器,13,mG,True
I00749,中山路509號前落地型變壓器,2018-12-25,嘉義市,東區,中山路509號,落地型變壓器,2.375,mG,True
I00748,中山路477號前落地型變壓器,2018-12-25,嘉義市,東區,中山路477號,落地型變壓器,7.878,mG,True
I00745,中山路421號前落地型變壓器,2018-12-25,嘉義市,東區,中山路421號,落地型變壓器,4.713,mG,True
I00744,中山路411號前落地型變壓器,2018-12-25,嘉義市,東區,中山路411號,落地型變壓器,2.107,mG,True
I00743,中山路387號前落地型變壓器,2018-12-25,嘉義市,東區,中山路387號,落地型變壓器,7.668,mG,True
I00742,中山路375號前落地型變壓器,2018-12-25,嘉義市,東區,中山路375號,落地型變壓器,9.273,mG,True
I00741,中山路369號前落地型變壓器,2018-12-25,嘉義市,東區,中山路369號,落地型變壓器,0.855,mG,True
I00738,國華街141號對面落地型變壓器,2018-12-20,嘉義市,東區,國華街141號,落地型變壓器,3.297,mG,True
I00740,中山路345號前落地型變壓器,2018-12-25,嘉義市,東區,中山路345號,落地型變壓器,3.537,mG,True
Q10338,民雄鄉交流道下產業道路電桿K2410 GE50號前基地台,2018-11-26,嘉義縣,民雄鄉,民雄鄉交流道下產業道路電桿K2410 GE50號前,手機基地臺,0.00155,mW/cm<sup>2</sup>,True
Q10337,民雄鄉國道一號與牛稠溪交界處手機基地台,2018-11-21,嘉義縣,民雄鄉,民雄鄉國道一號與牛稠溪交界處,手機基地臺,0.00235,mW/cm<sup>2</sup>,True
Q10336,填寫報告名稱(例如:大樓世紀基地台量測)新港鄉嘉南大圳蒜頭支線旁手基地台，最多50個中文字,2018-11-21,嘉義縣,新港鄉,新港鄉嘉南大圳蒜頭支線旁,手機基地臺,0.00054,mW/cm<sup>2</sup>,True
T00663,屏東市環球百貨對面落地型變壓器,2018-02-15,屏東縣,屏東市,仁愛路 90 號,落地型變壓器,35,mG,True
J00988,全家便利商店_竹東上舜店_無線區域網路(Wi-Fi)量測,2018-03-15,新竹縣,竹東鎮,光明路261號1樓,無線區域網路(Wi-Fi),2.503434E-06,mW/cm<sup>2</sup>,True
O01087,新竹市中華路五段與中華路208巷路口落地型變壓器量測,2018-11-05,新竹市,香山區,新竹市中華路五段與中華路208巷路口,落地型變壓器,3.15,mG,True
O01083,新竹市中華路五段648巷對面落地形變壓量測,2018-11-13,新竹市,東區,新竹市中華路五段648巷對面,落地型變壓器,0.966,mG,True
O01082,新竹市北大路人文年代咖啡前,2018-12-11,新竹市,東區,新竹市北大路人文年代咖啡前,落地型變壓器,19.4,mG,True
O01081,新竹市中華路五段320巷對面落地型變壓器量測,2018-11-05,新竹市,香山區,新竹市中華路五段320巷對面,落地型變壓器,4.18,mG,True
J00980,竹北市嘉勤北路45巷1-18對面_落地型變電箱量測,2018-11-15,新竹縣,竹北市,嘉勤北路45巷1-18號對面,落地型變壓器,2.154,mG,True
J00979,竹北市嘉勤北路41巷1號對面_落地型變電箱量測,2018-11-15,新竹縣,竹北市,嘉勤北路41巷1號對面,落地型變壓器,2.322,mG,True
J00978,竹北市嘉勤北路33號對面_落地型變電箱量測,2018-11-15,新竹縣,竹北市,嘉勤北路33號對面,落地型變壓器,2.335,mG,True
J00976,竹北市嘉仁街39號右前_落地型變電箱量測,2018-11-15,新竹縣,竹北市,嘉仁街39號右前,落地型變壓器,2.165,mG,True
J00975,竹北市嘉仁街77號右前_落地型變電箱量測,2018-11-15,新竹縣,竹北市,嘉仁街77號右前,落地型變壓器,2.122,mG,True
J00974,竹北市嘉仁街70號左前_落地型變電箱量測,2018-11-15,新竹縣,竹北市,嘉仁街70號左前,落地型變壓器,2.151,mG,True
J00963,警廣新竹分臺AM1512磁場定頻量測,2018-12-03,新竹縣,竹北市,興隆路二段389號,AM廣播電臺,19.98,V/m,True
V00969,大池段341地號,2018-12-12,臺東縣,池上鄉,大池段341地號,手機基地臺,0.00085,mW/cm<sup>2</sup>,True
C00804,復興路336-1號 全家便利商店,2018-09-12,基隆市,中山區,復興路336-1號,無線區域網路(Wi-Fi),2.5E-07,mW/cm<sup>2</sup>,True
C00803,復興路204-1號 全家便利商店,2018-09-12,基隆市,中山區,復興路204-1號,無線區域網路(Wi-Fi),2.1E-07,mW/cm<sup>2</sup>,True
C00802,忠一路20號 全家便利商店,2018-09-12,基隆市,仁愛區,忠一路20號,無線區域網路(Wi-Fi),3E-07,mW/cm<sup>2</sup>,True
C00801,忠一路19號 全家便利商店,2018-12-18,基隆市,仁愛區,忠一路19號,無線區域網路(Wi-Fi),5.8E-07,mW/cm<sup>2</sup>,True
C00800,西定路467號 全家便利商店,2018-12-18,基隆市,中山區,西定路467號,無線區域網路(Wi-Fi),3.5E-07,mW/cm<sup>2</sup>,True
C00799,安樂路一段206號 全家便利商店,2018-12-18,基隆市,安樂區,安樂路一段206號,無線區域網路(Wi-Fi),3.6E-07,mW/cm<sup>2</sup>,True
C00794,全家便利商店,2018-09-12,基隆市,中山區,中山二路53-1號,無線區域網路(Wi-Fi),3.4E-07,mW/cm<sup>2</sup>,True
I00721,中山路137號前落地型變壓器,2018-12-14,嘉義市,東區,中山路137號,落地型變壓器,7.183,mG,True
F01416,新莊變電所,2018-06-22,新北市,新莊區,新莊路773號,變電所,18.3,mG,True
C00834,基金一路208巷167號 落地型變壓器,2018-03-01,基隆市,安樂區,基金一路208巷167號,落地型變壓器,2.3,mG,True
C00833,基金一路208巷126號 落地型變壓器,2018-03-01,基隆市,安樂區,基金一路208巷126號,落地型變壓器,2.7,mG,True
C00832,基金一路208巷120號 落地型變壓器,2018-03-01,基隆市,安樂區,基金一路208巷120號,落地型變壓器,3.5,mG,True
C00831,基金一路208巷119號 落地型變壓器,2018-03-01,基隆市,安樂區,基金一路208巷119號,落地型變壓器,4.1,mG,True
C00830,基金一路208巷中段(54號停車格對面) 落地型變壓器,2018-03-01,基隆市,安樂區,基金一路208巷中段(54號停車格對面),落地型變壓器,2.2,mG,True
C00829,基金一路208巷口 落地型變壓器,2018-03-01,基隆市,安樂區,基金一路208巷口,落地型變壓器,2.1,mG,True
C00828,情人湖長庚醫院對面 落地型變壓器,2018-03-01,基隆市,安樂區,情人湖長庚醫院對面,落地型變壓器,3.9,mG,True
I00723,中山路110號前落地型變壓器,2018-12-14,嘉義市,東區,中山路110號前,落地型變壓器,5.666,mG,True
I00720,中山路153號前落地型變壓器,2018-12-14,嘉義市,東區,中山路153號,落地型變壓器,2.638,mG,True
F01415,西盛變電所,2018-06-22,新北市,新莊區,新樹路304之1號,變電所,19.68,mG,True
C00826,武訓街70號,2018-03-01,基隆市,安樂區,武訓街70號,落地型變壓器,4,mG,True
C00825,武訓街64號 落地型變壓器,2018-03-01,基隆市,安樂區,武訓街64號,落地型變壓器,4.6,mG,True
C00824,武訓街58號,2018-03-01,基隆市,安樂區,武訓街58號,落地型變壓器,7.4,mG,True
C00823,武訓街53號 落地型變壓器,2018-03-01,基隆市,安樂區,武訓街53號,落地型變壓器,8,mG,True
C00822,武訓街45號 落地型變壓器,2018-03-01,基隆市,安樂區,武訓街45號,落地型變壓器,1.9,mG,True
C00821,武訓街42號 落地型變壓器,2018-03-01,基隆市,安樂區,武訓街42號,落地型變壓器,2.6,mG,True
C00820,武訓街38號 落地型變壓器,2018-03-01,基隆市,安樂區,武訓街38號,落地型變壓器,3.5,mG,True
C00819,武訓街33號 落地型變壓器,2018-03-01,基隆市,安樂區,武訓街33號,落地型變壓器,5.8,mG,True
C00818,武訓街17號 落地型變壓器,2018-12-19,基隆市,安樂區,武訓街17號,落地型變壓器,8.3,mG,True
V00977,岩灣國小圍牆旁,2018-12-18,臺東縣,台東市,岩灣路50巷401弄11號,落地型變壓器,0.98,mG,True
V00974,池上鄉新興村104號(台東農場圍牆旁),2018-12-12,臺東縣,池上鄉,新興村104號,落地型變壓器,7.06,mG,True
C00827,情人湖公園旁 落地型變壓器,2018-03-01,基隆市,安樂區,情人湖公園旁,落地型變壓器,9.8,mG,True
F01409,沙崙變電所,2018-06-14,新北市,淡水區,新市二路2段200號,變電所,4.968,mG,True
C00798,北寧路250-8號 全家便利商店,2018-09-12,基隆市,中正區,北寧路250-8號,無線區域網路(Wi-Fi),4.1E-07,mW/cm<sup>2</sup>,True
F01412,自強變電所,2018-06-22,新北市,三重區,自強路四段29號,變電所,16.99,mG,True
I00725,中山路110號前落地型變壓器,2018-12-20,嘉義市,東區,中山路110號前,落地型變壓器,5.666,mG,True
I00724,中山路167號前落地型變壓器,2018-12-20,嘉義市,東區,中山路167號,落地型變壓器,7.124,mG,True
T00681,屏東市寶青游泳池落地型變壓器,2018-03-29,屏東縣,屏東市,屏東市自由路548號,落地型變壓器,0.5,mG,True
T00683,屏東市基督教聖公會聖馬可堂落地型變壓器,2018-03-28,屏東縣,屏東市,忠孝路120-11號,落地型變壓器,50,mG,True
T00680,屏東市台美診所落地型變壓器,2018-03-28,屏東縣,屏東市,民生路271號,落地型變壓器,3.2,mG,True
T00670,屏東火車站前門東側落地型變壓器,2018-03-25,屏東縣,屏東市,屏東市中正路126號,落地型變壓器,10.6,mG,True
T00678,屏東縣立民和國小,2018-03-27,屏東縣,屏東市,屏東市自立路213號,落地型變壓器,62.3,mG,True
O01086,新竹市光復路568號 對面落地形變壓器量測,2018-11-13,新竹市,東區,新竹市光復路568號,落地型變壓器,4.68,mG,True
O01085,新竹市牛埔南路102之6號落地型變壓器量測,2018-11-05,新竹市,香山區,新竹市牛埔南路102之6號,落地型變壓器,4.34,mG,True
O01084,新竹市頂埔路與經國路三段92巷落地型變壓器量測,2018-11-05,新竹市,北區,新竹市頂埔路與經國路三段92巷,落地型變壓器,5.18,mG,True
J00982,竹北市嘉仁街57巷1-18號對面_落地型變電箱量測,2018-11-15,新竹縣,竹北市,嘉仁街57巷1-18號對面,落地型變壓器,2.213,mG,True
J00981,竹北市嘉仁街51巷1-18號對面_落地型變電箱量測,2018-11-15,新竹縣,竹北市,嘉仁街51巷1-18號對面,落地型變壓器,2.205,mG,True
C00807,安樂路二段164號 安樂區公所,2018-09-12,基隆市,安樂區,安樂路二段164號,無線區域網路(Wi-Fi),6.1E-07,mW/cm<sup>2</sup>,True
C00806,安樂路二段162號 稅務局,2018-12-18,基隆市,安樂區,安樂路二段162號,無線區域網路(Wi-Fi),6.1E-07,mW/cm<sup>2</sup>,True
C00797,北寧路2號 全家便利商店,2018-12-18,基隆市,中正區,北寧路2號,無線區域網路(Wi-Fi),3.4E-07,mW/cm<sup>2</sup>,True
C00805,光一路12號 基隆辦事處,2018-09-12,基隆市,仁愛區,光一路12號,無線區域網路(Wi-Fi),6.2E-07,mW/cm<sup>2</sup>,True
C00795,中山二路53號 全家便利商店,2018-09-12,基隆市,中山區,中山二路53號,無線區域網路(Wi-Fi),2E-07,mW/cm<sup>2</sup>,True
I00719,中山路與維新路口落地型變壓器,2018-12-13,嘉義市,東區,中山路與維新路口,落地型變壓器,8.206,mG,True
I00718,中山路91號前落地型變壓器,2018-12-11,嘉義市,東區,中山路91號,落地型變壓器,2.923,mG,True
I00717,中山路89號前落地型變壓器,2018-12-11,嘉義市,東區,中山路89號,落地型變壓器,4.26,mG,True
J00987,竹北市文忠路與文仁街口_落地型變電箱量測,2018-11-29,新竹縣,竹北市,文忠路與文仁街口,落地型變壓器,2.234,mG,True
J00986,竹北市文忠路與文信路口_落地型變電箱量測,2018-11-29,新竹縣,竹北市,文忠路與文信路口,落地型變壓器,2.142,mG,True
J00985,竹北市嘉仁街70號對面_落地型變電箱量測,2018-11-29,新竹縣,竹北市,嘉仁街70號對面,落地型變壓器,2.11,mG,True
J00984,竹北市嘉仁街139巷1-26號旁_落地型變電箱量測,2018-11-29,新竹縣,竹北市,嘉仁街139巷1-26號旁,落地型變壓器,2.136,mG,True
J00983,竹北市嘉仁街137巷2號旁_落地型變電箱量測,2018-11-29,新竹縣,竹北市,嘉仁街137巷2號旁,落地型變壓器,2.091,mG,True
C00817,武訓街14號 落地型變壓器,2018-03-01,基隆市,安樂區,武訓街14號,落地型變壓器,2.3,mG,True
V00976,大埔村2鄰大埔20之5號旁(德士曳引機旁),2018-12-12,臺東縣,池上鄉,大埔村2鄰大浦20之5號,落地型變壓器,4.99,mG,True
F01414,化成變電所,2018-06-22,新北市,新莊區,化成里13鄰化成路135號,變電所,10.84,mG,True
V00975,鹿野鄉龍田國小圍牆旁,2018-12-12,臺東縣,鹿野鄉,光榮路232號,落地型變壓器,3.21,mG,True
F01413,福營變電所,2018-06-22,新北市,新莊區,福營路19鄰250號,變電所,25.48,mG,True
V00972,鹿野鄉光榮路609號,2018-12-12,臺東縣,鹿野鄉,光榮路609號,落地型變壓器,7.23,mG,True
C00816,武訓街13號 落地型變壓器,2018-12-19,基隆市,安樂區,武訓街13號,落地型變壓器,2.9,mG,True
C00815,大武崙工業區圓環 落地型變壓器,2018-03-01,基隆市,安樂區,武訓街13號,落地型變壓器,3.7,mG,True
F01410,灰瑤變電所,2018-06-06,新北市,蘆洲區,永平街3 2巷4 號,變電所,26.18,mG,True
F01408,興仁變電所,2018-06-14,新北市,淡水區,興仁路160號,變電所,11.73,mG,True
F01411,淡水變電所,2018-06-14,新北市,淡水區,英專路122巷8 號,變電所,20.28,mG,True
V00971,關山鎮蔬菜產銷班第三班旁,2018-12-12,臺東縣,關山鎮,北庄段890地號,手機基地臺,0.00074,mW/cm<sup>2</sup>,True
V00970,池上鄉新興村7鄰新興207之2號旁,2018-12-12,臺東縣,池上鄉,新興村7鄰新興207之2號旁,手機基地臺,0.00078,mW/cm<sup>2</sup>,True
C00809,港西街6號 航港局,2018-09-12,基隆市,仁愛區,港西街6號,無線區域網路(Wi-Fi),4.8E-07,mW/cm<sup>2</sup>,True
C00808,安樂路二段164號 安樂區戶政事務所,2018-12-18,基隆市,安樂區,安樂路二段164號,無線區域網路(Wi-Fi),5.4E-07,mW/cm<sup>2</sup>,True
J00977,竹北市嘉勤北路23號對面_落地型變電箱量測,2018-11-15,新竹縣,竹北市,嘉勤北路23號對面,落地型變壓器,2.144,mG,True
J00973,竹北市嘉仁街65號前_落地型變電箱量測,2018-11-15,新竹縣,竹北市,嘉仁街65號前,落地型變壓器,2.16,mG,True
J00972,竹北市嘉勤南路與光明九路口_落地型變電箱量測,2018-11-07,新竹縣,竹北市,嘉勤南路與光明九路口,落地型變壓器,2.3129,mG,True
J00971,竹北市嘉勤南路66號對面_落地型變電箱量測,2018-11-07,新竹縣,竹北市,嘉勤南路66號對面,落地型變壓器,2.722,mG,True
J00970,竹北市嘉勤南路100號對面_落地型變電箱量測,2018-11-07,新竹縣,竹北市,嘉勤南路100號對面,落地型變壓器,2.258,mG,True
J00969,竹北市嘉勤南路142號對面_落地型變電箱量測,2018-11-07,新竹縣,竹北市,嘉勤南路142號對面,落地型變壓器,2.475,mG,True
D01065,七股氣象雷達站量測,2017-10-01,臺南市,七股區,雷達站至觀海樓間,雷達站,0.94114,mW/cm<sup>2</sup>,True
D01064,七股氣象雷達站量測,2018-05-22,臺南市,七股區,雷達站至觀海樓間,雷達站,0.44619,mW/cm<sup>2</sup>,True
J00968,全家便利商店_竹北六家店_無線區域網路(Wi-Fi)量測,2018-11-07,新竹縣,竹北市,文興路二段529號,無線區域網路(Wi-Fi),1.832609E-06,mW/cm<sup>2</sup>,True
J00967,全家便利商店_橫山致豐店_無線區域網路(Wi-Fi)量測,2018-11-07,新竹縣,橫山鄉,大肚村12鄰中豐路二段112-2號,無線區域網路(Wi-Fi),1.881449E-06,mW/cm<sup>2</sup>,True
J00966,全家便利商店_新竹橫山店_無線區域網路(Wi-Fi)量測,2018-11-07,新竹縣,橫山鄉,橫山村4鄰中豐路一段262號,無線區域網路(Wi-Fi),7.72373E-07,mW/cm<sup>2</sup>,True
J00965,全家便利商店_芎林五龍店_無線區域網路(Wi-Fi)量測,2018-11-07,新竹縣,芎林鄉,五和街126號,無線區域網路(Wi-Fi),1.881449E-06,mW/cm<sup>2</sup>,True
J00964,全家便利商店_芎林富林店_無線區域網路(Wi-Fi)量測,2018-11-07,新竹縣,芎林鄉,富林路三段94號1樓,無線區域網路(Wi-Fi),1.918501E-06,mW/cm<sup>2</sup>,True
D01051,臺南市玉井區臺84線及南182-1鄉道附近(2),2018-10-26,臺南市,玉井區,臺84線及南182-1鄉道附近(相鄰兩座中，高處的維修平臺是圓形的塔),手機基地臺,1.4E-06,mW/cm<sup>2</sup>,True
N01028,彰化縣花壇鄉中山路一段380號(全家),2018-11-14,彰化縣,花壇鄉,中山路一段380號,無線區域網路(Wi-Fi),3E-07,mW/cm<sup>2</sup>,True
N01025,彰化縣永靖鄉西門路97號(7-11),2018-11-13,彰化縣,永靖鄉,西門路97號,無線區域網路(Wi-Fi),2E-07,mW/cm<sup>2</sup>,True
N01024,彰化縣永靖鄉永坡路2號(7-11),2018-11-13,彰化縣,永靖鄉,永坡路2號,無線區域網路(Wi-Fi),6E-07,mW/cm<sup>2</sup>,True
O01064,新竹市北大路與府後街路口落地型變壓器量測,2018-11-06,新竹市,北區,新竹市北大路與府後街路口,落地型變壓器,6.85,mG,True
N01023,彰化縣永靖鄉中山路二段435號(7-11),2018-11-13,彰化縣,永靖鄉,中山路二段435號,無線區域網路(Wi-Fi),1.1E-06,mW/cm<sup>2</sup>,True
D01052,臺南市玉井區臺84線及南182-1鄉道附近(3),2018-10-26,臺南市,玉井區,臺84線及南182-1鄉道附近(相鄰兩座中，高處的維修平臺是三角形的塔),手機基地臺,1.1E-06,mW/cm<sup>2</sup>,True
D01050,臺南市玉井區臺84線及南182-1鄉道附近(1),2018-10-26,臺南市,玉井區,臺84線及南182-1鄉道附近(三座塔當中最靠近北方且單獨座落的塔),手機基地臺,1.5E-06,mW/cm<sup>2</sup>,True
O01078,新竹市育英路落地型變壓器量測,2018-11-15,新竹市,北區,新竹市育英路72號前(近天公壇),落地型變壓器,101.2,mG,True
D01049,臺南市永康區大灣路942巷169弄(國道一號附近),2018-11-02,臺南市,永康區,大灣路942巷169弄(國道一號附近),手機基地臺,2.1E-06,mW/cm<sup>2</sup>,True
D01048,臺南市永康區永二街245巷,2018-11-02,臺南市,永康區,永二街245巷,手機基地臺,2.6E-06,mW/cm<sup>2</sup>,True
O01077,新竹市寶山路452巷落地型變壓器量測,2018-11-15,新竹市,東區,新竹市寶山路452巷與高翠路73巷2弄,落地型變壓器,10.49,mG,True
O01067,新竹市北大路與演藝路路口落地型變壓器量測,2018-11-14,新竹市,北區,新竹市北大路與演藝路路口,落地型變壓器,6.95,mG,True
O01066,新竹市中央路與文化街口落地型變壓器量測,2018-11-06,新竹市,北區,新竹市中央路與文化街口,落地型變壓器,3.86,mG,True
O01065,新竹市文化街與世界街路口落地型變壓器量測,2018-11-06,新竹市,東區,新竹市文化街與世界街路口,落地型變壓器,5.99,mG,True
O01075,新竹市建功二路與建功路落地型變壓器量測,2018-11-13,新竹市,東區,新竹市建功二路與建功路路口(建功高中旁),落地型變壓器,9.96,mG,True
O01074,新竹市建功一路落地型變壓器量測,2018-11-13,新竹市,東區,新竹市建功一路與水源街、新源街路口,落地型變壓器,3.11,mG,True
O01071,新竹市金農路落地型變壓器量測,2018-11-06,新竹市,北區,新竹市金農路與金農路42巷,落地型變壓器,7.45,mG,True
O01069,新竹市東大路二段與錦華街路口落地型變壓器量測,2018-11-06,新竹市,北區,新竹市東大路二段與錦華街5巷路口,落地型變壓器,6.31,mG,True
O01061,新竹市林森路落地型變壓器量測(台灣銀行新竹分行前),2018-11-06,新竹市,東區,新竹市林森路台灣銀行新竹分行前,落地型變壓器,3.45,mG,True
O01059,新竹市中華路四段與華北路路口落地型變壓器量測,2018-11-06,新竹市,東區,新竹市中華路四段與華北路路口,落地型變壓器,6.75,mG,True
O01054,新竹市中華路4段與台灣玻璃對面落地型變壓器量測,2018-11-05,新竹市,香山區,新竹市中華路4段與台灣玻璃對面,落地型變壓器,10.2,mG,True
X10248,澎湖縣湖西鄉沙港國民小學,2018-11-06,澎湖縣,湖西鄉,鼎灣村75號,學校極低頻設施,26.6,mG,True
N01019,彰化縣彰化市四維路69巷2號(全家),2018-11-07,彰化縣,彰化市,四維路69巷2號,無線區域網路(Wi-Fi),3.7E-06,mW/cm<sup>2</sup>,True
N01018,彰化縣彰化市光復路118號(OK),2018-11-07,彰化縣,彰化市,光復路118號,無線區域網路(Wi-Fi),5.1E-06,mW/cm<sup>2</sup>,True
N01014,彰化縣彰化市茄苳路一段276號(7-11),2018-11-06,彰化縣,彰化市,茄苳路一段276號,無線區域網路(Wi-Fi),2E-07,mW/cm<sup>2</sup>,True
X10246,澎湖縣馬公市五德國民小學,2018-10-24,澎湖縣,馬公市,五德里32號,學校極低頻設施,19,mG,True
N01020,彰化縣員林市三民街20號(7-11),2018-11-13,彰化縣,員林鎮,三民街20號,無線區域網路(Wi-Fi),1.8E-06,mW/cm<sup>2</sup>,True
X10243,澎湖縣西嶼鄉外垵國民小學,2018-10-17,澎湖縣,西嶼鄉,外垵村29-3號,學校極低頻設施,6.4,mG,True
Q10329,溪口鄉產業道旁手機基地台,2018-10-30,嘉義縣,溪口鄉,溪口鄉產業道旁,手機基地臺,0.0019,mW/cm<sup>2</sup>,True
D01046,臺南市白河區165縣道及南90縣道附近,2018-10-30,臺南市,白河區,165縣道及南90縣道附近,手機基地臺,1.1E-06,mW/cm<sup>2</sup>,True
D01045,臺南市白河區甘宅里165縣道美雅家具觀光工廠斜對面,2018-10-30,臺南市,白河區,甘宅里165縣道美雅家具觀光工廠斜對面,手機基地臺,0.008,mW/cm<sup>2</sup>,True
Q10333,朴子市故宮大道故宮南院側門M30411落地形變電箱,2018-11-02,嘉義縣,朴子市,朴子市故宮大道故宮南院側門,落地型變壓器,4.712,mG,True
P10375,西螺鎮游泳池外停車處_落地型變壓器(K3165C BB0365),2018-10-24,雲林縣,西螺鎮,游泳池外停車處,落地型變壓器,1.746,mG,True
P10372,西螺鎮明進冷凍設備旁_落地型變壓器(K3163D GB63),2018-10-24,雲林縣,西螺鎮,明進冷凍設備旁,落地型變壓器,1.651,mG,True
Q10324,鹿草鄉馬稠後82快交流系統下手機基地台,2018-09-29,嘉義縣,鹿草鄉,鹿草鄉馬稠後82快交流系統下,手機基地臺,0.0013,mW/cm<sup>2</sup>,True
Q10323,義竹鄉產業道路手機基地台,2018-09-29,嘉義縣,義竹鄉,義竹鄉產業道路嘉29縣道與163縣道處,手機基地臺,0.00309,mW/cm<sup>2</sup>,True
P10371,莿桐鄉三和137號前_落地型變壓器(K3260B FD40),2018-10-24,雲林縣,莿桐鄉,三和137號前,落地型變壓器,4.099,mG,True
N01022,彰化縣員林市中山路一段300號(7-11),2018-11-13,彰化縣,員林鎮,中山路一段300號,無線區域網路(Wi-Fi),9E-07,mW/cm<sup>2</sup>,True
D01041,臺南市玉井區臺84線臺灣中油新玉井站對面,2018-10-26,臺南市,玉井區,臺84線臺灣中油新玉井站對面,手機基地臺,1.4E-06,mW/cm<sup>2</sup>,True
Q10332,民雄鄉三豐路落K3012地形變電箱,2018-10-31,嘉義縣,民雄鄉,三豐路與瑞豐路口,落地型變壓器,0.508,mG,True
Q10331,民農一街與神農二街口手機基地台,2018-10-31,嘉義縣,民雄鄉,民農一街與神農二街口,手機基地臺,0.0019,mW/cm<sup>2</sup>,True
P10369,莿桐鄉天送鐘錶刻印行對面_落地型變壓器(K3557C BB81),2018-10-24,雲林縣,莿桐鄉,天送鐘錶刻印行對面,落地型變壓器,3.875,mG,True
Q10317,太保市市政路19167電線桿旁,2018-09-12,嘉義縣,太保市,太保市春珠麻寮路上,落地型變壓器,2.982,mG,True
X10241,澎湖縣馬公市中興國民小學,2018-10-12,澎湖縣,馬公市,光復路186號,學校極低頻設施,10,mG,True
X10240,澎湖縣白沙鄉講美國民小學,2018-10-12,澎湖縣,白沙鄉,講美村141-1號,學校極低頻設施,4.8,mG,True
P10362,元長鄉農會供銷部雲172號道路旁_落地形變壓器(K1232 AA02),2018-10-23,雲林縣,元長鄉,元長鄉農會供銷部,落地型變壓器,1.676,mG,True
M10224,南投縣南投市民族路289號(7-11),2018-08-08,南投縣,南投市,民族路289號,無線區域網路(Wi-Fi),1E-06,mW/cm<sup>2</sup>,True
M10222,南投縣南投市民族路515號(7-11),2018-08-08,南投縣,南投市,民族路515號,無線區域網路(Wi-Fi),4E-07,mW/cm<sup>2</sup>,True
M10221,南投縣南投市南崗二路581號(7-11),2018-08-07,南投縣,南投市,南崗二路581號,無線區域網路(Wi-Fi),2E-07,mW/cm<sup>2</sup>,True
M10219,南投縣南投市祖祠路16之4號(7-11),2018-08-06,南投縣,南投市,祖祠路16之4號,無線區域網路(Wi-Fi),5.2E-06,mW/cm<sup>2</sup>,True
P10354,斗六市巧新二廠雲科路三段旁_落地形變壓器(K3749 BD5452),2018-10-18,雲林縣,斗六市,巧新科二廠雲科路三段旁,落地型變壓器,3.925,mG,True
M10218,南投市復興路342號(全家),2018-08-06,南投縣,南投市,南投市復興路342號,無線區域網路(Wi-Fi),2.4E-06,mW/cm<sup>2</sup>,True
P10353,斗六市旭硝子斗六二廠北側PD05廢水放流口_落地形變壓器(K3649 HC3925),2018-10-18,雲林縣,斗六市,旭硝子斗六二廠北側PD05廢水放流口,落地型變壓器,2.562,mG,True
M10217,南投縣南投市三和二路30號(郵局),2018-08-06,南投縣,南投市,南投縣南投市三和二路30號,無線區域網路(Wi-Fi),1.15E-05,mW/cm<sup>2</sup>,True
P10356,斗六市豐泰企業前_落地形變壓器(K3849 CD81),2018-10-19,雲林縣,斗六市,斗六市台三線豐泰企業前,落地型變壓器,1.917,mG,True
M10226,南投縣南投市育樂路99號(全家),2018-08-08,南投縣,南投市,育樂路99號,無線區域網路(Wi-Fi),4.4E-06,mW/cm<sup>2</sup>,True
M10225,南投縣南投市復興路311號(7-11),2018-08-08,南投縣,南投市,復興路311號,無線區域網路(Wi-Fi),3E-07,mW/cm<sup>2</sup>,True
P10355,斗六市西平路560號前_落地形變壓器(K3848 EE2902),2018-10-19,雲林縣,斗六市,西平路560號,落地型變壓器,3.614,mG,True
M10223,南投縣南投市彰南路一段573號(7-11),2018-08-08,南投縣,南投市,彰南路一段573號,無線區域網路(Wi-Fi),4.3E-06,mW/cm<sup>2</sup>,True
P10352,斗六市崙仔橋南側_落地形變壓器(K3647 DB8858),2018-10-18,雲林縣,斗六市,崙仔橋南側,落地型變壓器,4.5,mG,True
P10350,斗六市味全廠大門斜對面_落地形變壓器(K3642 BD77),2018-10-18,雲林縣,斗六市,斗六市味全廠大門斜對面,落地型變壓器,2.119,mG,True
P10349,莿桐鄉東籬建案斜對面_落地形變壓器(K3551 EC74),2018-10-18,雲林縣,莿桐鄉,莿桐鄉東籬建案斜對面,落地型變壓器,3.181,mG,True
P10344,土庫鎮中油加油站旁_落地形變壓器(K2193B FC2965),2018-10-17,雲林縣,土庫鎮,土庫鎮台灣中油加油站(直營店),落地型變壓器,1.674,mG,True
U10550,東興三街與林園一街口落地型變壓器量測,2018-08-28,花蓮縣,花蓮市,東興三街與林園一街口,落地型變壓器,7.1,mG,True
D01034,臺南市安南區安中路五段康寧大學旁(2),2018-10-08,臺南市,安南區,安中路五段康寧大學旁(細的塔),手機基地臺,7E-07,mW/cm<sup>2</sup>,True
D01033,臺南市安南區安中路五段康寧大學旁(1),2018-10-08,臺南市,安南區,安中路五段康寧大學旁(粗的塔),手機基地臺,6E-07,mW/cm<sup>2</sup>,True
P10347,莿桐鄉東衛傳播公司前_落地形變壓器(K3652D FB82),2018-10-18,雲林縣,莿桐鄉,莿桐鄉東衛傳播公司,落地型變壓器,2.782,mG,True
P10346,莿桐鄉大美23-2號旁_落地形變壓器(K3652D HB1600),2018-10-18,雲林縣,莿桐鄉,莿桐鄉大美23-2號旁,落地型變壓器,3.338,mG,True
P10345,莿桐鄉大美斗六聯絡道路站(公車站)旁_落地形變壓器(K3752C AC91),2018-10-18,雲林縣,莿桐鄉,莿桐鄉大美斗六聯絡道路站(公車站)旁,落地型變壓器,2.474,mG,True
U10549,民族路與中美一街口落地型變壓器量測,2018-08-28,花蓮縣,花蓮市,民族路與中美一街口,落地型變壓器,3.9,mG,True
X10238,湖西鄉湖東村基地台-2,2018-10-04,澎湖縣,湖西鄉,湖東村,手機基地臺,0.05,mW/cm<sup>2</sup>,True
X10237,湖西鄉湖東村基地台-1,2018-10-04,澎湖縣,湖西鄉,湖東村,手機基地臺,0.066,mW/cm<sup>2</sup>,True
X10236,湖西鄉沙港村基地台,2018-10-04,澎湖縣,湖西鄉,沙港村,手機基地臺,0.032,mW/cm<sup>2</sup>,True
P10343,土庫鎮鎮民代表會前_落地形變壓器(K2140C BB1272),2018-10-17,雲林縣,土庫鎮,土庫鎮鎮民代表會前,落地型變壓器,1.678,mG,True
P10342,古坑鄉省記甕仔雞斜對面_落地形變壓器(K4036 AE34),2018-10-12,雲林縣,古坑鄉,古坑鄉省記甕仔雞斜對面,落地型變壓器,1.8,mG,True
P10340,古坑鄉森發傢俱行前_落地形變壓器(K4331 AB3681),2018-10-12,雲林縣,古坑鄉,古坑鄉森發傢俱行,落地型變壓器,3.827,mG,True
P10341,古坑鄉中華路口與中山路口(中華電信下)_落地形變壓器(K4331 AB4875),2018-10-12,雲林縣,古坑鄉,古坑鄉中華路口與中山路口(中華電信下),落地型變壓器,3.396,mG,True
P10339,古坑鄉中山路6-4號對面(K4230FC8464),2018-10-11,雲林縣,古坑鄉,古坑鄉中山路6-4號對面,落地型變壓器,1.665,mG,True
D01032,臺南市安南區北汕尾二路800巷,2018-10-08,臺南市,安南區,北汕尾二路800巷,手機基地臺,2E-06,mW/cm<sup>2</sup>,True
D01031,臺南市安南區四草里四草大道80巷,2018-10-08,臺南市,安南區,四草里四草大道80巷,手機基地臺,2.7E-06,mW/cm<sup>2</sup>,True
D01029,臺南市新市區國道8號與新港社大道旁,2018-10-01,臺南市,新市區,國道8號與新港社大道旁,手機基地臺,8E-07,mW/cm<sup>2</sup>,True
U10547,化道路與中美路口落地型變壓器量測,2018-08-28,花蓮縣,花蓮市,化道路與中美路口,落地型變壓器,68,mG,True
U10546,化道路與中美三街口落地型變壓器量測,2018-08-28,花蓮縣,花蓮市,化道路與中美三街口,落地型變壓器,7.6,mG,True
O01047,新竹市香山區延平路二段963號對面落地型變壓器量測,2018-04-19,新竹市,香山區,新竹市香山區延平路二段963號對面,落地型變壓器,5.96,mG,True
O01044,新竹市延平路二段811巷口落地型變壓器量測,2018-04-18,新竹市,香山區,新竹市延平路二段811巷口,落地型變壓器,3.26,mG,True
O01043,新竹市延平路二段865巷口落地型變壓器量測,2018-04-18,新竹市,香山區,新竹市延平路二段865巷口(空軍圍牆旁),落地型變壓器,5.66,mG,True
P10348,莿桐鄉亞世家企業停車場外_落地形變壓器(K3652C DA14),2018-10-18,雲林縣,莿桐鄉,莿桐鄉亞世家企業停車場外,落地型變壓器,4.027,mG,True
O01046,新竹市延平路二段落地型變壓器量測,2018-04-16,新竹市,香山區,新竹市延平路二段(近海巡署北部分署第八岸巡隊),落地型變壓器,5.21,mG,True
X10235,白沙鄉瓦硐村基地台,2018-09-28,澎湖縣,白沙鄉,瓦硐村,手機基地臺,0.066,mW/cm<sup>2</sup>,True
O01042,新竹市延平路二段865號對面落地型變壓器量測,2018-04-16,新竹市,東區,新竹市延平路二段865號對面,落地型變壓器,2.84,mG,True
O01041,新竹市延平路二段681號前落地型變壓器量測,2018-04-16,新竹市,香山區,新竹市延平路二段681號前(指澤宮前),落地型變壓器,5.01,mG,True
D01030,臺南市新市區大社里470號南140鄉道,2018-10-01,臺南市,新市區,大社里470號南140鄉道,手機基地臺,3E-07,mW/cm<sup>2</sup>,True
U10548,化道路與中美二街口落地型變壓器量測,2018-08-28,花蓮縣,花蓮市,化道路與中美二街口,落地型變壓器,38.6,mG,True
O01039,新竹市南勢十街量測,2018-04-17,新竹市,北區,新竹市南勢十街與南勢十二街路口,落地型變壓器,0,mG,True
O01038,新竹市香山區延平路二段華江街路口量測,2018-04-17,新竹市,香山區,新竹市香山區延平路二段華江街路口,落地型變壓器,5.48,mG,True
P10357,斗六市虎溪豐泰公車站旁_落地形變壓器(K3849 CD73),2018-10-19,雲林縣,斗六市,虎溪豐泰公車站旁,落地型變壓器,7.417,mG,True
O01040,新竹市延平路一段375巷落地型變壓器量測,2018-04-12,新竹市,北區,新竹市延平路一段375巷與南勢街路口,落地型變壓器,6.31,mG,True
P10358,二崙鄉仁和路330號旁_落地形變壓器(K2459C AB53),2018-10-19,雲林縣,二崙鄉,仁和路330號旁,落地型變壓器,1.676,mG,True
N01017,彰化縣彰化市泰和路一段182號1樓(全家),2018-11-07,彰化縣,彰化市,泰和路一段182號1樓,無線區域網路(Wi-Fi),4E-07,mW/cm<sup>2</sup>,True
M10205,草屯鎮府西路23號,2018-05-04,南投縣,草屯鎮,府西路23號,落地型變壓器,18.62,mG,True
M10206,草屯鎮中興路322號,2018-05-04,南投縣,南投市,中興路322號,落地型變壓器,21.6,mG,True
M10199,南投市三和二路二街21號對面,2018-04-10,南投縣,南投市,三和二路二街21號,落地型變壓器,35.5,mG,True
M10198,南投市三和二路85號對面,2018-04-10,南投縣,南投市,三和二路85號,落地型變壓器,14.22,mG,True
M10204,南投市育樂路71巷口,2018-04-19,南投縣,南投市,育樂路71,落地型變壓器,33.7,mG,True
M10196,南投市三和一路24號對面,2018-04-03,南投縣,南投市,南投市三和一路24號,落地型變壓器,60.3,mG,True
M10193,南投市文化南路51巷路口,2018-04-03,南投縣,南投市,南投市文化南路51巷,落地型變壓器,14.32,mG,True
M10202,南投市民生路60-2號,2018-04-19,南投縣,南投市,民生路60-2號,落地型變壓器,40.9,mG,True
M10215,南投市營中路166號,2018-05-24,南投縣,南投市,營中路166號,站臺式變壓器,14.35,mG,True
M10200,南投市果稟路101號,2018-04-17,南投縣,南投市,果稟路101號,落地型變壓器,5.93,mG,True
M10195,南投市中山南街147號,2018-04-03,南投縣,南投市,南投市中山南街147號,落地型變壓器,73.5,mG,True
M10194,南投市文化南路104巷路口,2018-04-03,南投縣,南投市,南投市文化南路104巷路口,落地型變壓器,34.7,mG,True
M10192,草屯鎮太平路一段133號,2018-03-19,南投縣,草屯鎮,草屯鎮太平路一段133號,落地型變壓器,16.32,mG,True
M10214,草屯鎮太平路一段351巷139號,2018-05-24,南投縣,草屯鎮,太平路一段351巷139號,站臺式變壓器,5.66,mG,True
M10213,草屯鎮富林路三段40號,2018-05-24,南投縣,草屯鎮,富林路三段40號,站臺式變壓器,1.33,mG,True
M10212,南投市南新路351巷9號,2018-05-16,南投縣,南投市,南新路351巷9號,站臺式變壓器,1.56,mG,True
M10209,南投市光明南路12號,2018-05-16,南投縣,南投市,光明南路12號,站臺式變壓器,4.25,mG,True
M10210,南投市華陽路320號,2018-05-16,南投縣,南投市,華陽路320號,站臺式變壓器,2.42,mG,True
M10211,南投市彰南路二段407號,2018-05-16,南投縣,南投市,彰南路二段407號,站臺式變壓器,2.49,mG,True
M10203,南投市信義街351巷,2018-04-19,南投縣,南投市,信義街351巷,落地型變壓器,32.2,mG,True
M10220,南投縣南投市南崗二路403號(全家),2018-08-07,南投縣,南投市,南崗二路403號,無線區域網路(Wi-Fi),2.2E-06,mW/cm<sup>2</sup>,True
P10351,20181018_斗六市長平派出所旁_落地形變壓器(K3544 GD69),2018-10-18,雲林縣,斗六市,斗六市長平派出所旁,落地型變壓器,3.843,mG,True
N01027,彰化縣花壇鄉中正路356號(全家),2018-11-14,彰化縣,花壇鄉,中正路356號,無線區域網路(Wi-Fi),4E-07,mW/cm<sup>2</sup>,True
N01026,彰化縣永靖鄉永福路一段157號(全家),2018-11-13,彰化縣,永靖鄉,永福路一段157號,無線區域網路(Wi-Fi),3E-07,mW/cm<sup>2</sup>,True
O01055,新竹市中華路4段與東華路路口落地型變壓器量測,2018-11-05,新竹市,香山區,新竹市中華路4段與東華路路口,落地型變壓器,1.91,mG,True
X10247,澎湖縣隘門國民小學,2018-11-09,澎湖縣,湖西鄉,隘門村15號,學校極低頻設施,7.1,mG,True
H01222,A10山鼻站,2018-10-26,桃園市,蘆竹區,南山路三段155號,鐵路/捷運系統,2.9,mG,True
D01039,臺南市麻豆區新生北路省道19甲,2018-10-23,臺南市,麻豆區,新生北路省道19甲,手機基地臺,6E-07,mW/cm<sup>2</sup>,True
H01219,A15大園站,2018-10-26,桃園市,大園區,橫湳路一段50號,鐵路/捷運系統,1.3,mG,True
M10236,南投縣竹山鎮大智路57號(7-11),2018-10-19,南投縣,竹山鎮,大智路57號,無線區域網路(Wi-Fi),9E-07,mW/cm<sup>2</sup>,True
M10235,南投縣竹山鎮集山路三段129號(全家),2018-10-19,南投縣,竹山鎮,集山路三段129號,無線區域網路(Wi-Fi),2.5E-06,mW/cm<sup>2</sup>,True
M10234,南投縣竹山鎮集山路二段58號(7-11),2018-10-19,南投縣,竹山鎮,集山路二段58號,無線區域網路(Wi-Fi),1.4E-06,mW/cm<sup>2</sup>,True
M10233,南投縣竹山鎮延正路45之30號(7-11),2018-10-01,南投縣,竹山鎮,延正路45之30號,無線區域網路(Wi-Fi),5E-06,mW/cm<sup>2</sup>,True
M10232,南投縣南投市中山一街6號(中華電信),2018-09-21,南投縣,南投市,中山一街6號,無線區域網路(Wi-Fi),2.7E-06,mW/cm<sup>2</sup>,True
M10231,南投縣南投市彰南路三段53號(全家),2018-09-21,南投縣,南投市,彰南路三段53號,無線區域網路(Wi-Fi),5E-07,mW/cm<sup>2</sup>,True
M10230,南投縣草屯鎮中正路885號(7-11),2018-09-13,南投縣,草屯鎮,中正路885號,無線區域網路(Wi-Fi),4E-07,mW/cm<sup>2</sup>,True
V00968,瀧溪火車站旁,2018-10-25,臺東縣,太麻里鄉,多良村大溪37號,手機基地臺,0.00174,mW/cm<sup>2</sup>,True
O01049,新竹市中華路與五福路口落地型變壓器量測,2018-11-05,新竹市,香山區,新竹市中華路六段與五福路路口(天橋下),落地型變壓器,2.61,mG,True
N01016,彰化縣彰化市中山路三段306號(7-11),2018-11-06,彰化縣,彰化市,中山路三段306號,無線區域網路(Wi-Fi),2.6E-06,mW/cm<sup>2</sup>,True
D01047,臺南市官田區八田路與南119縣道附近,2018-10-26,臺南市,官田區,八田路與南119縣道附近,手機基地臺,1.1E-06,mW/cm<sup>2</sup>,True
N01021,彰化縣員林市莒光路379號(7-11),2018-11-13,彰化縣,員林鎮,莒光路379號,無線區域網路(Wi-Fi),6E-07,mW/cm<sup>2</sup>,True
P10373,西螺鎮立峯汽車電機行前_落地型變壓器(K3163D GB38),2018-10-24,雲林縣,西螺鎮,立峯汽車電機行前,落地型變壓器,1.66,mG,True
P10366,土庫鎮復興路往市區方向道路旁_落地形變壓器(K2140 AD22),2018-10-23,雲林縣,土庫鎮,復興路往市區方向道路旁,落地型變壓器,1.686,mG,True
P10365,土庫鎮農田水利會土庫工作站_落地形變壓器(K2139A DD3085),2018-10-23,雲林縣,土庫鎮,農田水利會土庫工作站,落地型變壓器,1.676,mG,True
P10364,元長鄉農田水利會中坑工作站外_落地形變壓器(K1330 CD06),2018-10-23,雲林縣,元長鄉,元長鄉農田水利會中坑工作站,落地型變壓器,1.672,mG,True
P10363,元長鄉雲172號道路旁1.5公里處_落地形變壓器(K1231 FB28),2018-10-23,雲林縣,元長鄉,雲172號道路旁1.5公里處,落地型變壓器,1.659,mG,True
P10361,西螺鎮延平路237號前_落地形變壓器(K2966B HC37),2018-10-19,雲林縣,西螺鎮,延平路237號,落地型變壓器,2.762,mG,True
M10227,南投縣草屯鎮中正路629號(中華電信),2018-09-13,南投縣,草屯鎮,中正路629號,無線區域網路(Wi-Fi),1.3E-06,mW/cm<sup>2</sup>,True
N01015,彰化縣彰化市實踐路48號(全家),2018-11-06,彰化縣,彰化市,實踐路48號,無線區域網路(Wi-Fi),2E-06,mW/cm<sup>2</sup>,True
X10245,澎湖縣西嶼鄉大池國民小學,2018-10-22,澎湖縣,西嶼鄉,大池村129號,學校極低頻設施,6.5,mG,True
X10244,澎湖縣湖西鄉西溪國民小學,2018-10-19,澎湖縣,湖西鄉,西溪村129號,學校極低頻設施,11.5,mG,True
P10370,莿桐鄉日統客運埤源加油站牌處_落地型變壓器(K3260D FC50),2018-10-24,雲林縣,莿桐鄉,日統客運埤源加油站牌處,落地型變壓器,3.392,mG,True
P10374,西螺鎮大同路與興農西路路口_落地型變壓器(K3165C BB25),2018-10-24,雲林縣,西螺鎮,大同路與興農西路路口,落地型變壓器,6.422,mG,True
P10367,莿桐鄉農會前_落地形變壓器(K3556B ED79),2018-10-24,雲林縣,莿桐鄉,農會,落地型變壓器,2.688,mG,True
X10242,澎湖縣馬公市風櫃國民小學,2018-10-15,澎湖縣,馬公市,風櫃里66號,學校極低頻設施,6.4,mG,True
P10368,莿桐鄉消防分隊對面_落地型變壓器(K3557 BB72),2018-10-24,雲林縣,莿桐鄉,消防分隊,落地型變壓器,1.784,mG,True
Q10318,太保市台37縣與台鐵6路口手機基地台,2018-07-26,嘉義縣,太保市,太保市台37縣與台鐵6路口,手機基地臺,0.00262,mW/cm<sup>2</sup>,True
Q10316,太保市春珠麻寮路019233電線桿旁,2018-10-12,嘉義縣,太保市,太保市春珠麻寮路019233電線桿旁,落地型變壓器,3.807,mG,True
P10360,西螺鎮延平路429-1號前_落地形變壓器(K2966C AB8810),2018-10-19,雲林縣,西螺鎮,延平路429-1號,落地型變壓器,1.691,mG,True
P10359,西螺鎮福田里社口68-21號前_落地形變壓器(K2663 EC02),2018-10-19,雲林縣,西螺鎮,福田里社口68-21號,落地型變壓器,1.97,mG,True
H01226,中工變電所,2018-10-29,桃園市,中壢區,中壢工業區東園路25號,變電所,18.5,mG,True
H01225,中壢區青昇路與大仁路口落地型變壓器量測,2018-10-26,桃園市,中壢區,青昇路與大仁路交叉口,落地型變壓器,7.4,mG,True
H01224,中壢區青峰路一段與青心路口落地型變壓器量測,2018-10-29,桃園市,中壢區,青峰路一段與青心路交叉口,落地型變壓器,6.1,mG,True
